date,region,latitude,longitude,operation_type,clima,umidade_solo,inclinacao,distancia_agua,velocidade,historico_sinistros,chuva_mm,solo_instavel,clima_code,operation_code,temperatura_c,umidade_ar,pressao_hpa,distancia_obstaculo,gps_accuracy_m,wind_speed_m_s,source,risk_score
20240101,Guarulhos - SP,-23.455,-46.533,transporte,garoa,25.55,10.4,199.95,10.2,4.5,0.16,0,4.0,1.0,22.83,72.25,934.9,7.27,3.1,4.42,NASA POWER Daily API,42.92
20240102,Guarulhos - SP,-23.455,-46.533,campo,garoa,39.39,8.21,215.82,13.92,2.5,1.54,0,4.0,0.0,23.46,74.77,933.2,10.49,2.92,3.14,NASA POWER Daily API,46.55
20240103,Guarulhos - SP,-23.455,-46.533,proximidade_agua,chuva,54.9,7.41,62.12,12.58,4.5,7.66,0,2.0,2.0,23.98,79.43,932.1,12.25,6.06,3.16,NASA POWER Daily API,75.74
20240104,Guarulhos - SP,-23.455,-46.533,campo,chuva,64.06,14.85,85.45,9.04,2.5,5.42,0,2.0,0.0,23.53,80.6,932.8,13.27,9.22,4.02,NASA POWER Daily API,64.4
20240105,Guarulhos - SP,-23.455,-46.533,campo,garoa,61.47,5.36,175.3,14.87,3.5,3.92,0,4.0,0.0,22.99,78.49,933.4,12.38,3.43,3.69,NASA POWER Daily API,55.77
20240106,Guarulhos - SP,-23.455,-46.533,transporte,garoa,71.17,8.7,194.07,19.56,2.5,3.75,0,4.0,1.0,23.37,76.73,934.0,7.88,5.81,3.61,NASA POWER Daily API,65.69
20240107,Guarulhos - SP,-23.455,-46.533,transporte,garoa,59.18,6.98,80.02,16.0,2.5,1.04,0,4.0,1.0,25.27,69.2,933.7,30.58,3.08,2.76,NASA POWER Daily API,56.28
20240108,Guarulhos - SP,-23.455,-46.533,campo,chuva,79.27,6.93,133.83,13.49,2.5,9.6,1,2.0,0.0,27.32,65.52,932.9,15.7,4.09,2.86,NASA POWER Daily API,84.81
20240109,Guarulhos - SP,-23.455,-46.533,campo,garoa,83.46,7.39,11.57,6.71,2.5,1.58,0,4.0,0.0,27.45,63.24,934.1,11.85,5.36,3.07,NASA POWER Daily API,73.4
20240110,Guarulhos - SP,-23.455,-46.533,transporte,garoa,77.37,8.51,173.18,17.05,3.5,4.67,0,4.0,1.0,27.07,68.09,934.1,5.23,4.02,1.85,NASA POWER Daily API,67.23
20240111,Guarulhos - SP,-23.455,-46.533,transporte,chuva,86.34,6.5,121.06,20.38,3.5,6.54,1,2.0,1.0,26.83,70.2,932.8,6.73,3.92,4.53,NASA POWER Daily API,94.34
20240112,Guarulhos - SP,-23.455,-46.533,transporte,tempestade,100.0,3.37,7.57,11.22,4.5,27.43,1,3.0,1.0,24.74,79.17,932.4,25.39,4.07,4.71,NASA POWER Daily API,100.0
20240113,Guarulhos - SP,-23.455,-46.533,transporte,chuva,100.0,7.34,39.25,16.0,3.5,12.31,1,2.0,1.0,21.75,89.02,935.8,11.16,5.64,5.08,NASA POWER Daily API,100.0
20240114,Guarulhos - SP,-23.455,-46.533,campo,garoa,100.0,8.23,74.99,12.79,2.5,2.11,0,4.0,0.0,24.05,80.94,935.9,33.84,4.34,1.84,NASA POWER Daily API,68.2
20240115,Guarulhos - SP,-23.455,-46.533,campo,garoa,100.0,8.7,235.53,15.35,2.5,3.36,0,4.0,0.0,26.63,72.8,934.7,29.67,2.58,2.51,NASA POWER Daily API,68.66
20240116,Guarulhos - SP,-23.455,-46.533,campo,garoa,100.0,6.75,5.0,14.8,2.5,0.52,0,4.0,0.0,27.69,67.99,934.6,1.83,2.83,3.21,NASA POWER Daily API,94.73
20240117,Guarulhos - SP,-23.455,-46.533,transporte,chuva,100.0,14.39,367.68,20.24,2.5,5.23,1,2.0,1.0,27.77,66.3,935.1,0.97,5.74,3.81,NASA POWER Daily API,100.0
20240118,Guarulhos - SP,-23.455,-46.533,campo,chuva,100.0,6.04,108.03,15.61,3.5,9.91,1,2.0,0.0,26.68,76.02,934.3,2.76,1.97,1.99,NASA POWER Daily API,100.0
20240119,Guarulhos - SP,-23.455,-46.533,transporte,chuva,100.0,13.66,131.07,22.28,3.5,9.55,1,2.0,1.0,25.82,78.33,932.6,2.95,3.32,4.48,NASA POWER Daily API,100.0
20240120,Guarulhos - SP,-23.455,-46.533,campo,chuva,100.0,10.68,43.25,14.98,2.5,10.08,1,2.0,0.0,24.89,82.98,930.8,6.37,4.84,5.75,NASA POWER Daily API,100.0
20240121,Guarulhos - SP,-23.455,-46.533,proximidade_agua,chuva,100.0,6.54,15.82,0.72,6.5,12.78,1,2.0,2.0,23.11,86.54,933.3,25.55,5.59,5.98,NASA POWER Daily API,100.0
20240122,Guarulhos - SP,-23.455,-46.533,transporte,garoa,100.0,9.37,250.54,19.4,3.5,3.57,0,4.0,1.0,21.94,84.76,935.8,35.46,12.78,5.05,NASA POWER Daily API,76.7
20240123,Guarulhos - SP,-23.455,-46.533,campo,tempestade,100.0,12.68,25.9,4.96,5.5,25.1,1,3.0,0.0,20.02,90.33,934.3,10.18,10.74,5.17,NASA POWER Daily API,100.0
20240124,Guarulhos - SP,-23.455,-46.533,campo,garoa,100.0,1.44,115.86,7.89,2.5,2.64,0,4.0,0.0,20.12,83.32,932.6,3.21,4.12,4.03,NASA POWER Daily API,51.18
20240125,Guarulhos - SP,-23.455,-46.533,transporte,chuva,100.0,8.1,78.85,16.59,2.5,7.79,1,2.0,1.0,19.94,87.49,932.0,12.32,10.34,4.96,NASA POWER Daily API,98.37
20240126,Guarulhos - SP,-23.455,-46.533,campo,garoa,100.0,7.28,140.61,12.3,2.5,4.1,0,4.0,0.0,19.55,88.57,934.1,8.05,5.62,6.28,NASA POWER Daily API,64.89
20240127,Guarulhos - SP,-23.455,-46.533,manutencao,garoa,100.0,5.27,95.57,1.08,3.5,2.78,0,4.0,3.0,21.88,82.92,934.3,23.23,3.32,3.72,NASA POWER Daily API,48.85
20240128,Guarulhos - SP,-23.455,-46.533,transporte,chuva,100.0,7.48,29.69,15.58,2.5,8.68,1,2.0,1.0,23.21,78.51,934.9,21.49,4.7,2.0,NASA POWER Daily API,100.0
20240129,Guarulhos - SP,-23.455,-46.533,proximidade_agua,garoa,100.0,14.81,10.57,2.98,3.5,0.74,1,4.0,2.0,23.73,74.74,934.3,2.43,4.04,2.97,NASA POWER Daily API,100.0
20240130,Guarulhos - SP,-23.455,-46.533,campo,garoa,80.01,4.84,99.15,15.48,2.5,0.16,0,4.0,0.0,24.61,70.33,933.6,5.17,4.6,2.47,NASA POWER Daily API,55.81
20240131,Guarulhos - SP,-23.455,-46.533,campo,chuva,82.88,7.15,139.73,8.83,2.5,5.63,1,2.0,0.0,24.02,77.17,935.0,19.34,5.4,1.28,NASA POWER Daily API,76.38
20240201,Guarulhos - SP,-23.455,-46.533,campo,garoa,71.45,8.0,58.67,13.2,2.5,1.86,0,4.0,0.0,22.67,76.9,937.5,80.0,15.66,2.8,NASA POWER Daily API,64.5
20240202,Guarulhos - SP,-23.455,-46.533,transporte,chuva,96.09,5.56,25.45,23.03,2.5,11.05,1,2.0,1.0,22.05,85.17,938.8,11.66,1.9,3.04,NASA POWER Daily API,100.0
20240203,Guarulhos - SP,-23.455,-46.533,proximidade_agua,garoa,85.72,4.45,79.92,8.91,3.5,2.3,0,4.0,2.0,23.55,81.23,938.3,6.7,4.31,2.14,NASA POWER Daily API,59.78
20240204,Guarulhos - SP,-23.455,-46.533,campo,chuva,90.81,0.0,99.87,11.97,2.5,6.88,1,2.0,0.0,24.02,77.51,937.3,5.19,1.88,1.78,NASA POWER Daily API,76.21
20240205,Guarulhos - SP,-23.455,-46.533,campo,garoa,84.17,3.09,193.43,10.48,2.5,0.38,0,4.0,0.0,23.64,74.7,936.8,2.72,4.12,2.66,NASA POWER Daily API,54.96
20240206,Guarulhos - SP,-23.455,-46.533,manutencao,garoa,79.02,13.54,220.08,9.96,3.5,0.16,1,4.0,3.0,23.7,76.55,937.5,16.23,4.21,2.34,NASA POWER Daily API,75.63
20240207,Guarulhos - SP,-23.455,-46.533,transporte,garoa,63.43,11.17,19.84,22.51,3.5,0.11,0,4.0,1.0,24.25,75.16,935.5,22.48,7.49,2.54,NASA POWER Daily API,89.29
20240208,Guarulhos - SP,-23.455,-46.533,transporte,garoa,68.15,2.97,114.31,13.71,3.5,0.17,0,4.0,1.0,24.55,75.49,934.9,13.54,3.37,3.16,NASA POWER Daily API,50.14
20240209,Guarulhos - SP,-23.455,-46.533,manutencao,garoa,50.28,4.11,62.95,9.29,2.5,0.92,0,4.0,3.0,24.62,76.95,936.0,13.18,1.4,3.63,NASA POWER Daily API,47.06
20240210,Guarulhos - SP,-23.455,-46.533,campo,garoa,44.74,9.32,257.38,2.7,3.5,0.12,0,4.0,0.0,25.13,73.14,937.5,1.64,11.15,3.58,NASA POWER Daily API,41.8
20240211,Guarulhos - SP,-23.455,-46.533,transporte,garoa,39.19,6.17,189.17,23.72,4.5,0.73,0,4.0,1.0,25.9,72.03,937.4,3.25,4.57,2.49,NASA POWER Daily API,59.84
20240212,Guarulhos - SP,-23.455,-46.533,campo,garoa,41.24,11.2,30.02,11.09,3.5,2.91,0,4.0,0.0,26.84,68.14,937.5,3.38,5.54,3.4,NASA POWER Daily API,67.85
20240213,Guarulhos - SP,-23.455,-46.533,campo,chuva,55.78,12.25,192.83,14.92,2.5,7.25,0,2.0,0.0,26.5,71.22,936.7,67.44,4.42,4.43,NASA POWER Daily API,66.64
20240214,Guarulhos - SP,-23.455,-46.533,campo,tempestade,100.0,6.54,129.17,14.82,3.5,25.62,1,3.0,0.0,23.18,87.61,936.0,1.61,3.2,4.03,NASA POWER Daily API,100.0
20240215,Guarulhos - SP,-23.455,-46.533,campo,chuva,100.0,8.88,5.0,0.6,3.5,8.38,1,2.0,0.0,21.76,89.29,936.3,11.43,7.29,5.3,NASA POWER Daily API,100.0
20240216,Guarulhos - SP,-23.455,-46.533,manutencao,garoa,100.0,8.44,184.61,8.98,2.5,0.47,0,4.0,3.0,21.85,84.27,935.7,3.78,4.49,2.62,NASA POWER Daily API,57.61
20240217,Guarulhos - SP,-23.455,-46.533,transporte,garoa,100.0,6.74,164.3,17.57,2.5,1.91,0,4.0,1.0,22.33,83.83,933.7,16.25,1.66,2.18,NASA POWER Daily API,68.07
20240218,Guarulhos - SP,-23.455,-46.533,transporte,chuva,100.0,0.53,62.35,21.61,4.5,6.39,1,2.0,1.0,22.25,84.86,932.4,26.08,4.77,2.01,NASA POWER Daily API,100.0
20240219,Guarulhos - SP,-23.455,-46.533,campo,garoa,100.0,12.33,127.83,7.95,2.5,2.34,1,4.0,0.0,23.27,80.63,930.5,1.81,3.04,2.2,NASA POWER Daily API,84.55
20240220,Guarulhos - SP,-23.455,-46.533,campo,chuva,100.0,13.51,5.0,12.35,3.5,11.81,1,2.0,0.0,23.32,82.64,929.3,6.52,1.81,2.23,NASA POWER Daily API,100.0
20240221,Guarulhos - SP,-23.455,-46.533,campo,chuva,100.0,6.29,29.07,6.82,4.5,18.64,1,2.0,0.0,22.88,86.96,929.7,10.42,10.24,2.8,NASA POWER Daily API,100.0
20240222,Guarulhos - SP,-23.455,-46.533,campo,garoa,100.0,11.42,91.82,16.61,2.5,3.37,0,4.0,0.0,24.26,82.49,931.5,6.52,6.0,1.85,NASA POWER Daily API,73.33
20240223,Guarulhos - SP,-23.455,-46.533,campo,chuva,100.0,8.22,133.62,16.2,2.5,5.39,1,2.0,0.0,25.42,80.82,934.8,10.14,4.88,2.25,NASA POWER Daily API,91.64
20240224,Guarulhos - SP,-23.455,-46.533,campo,chuva,100.0,2.91,5.0,6.24,2.5,6.09,1,2.0,0.0,25.15,82.78,938.3,5.59,14.37,2.64,NASA POWER Daily API,99.54
20240225,Guarulhos - SP,-23.455,-46.533,campo,garoa,100.0,9.11,85.4,10.5,3.5,1.83,0,4.0,0.0,24.17,85.36,940.0,5.35,8.89,3.43,NASA POWER Daily API,64.81
20240226,Guarulhos - SP,-23.455,-46.533,campo,garoa,100.0,16.31,138.96,18.16,4.5,2.4,1,4.0,0.0,23.67,86.76,938.1,6.28,3.23,4.32,NASA POWER Daily API,99.7
20240227,Guarulhos - SP,-23.455,-46.533,campo,garoa,89.12,10.13,212.25,13.58,2.5,0.59,0,4.0,0.0,25.39,79.6,934.2,11.37,4.18,2.79,NASA POWER Daily API,62.09
20240228,Guarulhos - SP,-23.455,-46.533,campo,garoa,57.25,6.93,5.0,5.11,2.5,1.34,0,4.0,0.0,26.0,77.54,933.5,17.3,3.33,3.56,NASA POWER Daily API,64.84
20240229,Guarulhos - SP,-23.455,-46.533,campo,garoa,55.85,6.26,325.74,13.6,2.5,2.94,0,4.0,0.0,24.72,85.68,934.8,11.49,2.1,2.34,NASA POWER Daily API,50.41
20240301,Guarulhos - SP,-23.455,-46.533,campo,garoa,71.01,7.72,187.22,13.04,2.5,4.29,0,4.0,0.0,23.88,86.3,934.3,3.84,8.12,3.5,NASA POWER Daily API,57.24
20240302,Guarulhos - SP,-23.455,-46.533,manutencao,garoa,51.51,5.16,233.54,7.06,2.5,0.69,0,4.0,3.0,22.09,80.66,935.7,4.85,11.03,3.75,NASA POWER Daily API,37.43
20240303,Guarulhos - SP,-23.455,-46.533,transporte,garoa,55.2,13.01,89.25,14.69,3.5,0.63,0,4.0,1.0,23.05,79.4,934.4,1.67,7.03,2.74,NASA POWER Daily API,64.72
20240304,Guarulhos - SP,-23.455,-46.533,campo,garoa,57.38,0.34,53.14,4.26,3.5,1.26,0,4.0,0.0,24.83,76.78,934.0,6.23,4.31,2.72,NASA POWER Daily API,44.5
20240305,Guarulhos - SP,-23.455,-46.533,transporte,chuva,68.3,4.77,180.08,21.15,3.5,6.97,0,2.0,1.0,25.18,77.56,934.4,9.79,15.17,3.05,NASA POWER Daily API,72.39
20240306,Guarulhos - SP,-23.455,-46.533,transporte,tempestade,100.0,5.59,32.26,10.26,3.5,26.13,1,3.0,1.0,22.9,89.18,936.2,3.18,4.76,3.34,NASA POWER Daily API,100.0
20240307,Guarulhos - SP,-23.455,-46.533,proximidade_agua,chuva,100.0,5.55,196.52,10.41,2.5,7.68,1,2.0,2.0,22.97,88.42,938.2,3.97,6.7,4.48,NASA POWER Daily API,88.29
20240308,Guarulhos - SP,-23.455,-46.533,campo,chuva,100.0,7.78,142.27,6.77,2.5,9.88,1,2.0,0.0,23.58,86.48,937.2,1.86,10.33,3.2,NASA POWER Daily API,89.81
20240309,Guarulhos - SP,-23.455,-46.533,campo,chuva,100.0,9.16,5.0,6.14,4.5,5.45,1,2.0,0.0,25.08,82.95,934.0,49.28,2.59,3.19,NASA POWER Daily API,100.0
20240310,Guarulhos - SP,-23.455,-46.533,campo,chuva,100.0,13.16,16.1,12.48,3.5,5.37,1,2.0,0.0,24.43,84.83,934.3,4.94,2.0,4.36,NASA POWER Daily API,100.0
20240311,Guarulhos - SP,-23.455,-46.533,campo,garoa,100.0,6.33,189.07,12.89,3.5,1.61,0,4.0,0.0,22.24,85.18,937.4,4.27,9.98,3.6,NASA POWER Daily API,63.44
20240312,Guarulhos - SP,-23.455,-46.533,campo,garoa,100.0,9.73,184.85,13.93,2.5,0.72,0,4.0,0.0,21.47,82.89,937.9,12.32,2.8,2.65,NASA POWER Daily API,65.23
20240313,Guarulhos - SP,-23.455,-46.533,transporte,garoa,77.69,9.43,51.44,13.14,3.5,0.77,0,4.0,1.0,23.31,84.0,936.6,4.12,11.0,2.62,NASA POWER Daily API,71.1
20240314,Guarulhos - SP,-23.455,-46.533,proximidade_agua,garoa,71.88,8.86,67.33,10.07,2.5,0.41,0,4.0,2.0,25.04,80.49,935.3,5.0,10.48,2.44,NASA POWER Daily API,61.75
20240315,Guarulhos - SP,-23.455,-46.533,campo,garoa,42.31,13.15,336.69,10.17,2.5,0.07,0,4.0,0.0,26.34,76.17,933.0,5.5,4.23,2.9,NASA POWER Daily API,46.54
20240316,Guarulhos - SP,-23.455,-46.533,proximidade_agua,garoa,36.34,9.85,164.58,1.22,4.5,0.46,0,4.0,2.0,28.35,64.02,931.7,5.36,4.58,2.4,NASA POWER Daily API,38.86
20240317,Guarulhos - SP,-23.455,-46.533,transporte,garoa,38.36,8.53,86.81,26.79,2.5,4.35,0,4.0,1.0,27.57,71.13,932.9,36.04,2.7,3.29,NASA POWER Daily API,66.31
20240318,Guarulhos - SP,-23.455,-46.533,campo,chuva,63.4,5.22,135.08,16.68,2.5,6.48,0,2.0,0.0,25.56,83.56,933.8,1.48,4.91,2.02,NASA POWER Daily API,75.22
20240319,Guarulhos - SP,-23.455,-46.533,campo,garoa,61.53,7.74,5.0,4.36,3.5,3.12,0,4.0,0.0,25.16,85.72,933.2,0.65,7.63,1.93,NASA POWER Daily API,82.06
20240320,Guarulhos - SP,-23.455,-46.533,transporte,garoa,59.69,3.79,191.04,20.28,3.5,2.45,0,4.0,1.0,25.72,81.08,931.2,11.01,6.13,1.74,NASA POWER Daily API,59.11
20240321,Guarulhos - SP,-23.455,-46.533,transporte,garoa,65.63,10.0,226.4,16.44,4.5,1.8,0,4.0,1.0,27.29,73.34,931.3,4.69,7.65,4.25,NASA POWER Daily API,64.13
20240322,Guarulhos - SP,-23.455,-46.533,campo,chuva,100.0,6.64,146.7,8.11,2.5,23.16,1,2.0,0.0,21.4,91.2,937.1,0.87,3.14,7.32,NASA POWER Daily API,100.0
20240323,Guarulhos - SP,-23.455,-46.533,campo,chuva,100.0,4.92,42.21,10.0,2.5,9.12,1,2.0,0.0,19.09,88.22,940.0,5.85,2.81,5.94,NASA POWER Daily API,98.65
20240324,Guarulhos - SP,-23.455,-46.533,campo,chuva,100.0,4.88,42.6,13.82,2.5,5.81,1,2.0,0.0,20.16,89.2,937.6,13.67,4.92,3.38,NASA POWER Daily API,100.0
20240325,Guarulhos - SP,-23.455,-46.533,campo,garoa,100.0,7.96,102.09,6.44,2.5,0.77,0,4.0,0.0,21.5,86.23,935.1,14.17,4.08,2.48,NASA POWER Daily API,54.53
20240326,Guarulhos - SP,-23.455,-46.533,proximidade_agua,garoa,100.0,11.61,5.0,1.13,3.5,1.13,0,4.0,2.0,20.82,87.72,936.4,9.66,7.55,3.7,NASA POWER Daily API,83.95
20240327,Guarulhos - SP,-23.455,-46.533,campo,chuva,100.0,9.43,124.95,13.85,2.5,5.19,1,2.0,0.0,20.25,89.87,938.2,9.62,5.4,3.24,NASA POWER Daily API,90.62
20240328,Guarulhos - SP,-23.455,-46.533,campo,chuva,100.0,2.82,5.0,15.19,4.5,11.01,1,2.0,0.0,20.76,89.81,938.9,8.12,8.26,2.56,NASA POWER Daily API,100.0
20240329,Guarulhos - SP,-23.455,-46.533,transporte,garoa,100.0,6.81,44.08,18.57,3.5,4.0,0,4.0,1.0,22.31,86.73,937.8,51.74,13.22,1.95,NASA POWER Daily API,87.4
20240330,Guarulhos - SP,-23.455,-46.533,campo,garoa,74.9,10.74,174.37,13.96,2.5,0.28,0,4.0,0.0,22.14,84.63,936.4,13.51,7.44,2.75,NASA POWER Daily API,58.49
20240331,Guarulhos - SP,-23.455,-46.533,campo,garoa,68.83,2.29,127.11,9.5,3.5,0.01,0,4.0,0.0,21.66,77.16,935.8,38.19,10.46,1.78,NASA POWER Daily API,44.16
20240401,Guarulhos - SP,-23.455,-46.533,proximidade_agua,garoa,74.88,8.04,137.24,3.07,2.5,0.06,0,4.0,2.0,21.12,82.06,935.0,7.83,2.42,2.49,NASA POWER Daily API,45.93
20240402,Guarulhos - SP,-23.455,-46.533,campo,garoa,63.52,13.75,196.01,12.05,4.5,0.02,0,4.0,0.0,23.45,76.23,933.5,2.64,4.56,1.93,NASA POWER Daily API,66.1
20240403,Guarulhos - SP,-23.455,-46.533,campo,sol,51.23,9.64,153.26,3.96,2.5,0.0,0,0.0,0.0,23.03,80.1,935.2,19.03,8.87,2.33,NASA POWER Daily API,37.55
20240404,Guarulhos - SP,-23.455,-46.533,proximidade_agua,garoa,40.36,5.3,27.89,9.55,3.5,0.01,0,4.0,2.0,23.77,79.44,936.2,21.01,4.61,2.38,NASA POWER Daily API,61.44
20240405,Guarulhos - SP,-23.455,-46.533,manutencao,garoa,31.15,8.7,102.82,5.4,2.5,0.03,0,4.0,3.0,23.03,76.38,936.4,4.58,3.51,2.38,NASA POWER Daily API,32.29
20240406,Guarulhos - SP,-23.455,-46.533,proximidade_agua,garoa,40.03,8.78,143.22,2.56,2.5,2.6,0,4.0,2.0,21.7,84.13,937.3,28.96,2.61,3.78,NASA POWER Daily API,37.86
20240407,Guarulhos - SP,-23.455,-46.533,campo,garoa,30.34,8.09,122.63,11.43,3.5,0.36,0,4.0,0.0,22.43,82.23,937.4,10.76,11.69,3.19,NASA POWER Daily API,41.33
20240408,Guarulhos - SP,-23.455,-46.533,campo,garoa,34.79,5.59,43.98,10.48,2.5,0.46,0,4.0,0.0,23.89,73.48,935.7,42.33,4.12,2.23,NASA POWER Daily API,50.73
20240409,Guarulhos - SP,-23.455,-46.533,manutencao,garoa,50.06,13.61,112.07,8.03,2.5,4.68,0,4.0,3.0,23.38,78.14,935.4,80.0,7.91,1.94,NASA POWER Daily API,50.89
20240410,Guarulhos - SP,-23.455,-46.533,campo,garoa,51.28,6.84,78.37,16.07,2.5,0.17,0,4.0,0.0,23.29,79.51,934.1,9.63,4.99,1.97,NASA POWER Daily API,53.49
20240411,Guarulhos - SP,-23.455,-46.533,campo,garoa,53.93,1.8,176.66,7.41,2.5,1.43,0,4.0,0.0,22.45,84.2,936.3,6.99,5.19,2.99,NASA POWER Daily API,35.72
20240412,Guarulhos - SP,-23.455,-46.533,campo,garoa,56.02,3.71,85.41,9.29,2.5,0.61,0,4.0,0.0,22.24,84.06,938.2,9.63,2.85,3.81,NASA POWER Daily API,41.17
20240413,Guarulhos - SP,-23.455,-46.533,manutencao,garoa,46.64,1.95,5.0,7.93,2.5,0.16,0,4.0,3.0,22.56,80.9,937.5,6.7,4.88,3.05,NASA POWER Daily API,58.55
20240414,Guarulhos - SP,-23.455,-46.533,proximidade_agua,garoa,55.28,4.44,20.38,2.92,2.5,1.33,0,4.0,2.0,22.14,84.71,936.5,24.11,3.91,1.81,NASA POWER Daily API,58.07
20240415,Guarulhos - SP,-23.455,-46.533,campo,garoa,46.09,5.33,72.59,9.81,2.5,2.92,0,4.0,0.0,22.88,81.71,936.8,5.5,8.82,2.34,NASA POWER Daily API,46.68
20240416,Guarulhos - SP,-23.455,-46.533,transporte,chuva,53.58,9.53,5.0,20.06,3.5,5.74,0,2.0,1.0,22.84,79.24,937.1,33.41,3.52,2.09,NASA POWER Daily API,95.74
20240417,Guarulhos - SP,-23.455,-46.533,campo,chuva,63.43,3.91,125.94,6.5,2.5,5.47,0,2.0,0.0,24.21,76.15,935.1,10.77,6.72,3.54,NASA POWER Daily API,48.07
20240418,Guarulhos - SP,-23.455,-46.533,campo,garoa,71.92,11.7,242.09,14.09,2.5,2.44,0,4.0,0.0,18.98,85.07,937.7,1.24,4.16,4.65,NASA POWER Daily API,72.74
20240419,Guarulhos - SP,-23.455,-46.533,manutencao,garoa,61.5,6.17,105.88,16.46,2.5,0.05,0,4.0,3.0,17.37,78.07,938.9,10.95,4.36,3.5,NASA POWER Daily API,52.4
20240420,Guarulhos - SP,-23.455,-46.533,campo,garoa,62.03,9.43,219.05,19.4,2.5,0.08,0,4.0,0.0,19.34,80.9,939.3,12.94,2.63,3.07,NASA POWER Daily API,59.66
20240421,Guarulhos - SP,-23.455,-46.533,campo,garoa,63.4,10.77,137.99,15.98,2.5,0.09,0,4.0,0.0,20.17,77.6,937.9,23.11,5.81,2.17,NASA POWER Daily API,57.31
20240422,Guarulhos - SP,-23.455,-46.533,campo,garoa,50.47,0.0,152.55,0.0,2.5,0.02,0,4.0,0.0,21.16,64.86,935.8,11.35,6.44,2.14,NASA POWER Daily API,22.23
20240423,Guarulhos - SP,-23.455,-46.533,campo,sol,32.45,12.39,78.86,22.09,3.5,0.0,0,0.0,0.0,22.94,55.67,935.5,34.33,5.32,2.54,NASA POWER Daily API,62.94
20240424,Guarulhos - SP,-23.455,-46.533,campo,garoa,31.96,7.89,5.0,10.82,2.5,0.22,0,4.0,0.0,23.42,66.21,935.8,17.78,5.05,3.61,NASA POWER Daily API,64.18
20240425,Guarulhos - SP,-23.455,-46.533,campo,garoa,36.45,8.71,172.43,7.43,3.5,0.58,0,4.0,0.0,22.67,82.9,937.4,4.99,2.27,3.31,NASA POWER Daily API,39.03
20240426,Guarulhos - SP,-23.455,-46.533,campo,garoa,37.08,3.1,139.51,15.3,3.5,0.08,0,4.0,0.0,22.91,78.63,936.9,1.95,5.94,2.76,NASA POWER Daily API,48.72
20240427,Guarulhos - SP,-23.455,-46.533,transporte,sol,32.41,7.03,78.96,22.92,3.5,0.0,0,0.0,1.0,24.44,66.32,934.6,25.77,4.66,2.85,NASA POWER Daily API,58.37
20240428,Guarulhos - SP,-23.455,-46.533,transporte,garoa,33.53,8.39,131.11,22.7,3.5,0.03,0,4.0,1.0,24.28,67.2,934.3,4.98,7.02,4.13,NASA POWER Daily API,56.6
20240429,Guarulhos - SP,-23.455,-46.533,campo,garoa,33.61,10.14,88.14,15.4,2.5,0.06,0,4.0,0.0,24.38,72.25,936.0,2.29,10.95,2.02,NASA POWER Daily API,53.65
20240430,Guarulhos - SP,-23.455,-46.533,transporte,sol,17.5,4.66,33.21,19.23,2.5,0.0,0,0.0,1.0,24.81,57.79,935.7,5.37,6.96,2.58,NASA POWER Daily API,58.29
20240501,Guarulhos - SP,-23.455,-46.533,transporte,sol,25.57,9.31,172.37,9.51,3.5,0.0,0,0.0,1.0,24.8,54.35,934.4,7.65,4.94,2.95,NASA POWER Daily API,38.65
20240502,Guarulhos - SP,-23.455,-46.533,campo,sol,29.24,8.65,77.47,14.18,2.5,0.0,0,0.0,0.0,24.62,54.85,932.2,7.38,8.52,5.0,NASA POWER Daily API,46.66
20240503,Guarulhos - SP,-23.455,-46.533,campo,garoa,31.09,10.17,38.84,16.38,2.5,0.01,0,4.0,0.0,24.36,64.03,934.1,8.14,3.26,2.38,NASA POWER Daily API,63.03
20240504,Guarulhos - SP,-23.455,-46.533,campo,sol,22.53,9.74,38.77,13.97,3.5,0.0,0,0.0,0.0,24.55,59.68,936.7,8.2,19.01,2.51,NASA POWER Daily API,59.29
20240505,Guarulhos - SP,-23.455,-46.533,campo,garoa,32.41,8.48,154.95,12.53,2.5,0.01,0,4.0,0.0,24.11,59.32,938.4,6.39,11.02,2.34,NASA POWER Daily API,41.19
20240506,Guarulhos - SP,-23.455,-46.533,transporte,garoa,28.18,5.94,114.88,14.17,4.5,0.01,0,4.0,1.0,24.37,53.49,936.6,6.13,2.68,2.25,NASA POWER Daily API,43.73
20240507,Guarulhos - SP,-23.455,-46.533,campo,garoa,16.33,5.08,139.28,17.93,2.5,0.04,0,4.0,0.0,24.36,57.5,935.5,4.23,10.91,2.67,NASA POWER Daily API,39.77
20240508,Guarulhos - SP,-23.455,-46.533,campo,garoa,23.28,9.38,125.26,12.5,3.5,0.01,0,4.0,0.0,24.76,56.91,936.0,1.7,7.09,3.96,NASA POWER Daily API,47.67
20240509,Guarulhos - SP,-23.455,-46.533,campo,garoa,24.44,8.03,187.57,12.79,4.5,0.18,0,4.0,0.0,23.93,63.91,937.6,33.12,6.5,3.98,NASA POWER Daily API,43.16
20240510,Guarulhos - SP,-23.455,-46.533,manutencao,garoa,37.71,11.62,172.2,10.68,3.5,0.12,0,4.0,3.0,23.59,73.37,936.7,14.38,2.35,2.13,NASA POWER Daily API,46.13
20240511,Guarulhos - SP,-23.455,-46.533,proximidade_agua,garoa,31.24,10.69,246.43,6.78,2.5,0.01,0,4.0,2.0,23.71,57.44,934.6,5.88,5.24,3.92,NASA POWER Daily API,40.23
20240512,Guarulhos - SP,-23.455,-46.533,proximidade_agua,garoa,27.61,6.84,149.92,3.55,2.5,0.02,0,4.0,2.0,23.74,50.76,933.2,7.41,3.28,4.96,NASA POWER Daily API,31.17
20240513,Guarulhos - SP,-23.455,-46.533,transporte,garoa,19.46,7.14,270.56,18.55,2.5,0.04,0,4.0,1.0,24.06,46.89,933.2,1.01,3.03,5.84,NASA POWER Daily API,55.81
20240514,Guarulhos - SP,-23.455,-46.533,campo,garoa,38.73,12.42,105.98,17.45,2.5,2.92,0,4.0,0.0,19.76,81.6,936.1,7.66,4.72,2.71,NASA POWER Daily API,56.29
20240515,Guarulhos - SP,-23.455,-46.533,transporte,garoa,57.14,0.58,5.0,16.25,3.5,2.57,0,4.0,1.0,17.52,88.15,937.9,11.58,4.01,2.74,NASA POWER Daily API,75.77
20240516,Guarulhos - SP,-23.455,-46.533,campo,garoa,45.55,8.59,201.83,13.21,3.5,0.16,0,4.0,0.0,22.03,74.28,936.8,8.21,4.96,2.01,NASA POWER Daily API,48.5
20240517,Guarulhos - SP,-23.455,-46.533,manutencao,sol,20.81,3.46,19.1,6.37,2.5,0.0,0,0.0,3.0,24.2,57.62,936.9,1.76,2.88,4.26,NASA POWER Daily API,52.1
20240518,Guarulhos - SP,-23.455,-46.533,campo,garoa,49.16,13.77,85.0,10.36,2.5,0.05,0,4.0,0.0,22.7,66.43,937.8,1.21,4.64,2.82,NASA POWER Daily API,62.63
20240519,Guarulhos - SP,-23.455,-46.533,campo,garoa,44.96,2.88,55.23,12.57,2.5,0.83,0,4.0,0.0,21.61,81.93,938.2,10.99,2.4,2.07,NASA POWER Daily API,50.34
20240520,Guarulhos - SP,-23.455,-46.533,transporte,garoa,41.64,10.03,119.1,12.73,3.5,0.63,0,4.0,1.0,20.96,80.82,938.6,13.23,4.58,3.14,NASA POWER Daily API,48.56
20240521,Guarulhos - SP,-23.455,-46.533,campo,garoa,45.33,7.18,183.76,20.68,2.5,0.15,0,4.0,0.0,20.11,79.4,940.9,2.3,2.98,2.77,NASA POWER Daily API,59.84
20240522,Guarulhos - SP,-23.455,-46.533,campo,garoa,27.59,3.77,78.67,13.89,2.5,0.04,0,4.0,0.0,21.95,71.34,939.6,3.98,3.42,2.14,NASA POWER Daily API,39.84
20240523,Guarulhos - SP,-23.455,-46.533,campo,sol,21.78,15.3,145.29,15.99,2.5,0.0,0,0.0,0.0,21.94,56.06,937.1,6.19,3.35,3.95,NASA POWER Daily API,49.56
20240524,Guarulhos - SP,-23.455,-46.533,campo,garoa,21.23,2.21,5.0,6.5,4.5,0.98,0,4.0,0.0,22.4,54.85,934.6,10.92,7.62,5.84,NASA POWER Daily API,54.7
20240525,Guarulhos - SP,-23.455,-46.533,campo,chuva,61.52,10.33,70.98,13.63,3.5,7.37,0,2.0,0.0,17.19,86.67,939.1,2.54,2.58,3.82,NASA POWER Daily API,78.9
20240526,Guarulhos - SP,-23.455,-46.533,transporte,chuva,100.0,8.28,147.8,12.55,2.5,24.07,1,2.0,1.0,15.42,93.08,941.3,12.71,6.96,3.59,NASA POWER Daily API,100.0
20240527,Guarulhos - SP,-23.455,-46.533,campo,garoa,100.0,4.8,263.1,9.01,2.5,4.99,0,4.0,0.0,18.75,84.66,938.9,7.88,3.95,3.01,NASA POWER Daily API,57.89
20240528,Guarulhos - SP,-23.455,-46.533,proximidade_agua,garoa,92.33,3.01,202.22,14.75,2.5,0.66,0,4.0,2.0,18.49,79.75,937.7,9.84,3.32,5.66,NASA POWER Daily API,60.86
20240529,Guarulhos - SP,-23.455,-46.533,campo,garoa,94.95,7.88,267.87,9.77,3.5,0.49,0,4.0,0.0,14.01,73.45,940.4,15.74,3.87,3.71,NASA POWER Daily API,58.33
20240530,Guarulhos - SP,-23.455,-46.533,transporte,garoa,95.97,5.32,176.28,21.85,3.5,0.64,0,4.0,1.0,14.38,83.76,942.2,29.28,4.03,2.71,NASA POWER Daily API,71.07
20240531,Guarulhos - SP,-23.455,-46.533,proximidade_agua,garoa,90.59,8.07,69.02,15.29,2.5,0.03,0,4.0,2.0,15.31,81.88,943.3,6.01,9.55,3.41,NASA POWER Daily API,71.63
20240601,Guarulhos - SP,-23.455,-46.533,proximidade_agua,garoa,69.85,10.55,125.14,9.12,2.5,0.07,0,4.0,2.0,17.21,75.92,943.1,7.23,14.91,2.56,NASA POWER Daily API,54.06
20240602,Guarulhos - SP,-23.455,-46.533,transporte,sol,38.88,6.6,86.46,9.42,2.5,0.0,0,0.0,1.0,18.57,65.16,942.0,16.5,2.08,2.31,NASA POWER Daily API,38.07
20240603,Guarulhos - SP,-23.455,-46.533,proximidade_agua,sol,25.28,4.91,124.55,0.0,3.5,0.0,0,0.0,2.0,19.73,66.99,942.1,5.82,1.27,2.67,NASA POWER Daily API,25.52
20240604,Guarulhos - SP,-23.455,-46.533,transporte,chuva,69.56,0.0,90.46,12.57,4.5,9.35,0,2.0,1.0,16.65,90.75,943.6,12.64,13.6,4.54,NASA POWER Daily API,62.05
20240605,Guarulhos - SP,-23.455,-46.533,campo,garoa,54.41,3.25,221.19,8.51,3.5,0.55,0,4.0,0.0,17.61,84.56,942.4,1.67,5.62,2.47,NASA POWER Daily API,45.65
20240606,Guarulhos - SP,-23.455,-46.533,campo,garoa,48.67,2.92,109.48,15.33,2.5,0.05,0,4.0,0.0,18.59,75.18,941.3,2.66,8.02,1.84,NASA POWER Daily API,49.56
20240607,Guarulhos - SP,-23.455,-46.533,campo,garoa,48.0,13.95,159.83,14.96,3.5,0.01,0,4.0,0.0,19.13,72.35,941.9,3.46,6.27,1.99,NASA POWER Daily API,56.55
20240608,Guarulhos - SP,-23.455,-46.533,campo,garoa,42.63,4.7,316.34,13.46,3.5,0.05,0,4.0,0.0,19.43,70.71,941.6,6.66,4.31,2.1,NASA POWER Daily API,43.41
20240609,Guarulhos - SP,-23.455,-46.533,proximidade_agua,garoa,35.99,9.13,282.6,10.1,2.5,0.01,0,4.0,2.0,20.46,64.06,939.2,4.56,3.95,3.03,NASA POWER Daily API,43.85
20240610,Guarulhos - SP,-23.455,-46.533,campo,garoa,38.5,10.93,5.0,15.87,2.5,0.04,0,4.0,0.0,21.22,58.94,938.8,10.57,2.66,4.36,NASA POWER Daily API,75.26
20240611,Guarulhos - SP,-23.455,-46.533,campo,garoa,35.52,11.07,5.0,15.72,4.5,0.11,0,4.0,0.0,20.13,66.47,940.8,10.45,6.73,2.33,NASA POWER Daily API,78.55
20240612,Guarulhos - SP,-23.455,-46.533,campo,garoa,32.49,12.72,224.21,0.0,2.5,0.04,0,4.0,0.0,19.33,72.66,940.1,6.32,1.89,2.05,NASA POWER Daily API,29.91
20240613,Guarulhos - SP,-23.455,-46.533,campo,garoa,29.85,4.52,148.59,7.88,3.5,0.01,0,4.0,0.0,19.48,55.18,938.9,4.41,6.39,3.54,NASA POWER Daily API,32.56
20240614,Guarulhos - SP,-23.455,-46.533,campo,garoa,33.2,9.93,104.49,14.58,3.5,0.05,0,4.0,0.0,19.93,55.62,939.1,5.43,4.43,3.96,NASA POWER Daily API,47.65
20240615,Guarulhos - SP,-23.455,-46.533,campo,sol,22.34,10.22,141.75,14.93,2.5,0.0,0,0.0,0.0,21.2,59.15,939.9,12.03,3.93,4.08,NASA POWER Daily API,42.88
20240616,Guarulhos - SP,-23.455,-46.533,transporte,garoa,18.97,12.03,236.27,15.16,2.5,0.04,0,4.0,1.0,21.18,62.67,938.5,19.02,8.45,2.58,NASA POWER Daily API,44.19
20240617,Guarulhos - SP,-23.455,-46.533,campo,sol,23.52,7.33,153.2,18.31,3.5,0.0,0,0.0,0.0,20.2,57.66,936.7,16.17,8.22,4.69,NASA POWER Daily API,46.8
20240618,Guarulhos - SP,-23.455,-46.533,transporte,garoa,25.33,7.13,41.04,15.09,2.5,0.03,0,4.0,1.0,19.92,50.75,936.6,9.25,4.73,4.28,NASA POWER Daily API,55.68
20240619,Guarulhos - SP,-23.455,-46.533,campo,garoa,8.12,4.01,215.27,9.01,2.5,0.02,0,4.0,0.0,20.58,53.92,937.9,1.97,10.93,3.46,NASA POWER Daily API,30.85
20240620,Guarulhos - SP,-23.455,-46.533,transporte,garoa,27.11,15.44,248.9,17.62,2.5,0.04,0,4.0,1.0,19.53,60.35,939.5,5.42,6.56,2.4,NASA POWER Daily API,53.22
20240621,Guarulhos - SP,-23.455,-46.533,transporte,garoa,24.85,12.69,110.29,29.35,2.5,0.01,0,4.0,1.0,18.44,63.33,938.8,40.29,6.03,2.26,NASA POWER Daily API,64.34
20240622,Guarulhos - SP,-23.455,-46.533,transporte,garoa,21.52,5.27,159.08,23.45,2.5,0.02,0,4.0,1.0,19.99,59.24,937.4,2.18,2.34,3.41,NASA POWER Daily API,54.28
20240623,Guarulhos - SP,-23.455,-46.533,campo,garoa,15.88,8.35,215.63,11.94,4.5,0.01,0,4.0,0.0,21.34,58.34,936.0,54.12,2.22,4.81,NASA POWER Daily API,39.82
20240624,Guarulhos - SP,-23.455,-46.533,campo,garoa,34.32,9.44,167.88,12.49,3.5,0.22,0,4.0,0.0,21.77,59.61,935.8,3.42,8.03,4.75,NASA POWER Daily API,45.25
20240625,Guarulhos - SP,-23.455,-46.533,campo,garoa,39.68,8.57,67.62,11.87,2.5,0.27,0,4.0,0.0,18.28,87.78,939.4,2.67,4.08,3.36,NASA POWER Daily API,56.14
20240626,Guarulhos - SP,-23.455,-46.533,campo,garoa,29.99,4.32,180.52,6.68,3.5,0.02,0,4.0,0.0,21.77,65.35,936.3,26.02,5.94,4.52,NASA POWER Daily API,31.09
20240627,Guarulhos - SP,-23.455,-46.533,campo,garoa,35.03,1.26,116.33,20.93,2.5,0.47,0,4.0,0.0,19.93,72.65,934.8,7.88,6.7,2.65,NASA POWER Daily API,45.58
20240628,Guarulhos - SP,-23.455,-46.533,campo,sol,16.71,2.62,137.87,8.78,2.5,0.0,0,0.0,0.0,20.69,59.83,934.4,5.48,1.71,5.12,NASA POWER Daily API,25.91
20240629,Guarulhos - SP,-23.455,-46.533,manutencao,chuva,33.54,7.25,103.99,5.32,2.5,6.4,0,2.0,3.0,19.19,70.85,936.3,23.07,4.51,4.35,NASA POWER Daily API,41.94
20240630,Guarulhos - SP,-23.455,-46.533,campo,garoa,56.66,9.78,146.3,16.17,3.5,2.03,0,4.0,0.0,13.87,88.23,939.5,2.97,7.48,3.1,NASA POWER Daily API,65.08
20240701,Guarulhos - SP,-23.455,-46.533,proximidade_agua,garoa,43.95,12.85,97.82,11.73,2.5,0.43,0,4.0,2.0,16.12,79.25,940.3,6.69,10.49,1.97,NASA POWER Daily API,52.5
20240702,Guarulhos - SP,-23.455,-46.533,proximidade_agua,garoa,35.13,5.43,166.85,9.75,2.5,0.26,0,4.0,2.0,17.86,68.79,940.2,3.71,3.6,1.66,NASA POWER Daily API,39.44
20240703,Guarulhos - SP,-23.455,-46.533,campo,garoa,32.38,5.99,58.07,15.47,3.5,0.01,0,4.0,0.0,19.24,58.03,938.0,5.09,5.35,3.63,NASA POWER Daily API,53.99
20240704,Guarulhos - SP,-23.455,-46.533,transporte,garoa,34.5,4.99,66.04,13.75,2.5,0.08,0,4.0,1.0,20.23,61.62,937.4,14.78,2.07,2.49,NASA POWER Daily API,47.0
20240705,Guarulhos - SP,-23.455,-46.533,campo,garoa,37.71,9.09,118.9,5.45,2.5,0.05,0,4.0,0.0,20.4,58.12,938.8,7.6,8.72,2.1,NASA POWER Daily API,34.58
20240706,Guarulhos - SP,-23.455,-46.533,manutencao,garoa,43.03,11.81,106.99,10.38,2.5,0.78,0,4.0,3.0,17.46,83.15,941.2,6.6,2.03,3.46,NASA POWER Daily API,45.72
20240707,Guarulhos - SP,-23.455,-46.533,campo,garoa,38.72,4.85,81.28,5.75,3.5,0.12,0,4.0,0.0,19.38,74.3,938.2,3.69,6.1,2.5,NASA POWER Daily API,35.68
20240708,Guarulhos - SP,-23.455,-46.533,campo,garoa,47.77,8.76,254.11,6.79,3.5,3.42,0,4.0,0.0,16.41,84.76,937.6,24.56,2.27,2.82,NASA POWER Daily API,44.36
20240709,Guarulhos - SP,-23.455,-46.533,campo,chuva,93.79,9.63,136.6,8.96,3.5,17.15,1,2.0,0.0,16.65,88.6,936.5,5.81,4.84,1.57,NASA POWER Daily API,96.2
20240710,Guarulhos - SP,-23.455,-46.533,campo,garoa,68.59,9.7,367.71,3.84,2.5,1.4,0,4.0,0.0,17.53,83.33,936.2,3.59,6.8,2.94,NASA POWER Daily API,43.93
20240711,Guarulhos - SP,-23.455,-46.533,transporte,garoa,73.8,11.76,136.36,24.06,3.5,0.3,0,4.0,1.0,19.63,80.28,939.6,10.55,8.96,2.13,NASA POWER Daily API,73.8
20240712,Guarulhos - SP,-23.455,-46.533,campo,garoa,78.59,8.47,118.55,12.9,4.5,3.11,0,4.0,0.0,17.08,93.0,944.2,7.45,4.43,3.48,NASA POWER Daily API,64.09
20240713,Guarulhos - SP,-23.455,-46.533,transporte,garoa,83.73,0.27,175.11,12.12,2.5,1.41,0,4.0,1.0,15.02,90.87,944.6,6.6,9.42,3.56,NASA POWER Daily API,49.64
20240714,Guarulhos - SP,-23.455,-46.533,campo,garoa,71.87,6.38,228.2,14.38,3.5,0.31,0,4.0,0.0,18.02,78.66,941.1,1.67,6.13,3.17,NASA POWER Daily API,61.38
20240715,Guarulhos - SP,-23.455,-46.533,manutencao,garoa,76.51,8.41,322.89,3.04,3.5,0.08,0,4.0,3.0,16.76,85.35,943.3,22.92,3.38,2.17,NASA POWER Daily API,44.43
20240716,Guarulhos - SP,-23.455,-46.533,campo,garoa,44.9,8.9,60.61,11.59,4.5,0.06,0,4.0,0.0,17.91,82.12,944.3,5.95,2.04,2.14,NASA POWER Daily API,56.95
20240717,Guarulhos - SP,-23.455,-46.533,transporte,garoa,41.28,5.68,96.15,12.24,3.5,0.04,0,4.0,1.0,18.39,74.26,943.2,23.74,3.48,1.56,NASA POWER Daily API,42.39
20240718,Guarulhos - SP,-23.455,-46.533,campo,garoa,35.18,8.79,107.98,15.93,2.5,0.02,0,4.0,0.0,17.75,71.56,941.9,1.66,2.32,3.01,NASA POWER Daily API,52.36
20240719,Guarulhos - SP,-23.455,-46.533,transporte,garoa,37.26,4.0,154.87,16.9,2.5,0.02,0,4.0,1.0,16.2,79.39,944.2,1.42,5.54,2.0,NASA POWER Daily API,55.0
20240720,Guarulhos - SP,-23.455,-46.533,manutencao,garoa,31.59,8.45,5.0,9.06,2.5,0.03,0,4.0,3.0,15.2,78.96,943.4,4.8,5.71,2.6,NASA POWER Daily API,61.74
20240721,Guarulhos - SP,-23.455,-46.533,campo,garoa,31.77,6.14,5.0,14.88,2.5,0.02,0,4.0,0.0,16.47,76.55,942.0,2.82,5.31,2.52,NASA POWER Daily API,72.73
20240722,Guarulhos - SP,-23.455,-46.533,proximidade_agua,garoa,24.59,9.94,6.24,12.71,2.5,0.03,0,4.0,2.0,17.67,63.97,942.2,3.94,14.26,2.93,NASA POWER Daily API,69.48
20240723,Guarulhos - SP,-23.455,-46.533,campo,sol,29.01,4.99,75.01,12.33,2.5,0.0,0,0.0,0.0,16.75,67.33,943.7,6.78,4.87,2.11,NASA POWER Daily API,40.37
20240724,Guarulhos - SP,-23.455,-46.533,campo,garoa,22.25,6.35,197.74,5.84,2.5,0.01,0,4.0,0.0,16.89,69.65,943.3,3.39,5.27,2.71,NASA POWER Daily API,27.2
20240725,Guarulhos - SP,-23.455,-46.533,campo,sol,29.98,9.62,8.5,15.02,3.5,0.0,0,0.0,0.0,18.94,53.39,941.0,9.96,3.78,2.65,NASA POWER Daily API,71.17
20240726,Guarulhos - SP,-23.455,-46.533,campo,garoa,19.18,6.02,64.21,9.45,2.5,0.04,0,4.0,0.0,19.11,54.32,939.7,13.43,12.69,2.16,NASA POWER Daily API,38.46
20240727,Guarulhos - SP,-23.455,-46.533,transporte,garoa,18.4,8.23,20.02,15.5,3.5,0.01,0,4.0,1.0,19.36,55.66,940.0,2.72,4.58,1.74,NASA POWER Daily API,69.47
20240728,Guarulhos - SP,-23.455,-46.533,campo,garoa,27.21,5.06,358.81,9.96,3.5,0.06,0,4.0,0.0,20.45,54.07,939.6,37.37,9.17,3.05,NASA POWER Daily API,34.94
20240729,Guarulhos - SP,-23.455,-46.533,proximidade_agua,garoa,21.8,8.67,24.68,14.52,2.5,0.47,0,4.0,2.0,19.33,64.7,940.2,8.09,1.3,4.08,NASA POWER Daily API,64.6
20240730,Guarulhos - SP,-23.455,-46.533,proximidade_agua,chuva,58.28,11.88,214.28,0.07,2.5,6.38,0,2.0,2.0,15.06,90.43,944.0,19.39,1.99,4.64,NASA POWER Daily API,52.3
20240731,Guarulhos - SP,-23.455,-46.533,campo,garoa,47.54,7.04,5.0,10.45,2.5,0.71,0,4.0,0.0,17.56,80.03,943.5,6.42,3.63,3.5,NASA POWER Daily API,67.42
20240801,Guarulhos - SP,-23.455,-46.533,campo,garoa,43.22,9.42,94.12,10.15,3.5,0.04,0,4.0,0.0,18.44,74.84,943.1,11.63,4.95,2.64,NASA POWER Daily API,44.29
20240802,Guarulhos - SP,-23.455,-46.533,transporte,garoa,45.67,1.75,5.0,20.23,2.5,0.01,0,4.0,1.0,19.11,68.94,941.9,8.69,3.84,2.53,NASA POWER Daily API,72.98
20240803,Guarulhos - SP,-23.455,-46.533,manutencao,garoa,41.77,9.55,97.83,0.0,3.5,0.01,0,4.0,3.0,20.32,59.99,940.8,13.63,3.05,3.44,NASA POWER Daily API,31.44
20240804,Guarulhos - SP,-23.455,-46.533,campo,sol,41.17,12.99,45.53,10.98,3.5,0.0,0,0.0,0.0,21.64,59.65,941.0,2.56,6.22,3.19,NASA POWER Daily API,67.91
20240805,Guarulhos - SP,-23.455,-46.533,transporte,garoa,35.42,8.7,98.01,25.65,2.5,0.01,0,4.0,1.0,22.09,56.84,940.7,4.23,4.98,2.84,NASA POWER Daily API,58.56
20240806,Guarulhos - SP,-23.455,-46.533,campo,garoa,16.61,3.81,5.0,12.15,2.5,0.01,0,4.0,0.0,21.9,54.44,938.9,5.13,7.13,2.39,NASA POWER Daily API,56.53
20240807,Guarulhos - SP,-23.455,-46.533,campo,garoa,21.92,7.04,177.13,14.14,2.5,0.02,0,4.0,0.0,22.22,49.03,935.8,6.3,8.79,4.46,NASA POWER Daily API,38.73
20240808,Guarulhos - SP,-23.455,-46.533,campo,sol,12.14,10.1,27.81,18.36,4.5,0.0,0,0.0,0.0,22.79,45.31,934.5,6.06,7.19,4.01,NASA POWER Daily API,67.31
20240809,Guarulhos - SP,-23.455,-46.533,transporte,chuva,73.91,10.79,72.25,14.35,4.5,15.61,0,2.0,1.0,18.79,80.08,936.3,14.78,13.4,2.49,NASA POWER Daily API,87.43
20240810,Guarulhos - SP,-23.455,-46.533,campo,chuva,83.32,10.32,240.88,8.48,2.5,12.22,1,2.0,0.0,11.64,87.25,938.8,1.1,5.74,3.59,NASA POWER Daily API,97.9
20240811,Guarulhos - SP,-23.455,-46.533,transporte,garoa,70.2,3.0,166.14,23.6,2.5,0.05,0,4.0,1.0,13.64,61.61,937.9,2.51,1.51,2.34,NASA POWER Daily API,66.68
20240812,Guarulhos - SP,-23.455,-46.533,campo,garoa,64.93,3.04,158.51,9.97,4.5,0.03,0,4.0,0.0,13.2,58.33,938.5,13.1,4.61,5.17,NASA POWER Daily API,46.34
20240813,Guarulhos - SP,-23.455,-46.533,proximidade_agua,garoa,70.15,8.1,132.52,5.88,4.5,0.07,0,4.0,2.0,10.89,77.36,943.2,12.48,1.0,3.56,NASA POWER Daily API,51.82
20240814,Guarulhos - SP,-23.455,-46.533,transporte,sol,58.46,6.03,207.15,17.57,3.5,0.0,0,0.0,1.0,14.83,72.22,941.0,19.6,1.72,2.22,NASA POWER Daily API,54.69
20240815,Guarulhos - SP,-23.455,-46.533,campo,sol,66.74,4.18,70.44,7.42,2.5,0.0,0,0.0,0.0,19.26,56.29,939.8,14.82,1.92,2.19,NASA POWER Daily API,46.34
20240816,Guarulhos - SP,-23.455,-46.533,campo,sol,31.77,12.14,5.24,19.22,2.5,0.0,0,0.0,0.0,22.51,40.26,939.3,2.45,3.41,2.08,NASA POWER Daily API,84.55
20240817,Guarulhos - SP,-23.455,-46.533,transporte,sol,11.64,8.3,15.63,9.19,2.5,0.0,0,0.0,1.0,22.84,42.34,938.5,1.33,3.27,2.43,NASA POWER Daily API,64.89
20240818,Guarulhos - SP,-23.455,-46.533,campo,garoa,14.23,14.4,124.79,13.1,2.5,0.02,0,4.0,0.0,22.58,43.77,938.5,3.97,5.58,2.87,NASA POWER Daily API,42.66
20240819,Guarulhos - SP,-23.455,-46.533,proximidade_agua,sol,21.98,4.15,95.66,5.36,3.5,0.0,0,0.0,2.0,23.42,41.19,937.9,5.71,4.35,2.73,NASA POWER Daily API,30.72
20240820,Guarulhos - SP,-23.455,-46.533,transporte,garoa,25.43,8.76,112.47,17.06,2.5,0.05,0,4.0,1.0,21.97,54.39,939.3,5.91,4.18,3.26,NASA POWER Daily API,45.02
20240821,Guarulhos - SP,-23.455,-46.533,campo,garoa,36.69,3.71,185.44,3.47,2.5,0.05,0,4.0,0.0,20.55,66.6,939.2,32.99,6.48,2.54,NASA POWER Daily API,26.12
20240822,Guarulhos - SP,-23.455,-46.533,campo,sol,15.83,8.1,98.57,8.46,2.5,0.0,0,0.0,0.0,22.86,43.91,936.2,8.92,3.25,4.01,NASA POWER Daily API,30.87
20240823,Guarulhos - SP,-23.455,-46.533,campo,garoa,13.93,9.25,166.35,13.0,2.5,0.39,0,4.0,0.0,23.67,46.6,934.0,8.03,6.14,5.51,NASA POWER Daily API,37.71
20240824,Guarulhos - SP,-23.455,-46.533,transporte,garoa,44.79,6.3,308.2,16.38,2.5,4.85,0,4.0,1.0,18.61,76.99,937.3,11.16,5.69,3.88,NASA POWER Daily API,52.1
20240825,Guarulhos - SP,-23.455,-46.533,campo,chuva,68.19,7.7,25.57,16.52,2.5,6.91,0,2.0,0.0,12.36,88.15,942.0,2.22,13.16,3.69,NASA POWER Daily API,92.91
20240826,Guarulhos - SP,-23.455,-46.533,campo,garoa,48.83,13.09,133.54,11.87,2.5,0.07,0,4.0,0.0,11.04,70.75,943.2,12.84,6.44,3.06,NASA POWER Daily API,49.85
20240827,Guarulhos - SP,-23.455,-46.533,campo,garoa,44.62,8.42,114.07,6.0,2.5,0.03,0,4.0,0.0,11.71,70.18,944.1,12.64,1.18,3.59,NASA POWER Daily API,36.24
20240828,Guarulhos - SP,-23.455,-46.533,campo,garoa,48.08,12.19,78.06,14.97,2.5,0.01,0,4.0,0.0,15.47,74.91,944.0,8.23,7.43,3.64,NASA POWER Daily API,56.02
20240829,Guarulhos - SP,-23.455,-46.533,transporte,garoa,54.15,4.82,145.04,23.15,2.5,0.01,0,4.0,1.0,18.82,71.76,943.2,45.63,3.25,2.24,NASA POWER Daily API,56.8
20240830,Guarulhos - SP,-23.455,-46.533,campo,sol,37.05,10.11,162.32,12.46,2.5,0.0,0,0.0,0.0,21.06,56.22,940.7,15.31,2.53,2.19,NASA POWER Daily API,44.03
20240831,Guarulhos - SP,-23.455,-46.533,campo,garoa,49.2,9.17,169.56,9.78,2.5,0.01,0,4.0,0.0,20.48,57.13,940.3,4.17,2.72,2.19,NASA POWER Daily API,43.38
20240901,Guarulhos - SP,-23.455,-46.533,manutencao,garoa,28.02,8.87,152.27,6.61,2.5,0.02,0,4.0,3.0,22.75,45.62,937.2,18.47,4.87,4.39,NASA POWER Daily API,32.97
20240902,Guarulhos - SP,-23.455,-46.533,proximidade_agua,garoa,26.76,6.91,5.0,0.0,2.5,0.12,0,4.0,2.0,20.51,65.03,935.6,7.8,2.44,3.39,NASA POWER Daily API,51.98
20240903,Guarulhos - SP,-23.455,-46.533,campo,garoa,29.03,1.1,42.21,13.83,2.5,0.04,0,4.0,0.0,21.63,67.61,936.4,2.47,5.4,2.28,NASA POWER Daily API,54.55
20240904,Guarulhos - SP,-23.455,-46.533,manutencao,sol,23.18,7.7,80.22,5.17,3.5,0.0,0,0.0,3.0,24.07,45.2,936.9,13.44,5.33,3.13,NASA POWER Daily API,33.58
20240905,Guarulhos - SP,-23.455,-46.533,campo,garoa,26.43,10.51,194.02,8.36,2.5,0.16,0,4.0,0.0,20.99,60.15,937.4,32.02,5.7,5.52,NASA POWER Daily API,36.52
20240906,Guarulhos - SP,-23.455,-46.533,campo,garoa,30.99,10.47,96.23,9.68,2.5,0.17,0,4.0,0.0,18.33,79.97,938.9,2.73,3.19,4.19,NASA POWER Daily API,45.4
20240907,Guarulhos - SP,-23.455,-46.533,campo,sol,31.38,9.59,197.46,12.89,2.5,0.0,0,0.0,0.0,22.81,68.18,938.2,5.78,5.13,1.96,NASA POWER Daily API,42.5
20240908,Guarulhos - SP,-23.455,-46.533,campo,garoa,24.07,10.47,167.19,12.2,2.5,0.01,0,4.0,0.0,25.47,52.89,939.3,7.88,4.88,2.64,NASA POWER Daily API,40.3
20240909,Guarulhos - SP,-23.455,-46.533,campo,garoa,30.71,6.32,155.89,16.8,2.5,0.03,0,4.0,0.0,24.5,45.27,938.2,68.1,4.02,3.0,NASA POWER Daily API,43.78
20240910,Guarulhos - SP,-23.455,-46.533,manutencao,garoa,12.52,6.88,141.16,11.8,3.5,0.05,0,4.0,3.0,25.23,37.66,936.1,6.75,4.13,2.53,NASA POWER Daily API,34.98
20240911,Guarulhos - SP,-23.455,-46.533,campo,garoa,16.88,5.7,60.99,7.76,3.5,0.02,0,4.0,0.0,26.24,33.82,935.7,8.34,4.78,3.46,NASA POWER Daily API,38.7
20240912,Guarulhos - SP,-23.455,-46.533,transporte,sol,8.2,4.56,139.07,21.7,2.5,0.0,0,0.0,1.0,26.45,28.58,936.1,3.42,7.19,3.94,NASA POWER Daily API,41.42
20240913,Guarulhos - SP,-23.455,-46.533,campo,garoa,10.53,4.98,230.6,14.85,3.5,0.01,0,4.0,0.0,26.17,30.81,935.6,80.0,1.93,3.22,NASA POWER Daily API,36.19
20240914,Guarulhos - SP,-23.455,-46.533,manutencao,garoa,16.76,5.28,28.41,6.63,2.5,0.2,0,4.0,3.0,25.18,45.6,936.2,10.16,5.1,5.16,NASA POWER Daily API,44.57
20240915,Guarulhos - SP,-23.455,-46.533,transporte,garoa,46.48,9.93,88.26,28.17,3.5,3.1,0,4.0,1.0,19.38,85.02,939.4,2.85,1.9,4.99,NASA POWER Daily API,78.02
20240916,Guarulhos - SP,-23.455,-46.533,proximidade_agua,garoa,54.55,6.5,290.93,9.9,2.5,4.78,0,4.0,2.0,17.38,90.4,939.9,3.05,2.86,4.37,NASA POWER Daily API,52.08
20240917,Guarulhos - SP,-23.455,-46.533,campo,garoa,49.84,2.06,104.67,11.94,2.5,0.99,0,4.0,0.0,16.66,80.78,941.5,3.41,3.68,5.64,NASA POWER Daily API,39.65
20240918,Guarulhos - SP,-23.455,-46.533,transporte,garoa,47.8,9.94,211.87,17.67,4.5,0.08,0,4.0,1.0,18.1,78.75,939.6,4.89,7.65,3.8,NASA POWER Daily API,58.04
20240919,Guarulhos - SP,-23.455,-46.533,manutencao,garoa,54.69,13.69,46.35,7.93,3.5,1.1,0,4.0,3.0,20.26,74.48,936.9,3.99,2.19,3.07,NASA POWER Daily API,63.98
20240920,Guarulhos - SP,-23.455,-46.533,transporte,garoa,45.7,8.28,52.51,13.75,2.5,2.54,0,4.0,1.0,24.8,65.01,934.7,8.53,6.81,3.51,NASA POWER Daily API,60.4
20240921,Guarulhos - SP,-23.455,-46.533,proximidade_agua,garoa,53.1,9.55,28.41,2.11,3.5,0.85,0,4.0,2.0,22.62,71.61,935.6,2.74,4.85,2.85,NASA POWER Daily API,67.11
20240922,Guarulhos - SP,-23.455,-46.533,transporte,sol,39.34,7.02,224.5,15.37,2.5,0.0,0,0.0,1.0,23.65,66.26,934.9,18.09,6.49,2.7,NASA POWER Daily API,45.52
20240923,Guarulhos - SP,-23.455,-46.533,campo,sol,24.3,5.62,115.35,17.25,4.5,0.0,0,0.0,0.0,24.51,56.18,935.3,0.77,8.75,2.71,NASA POWER Daily API,58.16
20240924,Guarulhos - SP,-23.455,-46.533,campo,sol,32.38,8.79,212.19,14.48,3.5,0.0,0,0.0,0.0,24.88,56.27,935.3,8.43,4.45,2.73,NASA POWER Daily API,46.3
20240925,Guarulhos - SP,-23.455,-46.533,campo,sol,30.74,9.95,101.79,3.69,3.5,0.0,0,0.0,0.0,26.21,47.23,934.0,2.62,7.01,2.73,NASA POWER Daily API,39.63
20240926,Guarulhos - SP,-23.455,-46.533,campo,garoa,21.86,0.0,11.36,20.49,2.5,0.01,0,4.0,0.0,27.75,37.97,932.3,1.12,9.77,2.92,NASA POWER Daily API,75.09
20240927,Guarulhos - SP,-23.455,-46.533,campo,garoa,35.6,8.89,158.98,13.48,3.5,1.29,0,4.0,0.0,22.5,60.76,934.2,18.59,2.08,5.09,NASA POWER Daily API,47.42
20240928,Guarulhos - SP,-23.455,-46.533,campo,garoa,40.7,11.85,83.74,17.16,2.5,0.65,0,4.0,0.0,18.4,74.66,939.2,80.0,3.28,4.88,NASA POWER Daily API,55.43
20240929,Guarulhos - SP,-23.455,-46.533,campo,garoa,30.56,6.43,44.35,0.0,2.5,0.05,0,4.0,0.0,21.68,68.91,938.7,10.49,3.78,4.38,NASA POWER Daily API,36.53
20240930,Guarulhos - SP,-23.455,-46.533,campo,garoa,28.5,12.13,142.22,15.72,2.5,0.03,0,4.0,0.0,24.34,60.13,936.9,27.12,5.11,2.85,NASA POWER Daily API,47.96
20241001,Guarulhos - SP,-23.455,-46.533,transporte,sol,20.53,7.08,154.42,29.05,2.5,0.0,0,0.0,1.0,28.06,37.03,933.0,11.01,9.89,3.3,NASA POWER Daily API,57.17
20241002,Guarulhos - SP,-23.455,-46.533,campo,garoa,19.94,0.37,163.92,1.96,2.5,0.46,0,4.0,0.0,28.46,37.11,931.1,8.68,8.58,4.36,NASA POWER Daily API,16.66
20241003,Guarulhos - SP,-23.455,-46.533,proximidade_agua,chuva,46.02,8.83,117.14,5.03,4.5,6.29,0,2.0,2.0,19.92,81.45,937.2,20.03,7.88,5.93,NASA POWER Daily API,55.11
20241004,Guarulhos - SP,-23.455,-46.533,transporte,garoa,58.95,1.42,103.97,22.08,3.5,4.75,0,4.0,1.0,17.04,86.75,939.8,3.83,11.31,5.38,NASA POWER Daily API,60.61
20241005,Guarulhos - SP,-23.455,-46.533,campo,garoa,54.2,9.99,116.83,12.83,3.5,0.47,0,4.0,0.0,19.5,75.75,938.7,8.52,5.92,4.77,NASA POWER Daily API,52.25
20241006,Guarulhos - SP,-23.455,-46.533,campo,garoa,55.58,13.02,35.17,10.41,2.5,0.01,0,4.0,0.0,20.21,69.27,936.5,80.0,11.18,3.87,NASA POWER Daily API,66.84
20241007,Guarulhos - SP,-23.455,-46.533,campo,sol,43.57,5.17,187.06,7.05,2.5,0.0,0,0.0,0.0,20.17,64.14,935.0,6.63,11.89,4.55,NASA POWER Daily API,34.44
20241008,Guarulhos - SP,-23.455,-46.533,proximidade_agua,garoa,32.97,9.61,60.58,8.19,3.5,0.04,0,4.0,2.0,22.64,63.08,933.2,15.66,2.13,3.47,NASA POWER Daily API,52.48
20241009,Guarulhos - SP,-23.455,-46.533,campo,garoa,57.19,6.03,5.0,14.88,2.5,1.07,0,4.0,0.0,19.76,78.99,936.7,7.08,1.68,4.66,NASA POWER Daily API,75.61
20241010,Guarulhos - SP,-23.455,-46.533,campo,chuva,52.64,8.99,44.57,5.97,2.5,6.74,0,2.0,0.0,20.41,81.57,936.2,6.21,3.48,2.79,NASA POWER Daily API,64.27
20241011,Guarulhos - SP,-23.455,-46.533,transporte,garoa,43.94,11.14,143.9,15.6,2.5,2.2,0,4.0,1.0,25.36,66.09,931.7,12.77,3.08,4.23,NASA POWER Daily API,53.82
20241012,Guarulhos - SP,-23.455,-46.533,campo,garoa,51.73,6.87,5.0,9.34,2.5,2.09,0,4.0,0.0,23.09,70.14,935.7,33.01,1.94,5.36,NASA POWER Daily API,68.97
20241013,Guarulhos - SP,-23.455,-46.533,transporte,garoa,60.64,12.34,56.68,16.0,2.5,1.32,0,4.0,1.0,20.01,78.51,942.5,0.81,1.78,4.84,NASA POWER Daily API,81.0
20241014,Guarulhos - SP,-23.455,-46.533,campo,garoa,61.51,6.61,128.58,17.04,2.5,0.48,0,4.0,0.0,20.23,75.48,942.6,4.27,4.91,5.54,NASA POWER Daily API,53.74
20241015,Guarulhos - SP,-23.455,-46.533,campo,garoa,42.61,11.29,33.44,12.46,3.5,0.02,0,4.0,0.0,21.77,68.16,937.9,2.9,5.77,3.65,NASA POWER Daily API,72.27
20241016,Guarulhos - SP,-23.455,-46.533,campo,garoa,55.79,8.22,168.55,7.3,2.5,2.71,0,4.0,0.0,22.71,70.82,934.1,16.09,20.74,3.11,NASA POWER Daily API,44.71
20241017,Guarulhos - SP,-23.455,-46.533,campo,garoa,42.08,10.46,189.62,9.58,2.5,0.11,0,4.0,0.0,22.2,72.44,934.8,12.36,3.14,3.14,NASA POWER Daily API,42.83
20241018,Guarulhos - SP,-23.455,-46.533,campo,garoa,42.38,11.19,68.61,3.65,2.5,0.48,0,4.0,0.0,21.95,72.14,934.5,2.23,2.41,3.52,NASA POWER Daily API,49.06
20241019,Guarulhos - SP,-23.455,-46.533,campo,chuva,65.16,5.75,54.2,8.73,3.5,10.71,0,2.0,0.0,18.42,86.65,933.9,7.5,3.84,4.56,NASA POWER Daily API,71.63
20241020,Guarulhos - SP,-23.455,-46.533,campo,chuva,98.36,9.87,42.85,10.42,4.5,14.5,1,2.0,0.0,17.32,90.42,934.9,5.66,13.45,4.04,NASA POWER Daily API,100.0
20241021,Guarulhos - SP,-23.455,-46.533,transporte,garoa,79.29,7.89,111.47,18.45,2.5,0.29,0,4.0,1.0,22.09,79.17,937.0,16.54,10.57,3.85,NASA POWER Daily API,62.39
20241022,Guarulhos - SP,-23.455,-46.533,campo,garoa,78.58,7.99,189.3,8.71,2.5,1.13,0,4.0,0.0,25.17,71.35,936.7,3.58,9.02,1.9,NASA POWER Daily API,50.93
20241023,Guarulhos - SP,-23.455,-46.533,transporte,chuva,100.0,0.98,73.41,21.9,2.5,22.05,1,2.0,1.0,24.58,76.94,933.5,9.36,8.63,2.09,NASA POWER Daily API,100.0
20241024,Guarulhos - SP,-23.455,-46.533,campo,tempestade,100.0,10.94,249.34,10.56,3.5,25.45,1,3.0,0.0,24.59,81.03,929.8,4.17,12.66,5.21,NASA POWER Daily API,100.0
20241025,Guarulhos - SP,-23.455,-46.533,transporte,garoa,100.0,8.4,70.15,18.91,3.5,1.15,0,4.0,1.0,24.39,79.61,929.3,1.45,4.4,7.52,NASA POWER Daily API,91.18
20241026,Guarulhos - SP,-23.455,-46.533,proximidade_agua,garoa,100.0,2.24,280.91,10.98,2.5,0.78,0,4.0,2.0,23.04,82.14,934.2,5.19,8.98,4.84,NASA POWER Daily API,58.0
20241027,Guarulhos - SP,-23.455,-46.533,campo,chuva,100.0,9.74,140.8,12.02,3.5,5.25,1,2.0,0.0,18.59,83.2,939.6,3.23,3.08,5.14,NASA POWER Daily API,89.69
20241028,Guarulhos - SP,-23.455,-46.533,campo,garoa,100.0,10.02,160.82,13.53,3.5,2.51,0,4.0,0.0,19.5,84.42,938.8,7.08,3.79,3.8,NASA POWER Daily API,68.83
20241029,Guarulhos - SP,-23.455,-46.533,campo,garoa,100.0,2.45,162.48,4.43,4.5,0.14,0,4.0,0.0,20.92,82.19,936.9,10.69,4.02,3.57,NASA POWER Daily API,49.54
20241030,Guarulhos - SP,-23.455,-46.533,campo,garoa,92.19,12.59,246.66,13.59,4.5,0.2,1,4.0,0.0,21.19,78.11,936.2,21.69,2.95,4.68,NASA POWER Daily API,85.39
20241031,Guarulhos - SP,-23.455,-46.533,campo,garoa,50.71,2.21,159.9,22.2,2.5,0.2,0,4.0,0.0,20.67,77.29,936.2,29.96,5.48,4.39,NASA POWER Daily API,52.51
20241101,Guarulhos - SP,-23.455,-46.533,transporte,garoa,46.84,5.39,38.08,24.7,3.5,0.02,0,4.0,1.0,22.27,73.36,936.0,18.53,4.72,3.95,NASA POWER Daily API,75.39
20241102,Guarulhos - SP,-23.455,-46.533,transporte,chuva,89.56,11.18,127.03,23.34,6.5,16.75,1,2.0,1.0,22.95,77.35,935.5,14.55,2.05,2.38,NASA POWER Daily API,100.0
20241103,Guarulhos - SP,-23.455,-46.533,transporte,tempestade,100.0,8.92,5.0,20.61,2.5,25.5,1,3.0,1.0,21.05,91.7,934.2,28.24,4.72,2.96,NASA POWER Daily API,100.0
20241104,Guarulhos - SP,-23.455,-46.533,campo,chuva,100.0,5.13,35.61,10.01,2.5,9.2,1,2.0,0.0,21.69,89.58,934.3,2.09,1.98,2.69,NASA POWER Daily API,100.0
20241105,Guarulhos - SP,-23.455,-46.533,transporte,chuva,100.0,6.74,5.0,15.32,2.5,5.17,1,2.0,1.0,23.16,82.27,934.5,17.88,3.24,2.01,NASA POWER Daily API,100.0
20241106,Guarulhos - SP,-23.455,-46.533,proximidade_agua,chuva,100.0,5.81,250.68,7.12,3.5,15.24,1,2.0,2.0,23.83,81.95,933.4,26.72,11.09,2.26,NASA POWER Daily API,93.37
20241107,Guarulhos - SP,-23.455,-46.533,transporte,chuva,100.0,8.29,36.17,17.23,5.5,12.68,1,2.0,1.0,22.56,88.34,930.5,23.27,4.13,4.17,NASA POWER Daily API,100.0
20241108,Guarulhos - SP,-23.455,-46.533,campo,chuva,100.0,6.13,170.03,9.66,4.5,16.23,1,2.0,0.0,21.5,87.79,929.4,6.37,12.21,5.57,NASA POWER Daily API,96.86
20241109,Guarulhos - SP,-23.455,-46.533,campo,chuva,100.0,15.66,30.12,2.81,3.5,5.44,1,2.0,0.0,18.62,87.95,934.1,7.25,3.59,3.97,NASA POWER Daily API,100.0
20241110,Guarulhos - SP,-23.455,-46.533,campo,garoa,100.0,7.42,158.23,7.44,2.5,0.17,0,4.0,0.0,18.66,82.77,935.1,5.31,2.26,3.42,NASA POWER Daily API,54.37
20241111,Guarulhos - SP,-23.455,-46.533,transporte,garoa,100.0,6.72,96.93,18.91,2.5,0.02,0,4.0,1.0,21.58,72.42,932.1,14.25,10.91,2.35,NASA POWER Daily API,68.04
20241112,Guarulhos - SP,-23.455,-46.533,campo,garoa,100.0,7.23,151.07,18.93,2.5,0.97,0,4.0,0.0,22.05,74.86,930.4,1.37,6.36,5.22,NASA POWER Daily API,81.62
20241113,Guarulhos - SP,-23.455,-46.533,campo,garoa,97.27,11.19,61.34,4.96,2.5,2.96,0,4.0,0.0,17.56,85.56,933.3,1.39,4.34,4.25,NASA POWER Daily API,77.91
20241114,Guarulhos - SP,-23.455,-46.533,campo,garoa,65.99,3.91,32.28,11.68,4.5,0.31,0,4.0,0.0,18.65,82.82,935.4,11.83,5.37,4.21,NASA POWER Daily API,67.51
20241115,Guarulhos - SP,-23.455,-46.533,transporte,garoa,51.38,10.74,25.48,22.51,3.5,2.07,0,4.0,1.0,20.88,83.85,935.7,6.25,6.17,4.14,NASA POWER Daily API,85.38
20241116,Guarulhos - SP,-23.455,-46.533,manutencao,garoa,52.37,7.64,115.7,10.91,3.5,2.21,0,4.0,3.0,21.67,83.96,936.0,6.46,5.14,3.52,NASA POWER Daily API,48.67
20241117,Guarulhos - SP,-23.455,-46.533,campo,garoa,47.63,11.33,27.69,12.77,2.5,0.16,0,4.0,0.0,22.29,79.02,935.2,1.42,5.47,2.33,NASA POWER Daily API,80.1
20241118,Guarulhos - SP,-23.455,-46.533,transporte,garoa,42.78,5.1,105.59,27.28,2.5,0.01,0,4.0,1.0,23.22,74.18,933.3,2.43,2.42,2.45,NASA POWER Daily API,65.54
20241119,Guarulhos - SP,-23.455,-46.533,proximidade_agua,garoa,43.82,7.92,85.76,3.69,4.5,0.48,0,4.0,2.0,22.14,78.49,934.1,3.29,7.07,2.85,NASA POWER Daily API,43.29
20241120,Guarulhos - SP,-23.455,-46.533,campo,garoa,32.36,11.26,218.61,16.61,2.5,0.84,0,4.0,0.0,23.89,73.85,933.8,6.31,7.48,2.8,NASA POWER Daily API,50.3
20241121,Guarulhos - SP,-23.455,-46.533,campo,garoa,50.96,2.82,129.68,16.42,2.5,3.59,0,4.0,0.0,21.52,83.36,935.9,13.56,5.94,5.37,NASA POWER Daily API,49.25
20241122,Guarulhos - SP,-23.455,-46.533,transporte,garoa,52.89,5.78,5.0,16.49,2.5,0.93,0,4.0,1.0,20.18,83.12,936.0,4.42,3.38,5.69,NASA POWER Daily API,75.99
20241123,Guarulhos - SP,-23.455,-46.533,transporte,garoa,53.31,10.64,185.44,23.29,3.5,0.57,0,4.0,1.0,20.03,80.48,936.0,6.32,3.92,5.73,NASA POWER Daily API,66.02
20241124,Guarulhos - SP,-23.455,-46.533,campo,garoa,45.23,6.52,159.57,7.44,2.5,0.13,0,4.0,0.0,19.58,76.61,937.9,3.94,6.52,4.91,NASA POWER Daily API,36.76
20241125,Guarulhos - SP,-23.455,-46.533,campo,sol,41.83,8.3,120.92,11.75,2.5,0.0,0,0.0,0.0,21.75,70.88,936.9,4.82,11.18,3.02,NASA POWER Daily API,42.94
20241126,Guarulhos - SP,-23.455,-46.533,transporte,sol,32.12,6.35,213.53,22.04,2.5,0.0,0,0.0,1.0,24.57,63.47,934.3,5.79,6.79,3.08,NASA POWER Daily API,51.03
20241127,Guarulhos - SP,-23.455,-46.533,campo,garoa,31.11,11.1,194.31,7.58,3.5,0.01,0,4.0,0.0,26.88,57.84,931.9,38.09,1.73,3.25,NASA POWER Daily API,39.96
20241128,Guarulhos - SP,-23.455,-46.533,campo,garoa,27.51,5.97,89.02,9.8,2.5,2.56,0,4.0,0.0,27.97,60.58,931.1,7.44,3.69,3.86,NASA POWER Daily API,36.9
20241129,Guarulhos - SP,-23.455,-46.533,campo,garoa,47.84,10.41,191.67,4.8,2.5,2.26,0,4.0,0.0,25.21,79.09,932.2,14.04,2.81,3.0,NASA POWER Daily API,40.75
20241130,Guarulhos - SP,-23.455,-46.533,campo,garoa,42.9,13.89,283.58,4.39,3.5,0.99,0,4.0,0.0,24.89,79.32,933.4,18.76,8.45,3.66,NASA POWER Daily API,43.27
20241201,Guarulhos - SP,-23.455,-46.533,transporte,garoa,42.23,7.66,167.12,20.03,3.5,0.1,0,4.0,1.0,25.12,72.59,932.7,6.3,9.05,3.31,NASA POWER Daily API,55.28
20241202,Guarulhos - SP,-23.455,-46.533,campo,chuva,59.48,5.87,31.15,8.71,2.5,6.12,0,2.0,0.0,26.16,74.62,930.1,15.59,8.47,4.83,NASA POWER Daily API,70.33
20241203,Guarulhos - SP,-23.455,-46.533,campo,tempestade,100.0,12.38,140.69,4.4,3.5,32.49,1,3.0,0.0,22.54,88.39,931.3,8.33,4.11,4.29,NASA POWER Daily API,100.0
20241204,Guarulhos - SP,-23.455,-46.533,campo,garoa,100.0,10.03,53.41,25.41,3.5,3.0,0,4.0,0.0,19.28,89.86,934.9,12.0,11.49,5.78,NASA POWER Daily API,96.47
20241205,Guarulhos - SP,-23.455,-46.533,proximidade_agua,garoa,100.0,2.1,62.41,2.94,2.5,1.89,0,4.0,2.0,22.36,85.07,933.8,8.26,1.44,2.55,NASA POWER Daily API,57.18
20241206,Guarulhos - SP,-23.455,-46.533,campo,garoa,98.01,5.34,153.69,13.36,2.5,0.09,0,4.0,0.0,25.99,74.67,933.1,15.1,9.28,3.69,NASA POWER Daily API,59.05
20241207,Guarulhos - SP,-23.455,-46.533,proximidade_agua,garoa,100.0,9.64,132.04,6.19,2.5,0.18,0,4.0,2.0,25.98,72.52,932.6,3.4,6.25,4.3,NASA POWER Daily API,59.32
20241208,Guarulhos - SP,-23.455,-46.533,campo,garoa,100.0,5.88,17.12,16.18,2.5,1.91,0,4.0,0.0,23.18,82.32,934.1,3.26,7.73,2.01,NASA POWER Daily API,87.27
20241209,Guarulhos - SP,-23.455,-46.533,campo,garoa,100.0,11.27,74.35,9.67,2.5,4.07,0,4.0,0.0,23.05,85.13,933.5,21.88,5.01,2.81,NASA POWER Daily API,69.74
20241210,Guarulhos - SP,-23.455,-46.533,transporte,chuva,85.42,6.45,280.47,17.64,3.5,11.27,1,2.0,1.0,21.83,88.71,931.5,46.87,11.78,5.27,NASA POWER Daily API,95.99
20241211,Guarulhos - SP,-23.455,-46.533,campo,garoa,62.62,10.92,58.63,12.86,2.5,1.24,0,4.0,0.0,20.36,82.22,934.3,4.01,3.41,4.89,NASA POWER Daily API,64.09
20241212,Guarulhos - SP,-23.455,-46.533,campo,garoa,66.41,8.89,5.21,10.58,2.5,0.14,0,4.0,0.0,20.56,78.52,934.8,16.88,9.47,3.89,NASA POWER Daily API,75.19
20241213,Guarulhos - SP,-23.455,-46.533,proximidade_agua,garoa,59.22,0.0,5.0,14.38,3.5,0.13,0,4.0,2.0,21.12,79.81,933.3,35.18,9.93,3.04,NASA POWER Daily API,74.76
20241214,Guarulhos - SP,-23.455,-46.533,transporte,chuva,77.08,7.58,139.31,25.46,2.5,6.2,0,2.0,1.0,22.32,80.89,929.9,14.73,9.42,4.96,NASA POWER Daily API,80.78
20241215,Guarulhos - SP,-23.455,-46.533,campo,garoa,79.66,7.06,5.0,1.99,2.5,3.6,0,4.0,0.0,24.39,74.18,928.2,12.24,5.27,6.59,NASA POWER Daily API,70.32
20241216,Guarulhos - SP,-23.455,-46.533,campo,garoa,74.93,3.94,117.67,13.34,2.5,0.26,0,4.0,0.0,24.12,70.3,931.5,7.59,2.05,5.46,NASA POWER Daily API,50.91
20241217,Guarulhos - SP,-23.455,-46.533,manutencao,garoa,45.26,14.5,117.24,12.59,2.5,0.27,0,4.0,3.0,22.01,71.58,935.6,7.18,3.59,3.3,NASA POWER Daily API,51.88
20241218,Guarulhos - SP,-23.455,-46.533,transporte,garoa,50.36,5.49,109.37,16.23,2.5,0.23,0,4.0,1.0,21.41,75.63,936.5,6.79,11.59,3.6,NASA POWER Daily API,48.4
20241219,Guarulhos - SP,-23.455,-46.533,transporte,garoa,47.89,3.77,82.0,19.92,2.5,0.22,0,4.0,1.0,23.92,70.17,934.8,9.12,10.6,2.67,NASA POWER Daily API,52.97
20241220,Guarulhos - SP,-23.455,-46.533,transporte,chuva,100.0,7.81,323.17,14.71,3.5,17.57,1,2.0,1.0,24.87,76.26,931.5,67.66,7.77,5.02,NASA POWER Daily API,100.0
20241221,Guarulhos - SP,-23.455,-46.533,campo,chuva,96.26,10.2,287.12,4.12,3.5,7.66,1,2.0,0.0,23.11,86.99,932.6,1.13,8.87,4.04,NASA POWER Daily API,94.4
20241222,Guarulhos - SP,-23.455,-46.533,campo,garoa,90.24,15.55,89.97,9.59,3.5,4.3,1,4.0,0.0,23.55,83.72,933.7,4.31,3.5,2.12,NASA POWER Daily API,84.85
20241223,Guarulhos - SP,-23.455,-46.533,campo,chuva,100.0,1.46,15.84,17.75,2.5,8.42,1,2.0,0.0,21.85,86.04,934.7,3.58,4.51,5.41,NASA POWER Daily API,100.0
20241224,Guarulhos - SP,-23.455,-46.533,campo,garoa,92.78,10.35,5.0,8.13,3.5,0.75,0,4.0,0.0,22.07,81.21,934.9,12.72,2.52,4.79,NASA POWER Daily API,84.36
20241225,Guarulhos - SP,-23.455,-46.533,transporte,garoa,100.0,9.56,131.82,18.0,3.5,4.75,0,4.0,1.0,24.54,75.94,931.8,24.45,4.64,2.36,NASA POWER Daily API,76.55
20241226,Guarulhos - SP,-23.455,-46.533,campo,tempestade,100.0,8.64,88.25,9.62,2.5,38.06,1,3.0,0.0,23.33,88.67,930.8,17.19,10.84,1.65,NASA POWER Daily API,100.0
20241227,Guarulhos - SP,-23.455,-46.533,campo,chuva,100.0,5.11,113.56,8.08,5.5,15.74,1,2.0,0.0,22.96,87.92,932.0,5.47,9.47,3.49,NASA POWER Daily API,95.35
20241228,Guarulhos - SP,-23.455,-46.533,transporte,garoa,100.0,8.55,95.34,18.6,2.5,3.47,0,4.0,1.0,23.55,83.99,933.8,11.17,15.52,2.75,NASA POWER Daily API,72.77
20241229,Guarulhos - SP,-23.455,-46.533,campo,garoa,100.0,8.66,5.0,15.01,3.5,3.78,0,4.0,0.0,22.59,83.57,933.3,7.33,1.92,4.12,NASA POWER Daily API,96.34
20241230,Guarulhos - SP,-23.455,-46.533,campo,garoa,100.0,6.51,25.75,12.68,2.5,2.91,0,4.0,0.0,21.8,84.43,933.5,4.72,7.44,3.56,NASA POWER Daily API,81.95
20241231,Guarulhos - SP,-23.455,-46.533,manutencao,garoa,100.0,8.49,202.4,13.36,3.5,1.77,0,4.0,3.0,22.7,80.45,934.0,3.51,13.52,2.58,NASA POWER Daily API,66.64
20250101,Guarulhos - SP,-23.455,-46.533,transporte,garoa,100.0,5.9,291.13,21.37,3.5,2.46,0,4.0,1.0,23.22,79.72,933.7,15.52,8.84,2.34,NASA POWER Daily API,74.61
20250102,Guarulhos - SP,-23.455,-46.533,campo,garoa,86.27,10.43,131.2,5.82,2.5,2.98,0,4.0,0.0,24.36,75.93,932.2,9.24,9.67,3.1,NASA POWER Daily API,54.26
20250103,Guarulhos - SP,-23.455,-46.533,transporte,garoa,66.05,8.92,183.65,15.84,2.5,1.32,0,4.0,1.0,24.86,76.01,930.5,3.38,2.49,4.83,NASA POWER Daily API,57.67
20250104,Guarulhos - SP,-23.455,-46.533,transporte,garoa,65.1,10.2,166.42,19.73,5.5,2.98,0,4.0,1.0,23.78,78.88,930.2,10.5,7.15,4.39,NASA POWER Daily API,71.64
20250105,Guarulhos - SP,-23.455,-46.533,campo,chuva,78.09,6.0,75.25,5.87,2.5,8.94,1,2.0,0.0,22.47,78.87,931.8,20.34,6.66,3.55,NASA POWER Daily API,77.83
20250106,Guarulhos - SP,-23.455,-46.533,transporte,garoa,66.31,17.7,100.66,20.03,2.5,1.0,0,4.0,1.0,22.85,78.71,931.9,10.52,7.84,2.93,NASA POWER Daily API,71.81
20250107,Guarulhos - SP,-23.455,-46.533,transporte,garoa,80.51,8.77,142.99,14.6,2.5,2.55,0,4.0,1.0,22.53,82.74,931.9,6.51,3.54,2.67,NASA POWER Daily API,61.38
20250108,Guarulhos - SP,-23.455,-46.533,campo,garoa,89.63,7.16,5.0,8.35,2.5,4.25,0,4.0,0.0,22.46,83.35,932.1,12.42,6.72,3.99,NASA POWER Daily API,81.71
20250109,Guarulhos - SP,-23.455,-46.533,campo,garoa,74.89,9.09,45.53,8.74,2.5,3.9,0,4.0,0.0,20.94,85.13,931.8,2.39,8.89,4.07,NASA POWER Daily API,73.36
20250110,Guarulhos - SP,-23.455,-46.533,campo,garoa,76.1,8.13,186.03,4.04,2.5,0.31,0,4.0,0.0,20.61,80.54,932.5,8.74,6.99,3.58,NASA POWER Daily API,44.01
20250111,Guarulhos - SP,-23.455,-46.533,campo,garoa,59.11,3.21,59.48,14.53,2.5,0.14,0,4.0,0.0,21.05,74.34,932.1,2.01,2.89,3.23,NASA POWER Daily API,61.88
20250112,Guarulhos - SP,-23.455,-46.533,campo,garoa,52.56,3.64,5.0,8.24,4.5,0.55,0,4.0,0.0,20.23,81.29,932.6,20.2,2.42,4.56,NASA POWER Daily API,67.51
20250113,Guarulhos - SP,-23.455,-46.533,transporte,garoa,56.18,6.66,71.24,24.23,2.5,0.06,0,4.0,1.0,19.81,78.02,932.5,21.1,6.27,3.98,NASA POWER Daily API,67.12
20250114,Guarulhos - SP,-23.455,-46.533,transporte,garoa,50.77,9.03,206.78,16.5,3.5,0.31,0,4.0,1.0,20.22,79.33,932.2,14.42,2.82,3.93,NASA POWER Daily API,55.1
20250115,Guarulhos - SP,-23.455,-46.533,campo,garoa,44.37,3.79,222.7,22.02,2.5,0.26,0,4.0,0.0,22.26,79.09,932.9,28.66,5.19,4.43,NASA POWER Daily API,52.33
20250116,Guarulhos - SP,-23.455,-46.533,campo,chuva,56.11,8.82,69.68,6.53,2.5,11.28,0,2.0,0.0,23.91,82.39,933.9,13.26,2.23,3.84,NASA POWER Daily API,62.77
20250117,Guarulhos - SP,-23.455,-46.533,campo,garoa,70.9,4.56,193.93,9.34,2.5,3.95,0,4.0,0.0,24.68,80.82,935.1,20.96,7.45,1.99,NASA POWER Daily API,48.6
20250118,Guarulhos - SP,-23.455,-46.533,campo,garoa,61.48,11.56,47.52,12.75,2.5,3.52,0,4.0,0.0,25.2,78.58,934.7,11.71,5.96,3.46,NASA POWER Daily API,69.75
20250119,Guarulhos - SP,-23.455,-46.533,transporte,garoa,68.25,10.79,135.8,23.59,2.5,4.87,0,4.0,1.0,25.81,78.07,933.1,1.94,8.43,2.15,NASA POWER Daily API,79.18
20250120,Guarulhos - SP,-23.455,-46.533,campo,garoa,72.02,5.93,259.77,8.0,2.5,0.46,0,4.0,0.0,25.65,75.4,931.9,8.18,2.72,5.11,NASA POWER Daily API,45.61
20250121,Guarulhos - SP,-23.455,-46.533,campo,garoa,76.52,6.43,153.59,0.0,2.5,0.83,0,4.0,0.0,26.72,68.24,933.1,5.49,3.16,4.97,NASA POWER Daily API,37.75
20250122,Guarulhos - SP,-23.455,-46.533,transporte,chuva,81.64,7.43,87.94,9.73,2.5,5.37,1,2.0,1.0,25.9,74.37,936.4,18.41,1.55,2.36,NASA POWER Daily API,77.7
20250123,Guarulhos - SP,-23.455,-46.533,campo,garoa,61.82,13.58,185.33,9.41,2.5,0.7,0,4.0,0.0,24.63,77.67,937.0,3.66,8.63,1.72,NASA POWER Daily API,52.22
20250124,Guarulhos - SP,-23.455,-46.533,transporte,garoa,70.5,6.7,32.58,17.59,2.5,3.58,0,4.0,1.0,25.25,75.64,936.0,4.62,6.72,2.11,NASA POWER Daily API,77.85
20250125,Guarulhos - SP,-23.455,-46.533,campo,garoa,67.71,9.42,114.82,9.58,2.5,3.65,0,4.0,0.0,26.04,73.76,934.6,12.46,15.39,2.78,NASA POWER Daily API,52.83
20250126,Guarulhos - SP,-23.455,-46.533,manutencao,chuva,88.04,17.88,163.86,8.94,2.5,10.36,1,2.0,3.0,24.08,82.5,934.4,2.83,3.88,3.14,NASA POWER Daily API,99.87
20250127,Guarulhos - SP,-23.455,-46.533,manutencao,chuva,91.68,7.44,131.75,12.18,3.5,5.94,1,2.0,3.0,22.92,84.83,934.4,3.91,9.25,2.47,NASA POWER Daily API,86.0
20250128,Guarulhos - SP,-23.455,-46.533,campo,garoa,83.8,7.0,134.07,14.95,3.5,4.59,0,4.0,0.0,23.51,82.09,933.8,12.88,5.13,1.88,NASA POWER Daily API,64.9
20250129,Guarulhos - SP,-23.455,-46.533,transporte,chuva,100.0,8.06,117.05,9.26,3.5,10.42,1,2.0,1.0,22.95,86.44,933.1,5.66,4.32,2.16,NASA POWER Daily API,90.16
20250130,Guarulhos - SP,-23.455,-46.533,campo,tempestade,100.0,2.79,90.41,12.17,4.5,27.26,1,3.0,0.0,22.85,88.83,931.5,5.93,5.7,2.03,NASA POWER Daily API,100.0
20250131,Guarulhos - SP,-23.455,-46.533,campo,chuva,100.0,5.07,125.52,12.19,4.5,14.15,1,2.0,0.0,23.3,87.8,930.7,0.57,3.52,2.35,NASA POWER Daily API,100.0
20250201,Guarulhos - SP,-23.455,-46.533,transporte,chuva,100.0,8.53,115.24,7.24,2.5,13.24,1,2.0,1.0,22.59,86.95,930.3,3.06,6.47,3.4,NASA POWER Daily API,88.97
20250202,Guarulhos - SP,-23.455,-46.533,campo,chuva,100.0,7.09,145.76,11.11,2.5,12.11,1,2.0,0.0,23.49,86.28,930.9,1.72,2.2,2.23,NASA POWER Daily API,97.03
20250203,Guarulhos - SP,-23.455,-46.533,campo,chuva,100.0,6.05,173.14,9.49,4.5,10.48,1,2.0,0.0,23.44,85.99,932.9,10.06,13.92,3.56,NASA POWER Daily API,90.46
20250204,Guarulhos - SP,-23.455,-46.533,transporte,chuva,100.0,9.36,118.01,16.08,2.5,5.52,1,2.0,1.0,24.19,81.38,934.0,4.55,2.74,2.87,NASA POWER Daily API,92.87
20250205,Guarulhos - SP,-23.455,-46.533,manutencao,garoa,100.0,4.65,169.62,10.47,2.5,1.97,0,4.0,3.0,24.53,82.59,934.5,5.77,1.78,1.64,NASA POWER Daily API,57.0
20250206,Guarulhos - SP,-23.455,-46.533,proximidade_agua,garoa,100.0,10.64,59.39,12.5,3.5,1.93,0,4.0,2.0,25.48,75.29,935.2,14.5,12.42,1.92,NASA POWER Daily API,81.07
20250207,Guarulhos - SP,-23.455,-46.533,campo,garoa,100.0,0.98,5.0,12.38,3.5,1.7,0,4.0,0.0,24.65,78.42,935.5,7.86,5.28,2.37,NASA POWER Daily API,82.86
20250208,Guarulhos - SP,-23.455,-46.533,proximidade_agua,garoa,89.81,11.93,120.68,7.39,3.5,0.79,0,4.0,2.0,23.67,83.09,936.8,80.0,6.09,3.56,NASA POWER Daily API,62.61
20250209,Guarulhos - SP,-23.455,-46.533,transporte,garoa,70.35,14.01,187.36,11.77,5.5,0.06,0,4.0,1.0,23.15,78.26,937.3,12.18,3.46,2.59,NASA POWER Daily API,64.0
20250210,Guarulhos - SP,-23.455,-46.533,transporte,garoa,56.33,14.16,288.49,18.94,2.5,2.21,0,4.0,1.0,24.3,80.18,935.8,5.18,9.1,1.94,NASA POWER Daily API,64.61
20250211,Guarulhos - SP,-23.455,-46.533,campo,garoa,48.35,11.13,74.24,11.56,2.5,2.27,0,4.0,0.0,24.97,74.66,934.4,14.43,14.4,1.89,NASA POWER Daily API,54.69
20250212,Guarulhos - SP,-23.455,-46.533,transporte,garoa,53.22,5.29,140.09,14.62,3.5,1.13,0,4.0,1.0,25.56,69.53,934.4,8.14,2.28,2.05,NASA POWER Daily API,50.19
20250213,Guarulhos - SP,-23.455,-46.533,campo,garoa,51.94,9.57,295.43,17.57,4.5,4.71,0,4.0,0.0,23.86,81.95,935.7,1.7,4.19,2.63,NASA POWER Daily API,69.44
20250214,Guarulhos - SP,-23.455,-46.533,campo,garoa,66.25,3.81,171.91,1.91,2.5,3.91,0,4.0,0.0,22.63,86.68,934.9,21.78,5.0,1.8,NASA POWER Daily API,37.48
20250215,Guarulhos - SP,-23.455,-46.533,proximidade_agua,garoa,62.21,11.12,231.35,11.83,2.5,0.83,0,4.0,2.0,24.62,79.86,933.9,14.82,5.73,2.25,NASA POWER Daily API,57.12
20250216,Guarulhos - SP,-23.455,-46.533,transporte,garoa,52.68,4.12,38.8,17.72,2.5,0.11,0,4.0,1.0,26.57,72.02,934.1,29.04,4.84,2.6,NASA POWER Daily API,64.93
20250217,Guarulhos - SP,-23.455,-46.533,transporte,sol,49.33,7.26,170.55,17.9,4.5,0.0,0,0.0,1.0,27.26,56.77,934.0,8.61,12.26,3.36,NASA POWER Daily API,56.29
20250218,Guarulhos - SP,-23.455,-46.533,transporte,garoa,61.02,9.75,31.89,20.75,2.5,4.6,0,4.0,1.0,25.73,73.12,934.7,4.08,8.95,3.81,NASA POWER Daily API,83.43
20250219,Guarulhos - SP,-23.455,-46.533,proximidade_agua,chuva,81.81,9.14,94.12,8.69,2.5,11.02,1,2.0,2.0,25.76,78.46,934.9,7.48,7.11,2.24,NASA POWER Daily API,87.1
20250220,Guarulhos - SP,-23.455,-46.533,proximidade_agua,garoa,67.47,7.0,5.0,3.71,2.5,1.21,0,4.0,2.0,25.57,77.41,936.1,10.65,2.39,2.52,NASA POWER Daily API,69.93
20250221,Guarulhos - SP,-23.455,-46.533,transporte,garoa,72.27,13.0,104.13,24.42,2.5,3.88,0,4.0,1.0,24.1,84.72,938.1,11.56,2.38,2.64,NASA POWER Daily API,76.45
20250222,Guarulhos - SP,-23.455,-46.533,transporte,garoa,70.51,10.76,50.8,19.56,2.5,1.97,0,4.0,1.0,23.85,83.3,937.7,6.38,6.19,3.42,NASA POWER Daily API,77.47
20250223,Guarulhos - SP,-23.455,-46.533,transporte,garoa,66.39,13.14,209.16,15.47,2.5,0.92,0,4.0,1.0,24.37,76.62,936.9,3.65,2.58,2.88,NASA POWER Daily API,60.92
20250224,Guarulhos - SP,-23.455,-46.533,proximidade_agua,garoa,59.72,10.97,98.52,7.01,2.5,0.34,0,4.0,2.0,24.95,73.35,936.8,12.83,3.14,2.99,NASA POWER Daily API,49.52
20250225,Guarulhos - SP,-23.455,-46.533,campo,garoa,60.47,3.98,105.56,18.21,3.5,0.01,0,4.0,0.0,25.27,71.19,937.7,2.38,6.49,2.91,NASA POWER Daily API,60.18
20250226,Guarulhos - SP,-23.455,-46.533,campo,garoa,46.6,10.51,150.88,11.67,2.5,0.01,0,4.0,0.0,25.38,71.52,937.4,1.22,5.97,2.68,NASA POWER Daily API,58.57
20250227,Guarulhos - SP,-23.455,-46.533,proximidade_agua,garoa,52.36,3.72,174.83,16.83,2.5,3.43,0,4.0,2.0,24.92,71.29,936.4,6.97,5.87,2.67,NASA POWER Daily API,54.94
20250228,Guarulhos - SP,-23.455,-46.533,campo,garoa,36.23,8.65,52.03,9.51,3.5,0.21,0,4.0,0.0,24.8,72.54,936.8,40.89,6.34,2.72,NASA POWER Daily API,52.58
20250301,Guarulhos - SP,-23.455,-46.533,campo,sol,49.19,6.63,71.45,4.01,2.5,0.0,0,0.0,0.0,25.33,69.28,937.6,18.54,18.72,2.99,NASA POWER Daily API,39.54
20250302,Guarulhos - SP,-23.455,-46.533,manutencao,garoa,41.99,8.22,188.52,0.56,2.5,0.17,0,4.0,3.0,25.53,66.85,937.7,15.6,4.85,2.95,NASA POWER Daily API,29.03
20250303,Guarulhos - SP,-23.455,-46.533,campo,garoa,31.71,6.15,80.61,3.65,2.5,0.1,0,4.0,0.0,24.45,69.89,938.1,22.92,3.37,3.57,NASA POWER Daily API,30.35
20250304,Guarulhos - SP,-23.455,-46.533,campo,garoa,34.38,9.05,66.66,8.0,5.5,0.18,0,4.0,0.0,24.92,69.48,937.4,3.07,9.73,4.18,NASA POWER Daily API,50.4
20250305,Guarulhos - SP,-23.455,-46.533,transporte,garoa,39.65,11.81,64.51,18.42,2.5,0.05,0,4.0,1.0,24.67,70.36,938.0,2.17,4.28,3.73,NASA POWER Daily API,67.93
20250306,Guarulhos - SP,-23.455,-46.533,transporte,sol,32.06,3.69,5.0,26.49,5.5,0.0,0,0.0,1.0,23.81,70.89,940.0,28.56,3.99,4.53,NASA POWER Daily API,85.33
20250307,Guarulhos - SP,-23.455,-46.533,manutencao,garoa,31.16,12.57,141.82,11.84,2.5,0.02,0,4.0,3.0,24.23,71.6,940.0,13.36,6.0,4.75,NASA POWER Daily API,44.14
20250308,Guarulhos - SP,-23.455,-46.533,campo,garoa,41.31,5.1,120.37,12.05,2.5,0.14,0,4.0,0.0,24.25,72.8,937.9,4.91,5.89,3.18,NASA POWER Daily API,39.87
20250309,Guarulhos - SP,-23.455,-46.533,campo,garoa,20.88,8.03,26.45,4.17,2.5,0.17,0,4.0,0.0,25.18,65.72,934.7,11.75,6.62,2.81,NASA POWER Daily API,46.28
20250310,Guarulhos - SP,-23.455,-46.533,campo,garoa,24.33,3.64,287.75,7.21,2.5,0.63,0,4.0,0.0,23.18,75.12,935.0,3.85,5.17,2.96,NASA POWER Daily API,27.86
20250311,Guarulhos - SP,-23.455,-46.533,campo,garoa,41.33,8.44,81.9,7.06,3.5,1.77,0,4.0,0.0,23.65,77.45,937.3,11.09,21.0,2.03,NASA POWER Daily API,43.79
20250312,Guarulhos - SP,-23.455,-46.533,transporte,garoa,50.86,7.73,5.0,12.53,4.5,4.36,0,4.0,1.0,24.52,76.52,937.2,6.31,2.76,2.8,NASA POWER Daily API,79.95
20250313,Guarulhos - SP,-23.455,-46.533,manutencao,garoa,51.42,5.15,57.01,4.06,2.5,3.53,0,4.0,3.0,24.68,75.85,935.3,5.93,4.49,2.39,NASA POWER Daily API,46.26
20250314,Guarulhos - SP,-23.455,-46.533,transporte,garoa,53.46,7.11,159.99,21.81,2.5,1.66,0,4.0,1.0,23.79,79.97,934.8,7.98,3.22,2.38,NASA POWER Daily API,59.48
20250315,Guarulhos - SP,-23.455,-46.533,campo,garoa,61.14,9.42,158.7,13.06,2.5,1.72,0,4.0,0.0,23.22,81.44,936.1,14.32,8.28,3.37,NASA POWER Daily API,53.24
20250316,Guarulhos - SP,-23.455,-46.533,transporte,chuva,70.06,12.44,139.42,21.16,2.5,5.71,0,2.0,1.0,22.21,83.58,938.4,9.34,3.3,4.32,NASA POWER Daily API,77.34
20250317,Guarulhos - SP,-23.455,-46.533,transporte,garoa,86.7,6.8,126.03,16.55,2.5,3.72,0,4.0,1.0,23.05,81.21,938.4,32.05,3.42,3.21,NASA POWER Daily API,64.26
20250318,Guarulhos - SP,-23.455,-46.533,campo,chuva,81.69,5.58,5.0,13.7,2.5,9.53,1,2.0,0.0,23.51,80.27,935.8,5.22,1.98,2.45,NASA POWER Daily API,100.0
20250319,Guarulhos - SP,-23.455,-46.533,campo,chuva,100.0,12.16,96.03,6.59,2.5,21.37,1,2.0,0.0,21.58,88.0,935.8,15.18,4.37,3.67,NASA POWER Daily API,99.54
20250320,Guarulhos - SP,-23.455,-46.533,transporte,garoa,100.0,3.93,153.75,10.79,2.5,1.39,0,4.0,1.0,20.35,82.17,938.5,15.2,5.85,3.93,NASA POWER Daily API,55.81
20250321,Guarulhos - SP,-23.455,-46.533,campo,garoa,100.0,11.74,198.6,13.93,2.5,0.67,0,4.0,0.0,20.72,82.43,938.9,15.07,3.89,3.46,NASA POWER Daily API,67.23
20250322,Guarulhos - SP,-23.455,-46.533,campo,garoa,100.0,9.75,212.69,7.76,2.5,0.22,0,4.0,0.0,23.0,77.46,937.3,11.44,4.76,2.55,NASA POWER Daily API,57.11
20250323,Guarulhos - SP,-23.455,-46.533,transporte,garoa,100.0,2.07,39.65,24.66,2.5,3.56,0,4.0,1.0,22.92,81.92,935.7,2.33,4.13,2.35,NASA POWER Daily API,94.56
20250324,Guarulhos - SP,-23.455,-46.533,campo,chuva,100.0,6.42,79.46,18.33,4.5,5.33,1,2.0,0.0,23.12,81.48,934.7,6.28,1.99,1.8,NASA POWER Daily API,99.83
20250325,Guarulhos - SP,-23.455,-46.533,proximidade_agua,garoa,94.32,7.84,92.88,4.33,2.5,2.5,0,4.0,2.0,23.68,79.6,935.6,9.84,8.5,2.18,NASA POWER Daily API,55.4
20250326,Guarulhos - SP,-23.455,-46.533,transporte,garoa,58.48,8.51,111.6,20.55,2.5,2.2,0,4.0,1.0,21.56,85.6,936.7,5.53,3.71,3.0,NASA POWER Daily API,61.39
20250327,Guarulhos - SP,-23.455,-46.533,campo,garoa,64.73,5.66,114.66,12.73,3.5,0.83,0,4.0,0.0,22.28,82.07,935.9,18.37,9.75,3.48,NASA POWER Daily API,51.28
20250328,Guarulhos - SP,-23.455,-46.533,campo,garoa,63.56,6.95,98.26,15.4,3.5,3.71,0,4.0,0.0,23.55,77.74,934.6,2.54,2.91,2.47,NASA POWER Daily API,64.44
20250329,Guarulhos - SP,-23.455,-46.533,campo,garoa,61.17,5.52,241.64,13.2,3.5,0.57,0,4.0,0.0,23.98,77.47,934.3,5.46,4.51,2.16,NASA POWER Daily API,50.51
20250330,Guarulhos - SP,-23.455,-46.533,transporte,garoa,57.17,8.95,277.29,19.33,2.5,0.49,0,4.0,1.0,23.66,78.37,934.2,6.76,22.35,2.75,NASA POWER Daily API,58.95
20250331,Guarulhos - SP,-23.455,-46.533,campo,chuva,58.86,9.89,56.93,5.22,2.5,5.7,0,2.0,0.0,24.5,77.86,935.7,8.06,1.77,1.43,NASA POWER Daily API,61.48
20250401,Guarulhos - SP,-23.455,-46.533,campo,garoa,57.41,6.69,153.56,6.35,4.5,1.55,0,4.0,0.0,24.05,77.53,936.6,1.45,2.72,2.59,NASA POWER Daily API,56.97
20250402,Guarulhos - SP,-23.455,-46.533,manutencao,garoa,61.62,9.01,167.84,7.99,3.5,0.78,0,4.0,3.0,25.49,74.84,935.0,2.34,2.45,1.86,NASA POWER Daily API,53.95
20250403,Guarulhos - SP,-23.455,-46.533,campo,garoa,52.6,4.41,147.16,5.91,2.5,1.91,0,4.0,0.0,25.38,71.43,934.7,4.64,10.74,3.41,NASA POWER Daily API,36.76
20250404,Guarulhos - SP,-23.455,-46.533,campo,chuva,100.0,5.58,124.77,5.08,3.5,20.91,1,2.0,0.0,22.73,84.15,937.2,3.71,2.54,4.15,NASA POWER Daily API,91.69
20250405,Guarulhos - SP,-23.455,-46.533,campo,garoa,80.45,4.62,173.34,4.46,5.5,2.92,0,4.0,0.0,18.12,86.35,943.3,13.6,7.13,7.03,NASA POWER Daily API,50.63
20250406,Guarulhos - SP,-23.455,-46.533,campo,garoa,85.74,2.82,327.94,4.81,2.5,0.07,0,4.0,0.0,18.3,81.85,943.3,2.75,2.17,5.27,NASA POWER Daily API,47.31
20250407,Guarulhos - SP,-23.455,-46.533,proximidade_agua,garoa,88.69,6.48,7.76,0.0,2.5,0.01,0,4.0,2.0,18.99,78.42,940.4,5.47,3.46,4.48,NASA POWER Daily API,68.84
20250408,Guarulhos - SP,-23.455,-46.533,campo,garoa,75.82,9.03,93.13,7.04,2.5,0.06,0,4.0,0.0,20.88,77.3,936.9,7.48,8.07,2.19,NASA POWER Daily API,48.08
20250409,Guarulhos - SP,-23.455,-46.533,campo,garoa,68.43,3.41,55.78,7.06,5.5,1.59,0,4.0,0.0,22.81,74.89,935.1,9.01,9.58,3.3,NASA POWER Daily API,58.28
20250410,Guarulhos - SP,-23.455,-46.533,proximidade_agua,chuva,90.91,12.74,129.79,5.87,2.5,6.32,1,2.0,2.0,21.76,83.7,934.6,8.92,7.29,2.68,NASA POWER Daily API,85.64
20250411,Guarulhos - SP,-23.455,-46.533,proximidade_agua,garoa,54.78,12.19,5.0,7.59,2.5,1.33,0,4.0,2.0,21.15,82.63,935.5,3.7,18.38,2.47,NASA POWER Daily API,76.84
20250412,Guarulhos - SP,-23.455,-46.533,campo,garoa,46.92,8.08,5.0,8.56,3.5,0.2,0,4.0,0.0,21.14,80.75,936.2,3.36,10.18,3.09,NASA POWER Daily API,68.14
20250413,Guarulhos - SP,-23.455,-46.533,proximidade_agua,garoa,58.73,6.54,99.64,3.93,4.5,3.78,0,4.0,2.0,22.57,76.08,934.8,2.76,2.1,2.43,NASA POWER Daily API,54.43
20250414,Guarulhos - SP,-23.455,-46.533,transporte,chuva,79.19,13.44,63.19,19.34,2.5,8.29,1,2.0,1.0,20.4,87.39,935.5,5.81,7.46,3.53,NASA POWER Daily API,100.0
20250415,Guarulhos - SP,-23.455,-46.533,campo,garoa,73.18,7.18,89.61,5.72,2.5,1.02,0,4.0,0.0,20.48,84.88,936.2,4.09,2.67,2.82,NASA POWER Daily API,44.77
20250416,Guarulhos - SP,-23.455,-46.533,campo,garoa,75.15,5.09,144.09,7.3,2.5,0.41,0,4.0,0.0,20.7,84.97,934.8,3.84,6.9,1.76,NASA POWER Daily API,44.54
20250417,Guarulhos - SP,-23.455,-46.533,campo,garoa,67.19,7.21,64.78,6.19,2.5,1.41,0,4.0,0.0,21.48,84.08,936.3,17.3,5.76,2.44,NASA POWER Daily API,51.4
20250418,Guarulhos - SP,-23.455,-46.533,transporte,garoa,70.8,7.02,92.97,20.82,2.5,2.45,0,4.0,1.0,22.61,81.21,936.2,22.38,6.04,1.94,NASA POWER Daily API,64.0
20250419,Guarulhos - SP,-23.455,-46.533,campo,chuva,80.8,13.51,134.53,10.73,2.5,6.36,1,2.0,0.0,22.12,82.27,934.1,18.53,4.15,2.43,NASA POWER Daily API,85.57
20250420,Guarulhos - SP,-23.455,-46.533,campo,chuva,99.32,9.16,5.0,3.63,2.5,11.93,1,2.0,0.0,20.45,89.55,934.7,2.95,3.48,4.29,NASA POWER Daily API,100.0
20250421,Guarulhos - SP,-23.455,-46.533,transporte,garoa,75.7,8.63,15.93,16.76,2.5,1.35,0,4.0,1.0,18.67,87.2,935.7,13.0,3.33,3.74,NASA POWER Daily API,83.78
20250422,Guarulhos - SP,-23.455,-46.533,proximidade_agua,garoa,86.22,7.94,61.08,7.1,2.5,0.95,0,4.0,2.0,17.89,85.22,936.5,6.4,4.87,3.24,NASA POWER Daily API,63.72
20250423,Guarulhos - SP,-23.455,-46.533,proximidade_agua,garoa,70.81,7.52,105.95,5.36,2.5,0.74,0,4.0,2.0,19.63,85.41,936.1,7.83,8.08,2.76,NASA POWER Daily API,47.68
20250424,Guarulhos - SP,-23.455,-46.533,campo,garoa,80.33,6.27,168.63,13.47,2.5,1.83,0,4.0,0.0,20.02,87.87,934.4,5.11,7.97,2.42,NASA POWER Daily API,57.06
20250425,Guarulhos - SP,-23.455,-46.533,campo,chuva,100.0,7.69,140.82,15.57,3.5,10.16,1,2.0,0.0,18.79,93.79,932.9,8.78,6.22,2.08,NASA POWER Daily API,99.04
20250426,Guarulhos - SP,-23.455,-46.533,proximidade_agua,garoa,77.82,7.7,5.0,6.98,2.5,0.25,0,4.0,2.0,20.84,85.19,933.2,6.35,10.79,2.12,NASA POWER Daily API,77.19
20250427,Guarulhos - SP,-23.455,-46.533,manutencao,garoa,54.72,0.0,79.12,6.21,2.5,0.06,0,4.0,3.0,21.58,83.35,933.0,21.16,7.95,1.72,NASA POWER Daily API,34.76
20250428,Guarulhos - SP,-23.455,-46.533,transporte,garoa,59.19,11.28,118.32,15.17,2.5,1.25,0,4.0,1.0,20.62,86.28,932.3,4.86,7.5,3.69,NASA POWER Daily API,57.35
20250429,Guarulhos - SP,-23.455,-46.533,campo,garoa,58.81,5.55,19.28,14.44,3.5,0.35,0,4.0,0.0,17.91,84.48,935.3,16.07,6.3,3.1,NASA POWER Daily API,72.32
20250430,Guarulhos - SP,-23.455,-46.533,campo,garoa,58.45,8.55,53.86,20.32,2.5,0.09,0,4.0,0.0,17.42,80.6,937.4,15.44,1.31,3.21,NASA POWER Daily API,69.8
20250501,Guarulhos - SP,-23.455,-46.533,transporte,nublado,61.0,8.1,167.5,21.51,2.5,0.0,0,1.0,1.0,17.82,82.87,938.8,12.43,3.17,3.35,NASA POWER Daily API,60.55
20250502,Guarulhos - SP,-23.455,-46.533,campo,sol,42.28,11.12,59.96,8.7,3.5,0.0,0,0.0,0.0,18.89,79.87,939.4,2.86,6.03,3.26,NASA POWER Daily API,59.21
20250503,Guarulhos - SP,-23.455,-46.533,campo,sol,34.61,11.23,94.13,11.04,3.5,0.0,0,0.0,0.0,19.37,77.0,939.0,3.57,6.0,2.53,NASA POWER Daily API,44.97
20250504,Guarulhos - SP,-23.455,-46.533,campo,sol,31.39,6.05,237.54,12.91,2.5,0.0,0,0.0,0.0,19.16,81.04,939.5,9.88,4.57,3.05,NASA POWER Daily API,38.72
20250505,Guarulhos - SP,-23.455,-46.533,proximidade_agua,garoa,33.2,8.91,87.65,14.39,2.5,0.01,0,4.0,2.0,19.59,79.87,939.8,8.08,14.83,2.63,NASA POWER Daily API,48.81
20250506,Guarulhos - SP,-23.455,-46.533,campo,garoa,23.14,6.73,243.63,13.69,2.5,0.01,0,4.0,0.0,20.0,75.31,938.1,3.85,3.64,2.27,NASA POWER Daily API,38.04
20250507,Guarulhos - SP,-23.455,-46.533,campo,garoa,38.99,11.37,158.76,6.01,3.5,0.02,0,4.0,0.0,20.56,76.7,937.8,2.06,4.38,1.97,NASA POWER Daily API,46.25
20250508,Guarulhos - SP,-23.455,-46.533,campo,sol,23.49,4.72,112.0,14.27,4.5,0.0,0,0.0,0.0,22.09,69.33,936.8,3.64,2.75,2.17,NASA POWER Daily API,41.14
20250509,Guarulhos - SP,-23.455,-46.533,campo,garoa,27.88,9.08,5.0,8.46,3.5,0.03,0,4.0,0.0,23.38,61.17,935.5,1.92,18.1,4.63,NASA POWER Daily API,69.49
20250510,Guarulhos - SP,-23.455,-46.533,campo,garoa,39.5,9.28,88.75,8.37,3.5,2.98,0,4.0,0.0,21.81,71.47,937.8,16.13,6.8,5.0,NASA POWER Daily API,44.34
20250511,Guarulhos - SP,-23.455,-46.533,campo,garoa,51.53,5.3,144.08,4.42,2.5,1.67,0,4.0,0.0,17.13,86.29,942.6,10.0,3.17,4.67,NASA POWER Daily API,35.01
20250512,Guarulhos - SP,-23.455,-46.533,campo,garoa,48.53,14.78,238.11,10.73,2.5,0.95,0,4.0,0.0,17.82,86.07,943.1,17.17,9.18,4.24,NASA POWER Daily API,51.19
20250513,Guarulhos - SP,-23.455,-46.533,proximidade_agua,garoa,46.0,8.96,167.08,7.33,3.5,0.6,0,4.0,2.0,18.48,84.7,942.0,27.41,9.63,3.78,NASA POWER Daily API,45.73
20250514,Guarulhos - SP,-23.455,-46.533,transporte,garoa,53.17,6.76,257.95,21.42,2.5,0.15,0,4.0,1.0,17.85,82.25,942.2,2.38,3.39,3.98,NASA POWER Daily API,62.59
20250515,Guarulhos - SP,-23.455,-46.533,campo,garoa,45.24,14.24,63.19,16.07,2.5,0.03,0,4.0,0.0,18.17,79.27,942.2,14.43,2.92,3.26,NASA POWER Daily API,63.3
20250516,Guarulhos - SP,-23.455,-46.533,campo,garoa,48.47,9.92,137.37,13.02,2.5,0.02,0,4.0,0.0,18.92,77.1,941.7,13.58,5.04,2.2,NASA POWER Daily API,47.91
20250517,Guarulhos - SP,-23.455,-46.533,campo,garoa,30.84,5.28,30.87,8.61,4.5,0.04,0,4.0,0.0,19.77,73.91,940.3,11.89,3.51,2.02,NASA POWER Daily API,54.39
20250518,Guarulhos - SP,-23.455,-46.533,campo,garoa,29.02,6.61,161.0,3.73,3.5,0.01,0,4.0,0.0,21.05,65.61,939.6,1.42,9.16,2.17,NASA POWER Daily API,41.27
20250519,Guarulhos - SP,-23.455,-46.533,campo,sol,27.1,8.93,215.12,9.9,2.5,0.0,0,0.0,0.0,21.05,65.78,939.0,3.91,3.81,2.94,NASA POWER Daily API,36.73
20250520,Guarulhos - SP,-23.455,-46.533,campo,garoa,26.88,11.71,104.35,6.27,2.5,0.06,0,4.0,0.0,21.61,58.63,938.7,10.75,13.66,2.13,NASA POWER Daily API,35.12
20250521,Guarulhos - SP,-23.455,-46.533,campo,garoa,30.06,10.45,99.64,10.24,2.5,0.51,0,4.0,0.0,20.82,72.54,938.6,28.16,1.23,2.08,NASA POWER Daily API,40.15
20250522,Guarulhos - SP,-23.455,-46.533,proximidade_agua,garoa,37.11,6.69,263.85,4.58,2.5,1.69,0,4.0,2.0,20.33,81.45,939.2,6.53,6.22,2.14,NASA POWER Daily API,36.32
20250523,Guarulhos - SP,-23.455,-46.533,transporte,garoa,41.03,5.23,228.91,18.96,2.5,3.13,0,4.0,1.0,18.14,89.26,940.8,5.76,3.45,3.79,NASA POWER Daily API,52.13
20250524,Guarulhos - SP,-23.455,-46.533,transporte,garoa,43.75,6.58,213.17,15.7,3.5,0.4,0,4.0,1.0,18.05,84.1,942.1,7.39,5.71,3.89,NASA POWER Daily API,48.82
20250525,Guarulhos - SP,-23.455,-46.533,campo,garoa,42.84,0.39,147.74,12.17,3.5,0.02,0,4.0,0.0,19.17,76.52,940.9,9.33,4.88,2.37,NASA POWER Daily API,37.36
20250526,Guarulhos - SP,-23.455,-46.533,campo,sol,41.66,6.27,39.45,25.61,2.5,0.0,0,0.0,0.0,19.98,70.45,939.5,8.13,2.18,2.08,NASA POWER Daily API,73.07
20250527,Guarulhos - SP,-23.455,-46.533,campo,garoa,32.5,6.58,208.83,14.12,3.5,0.05,0,4.0,0.0,20.85,66.98,938.4,42.31,2.57,3.84,NASA POWER Daily API,43.39
20250528,Guarulhos - SP,-23.455,-46.533,proximidade_agua,garoa,38.39,9.85,47.33,8.68,2.5,0.01,0,4.0,2.0,21.76,59.67,936.2,7.6,4.32,6.74,NASA POWER Daily API,56.56
20250529,Guarulhos - SP,-23.455,-46.533,campo,garoa,41.88,7.74,78.79,9.42,2.5,0.48,0,4.0,0.0,16.27,70.18,938.8,3.16,1.43,5.3,NASA POWER Daily API,43.14
20250530,Guarulhos - SP,-23.455,-46.533,transporte,garoa,33.65,7.36,22.43,19.4,2.5,0.03,0,4.0,1.0,14.67,70.21,940.7,2.78,3.28,1.97,NASA POWER Daily API,75.1
20250531,Guarulhos - SP,-23.455,-46.533,campo,garoa,30.62,6.57,286.15,13.58,2.5,0.04,0,4.0,0.0,17.13,74.8,939.9,5.2,3.57,1.9,NASA POWER Daily API,39.88
20250601,Guarulhos - SP,-23.455,-46.533,manutencao,garoa,36.61,9.43,104.77,7.36,2.5,0.16,0,4.0,3.0,17.87,72.44,941.5,1.69,3.58,3.05,NASA POWER Daily API,42.91
20250602,Guarulhos - SP,-23.455,-46.533,campo,garoa,47.14,10.8,5.0,5.04,2.5,1.2,0,4.0,0.0,18.38,81.17,942.9,4.72,2.39,2.97,NASA POWER Daily API,64.99
20250603,Guarulhos - SP,-23.455,-46.533,proximidade_agua,garoa,41.2,9.52,61.18,11.12,2.5,1.1,0,4.0,2.0,18.05,80.73,940.3,5.65,6.93,2.73,NASA POWER Daily API,56.7
20250604,Guarulhos - SP,-23.455,-46.533,manutencao,garoa,41.18,8.58,228.88,3.15,2.5,0.05,0,4.0,3.0,20.62,67.64,937.8,2.45,5.68,3.9,NASA POWER Daily API,38.28
20250605,Guarulhos - SP,-23.455,-46.533,campo,garoa,37.82,4.75,12.34,11.38,2.5,3.33,0,4.0,0.0,21.07,66.23,936.3,3.85,11.6,4.66,NASA POWER Daily API,64.05
20250606,Guarulhos - SP,-23.455,-46.533,transporte,garoa,57.8,6.29,140.81,18.43,2.5,2.66,0,4.0,1.0,18.07,84.97,938.1,28.7,4.6,3.78,NASA POWER Daily API,56.42
20250607,Guarulhos - SP,-23.455,-46.533,campo,garoa,45.81,7.47,46.32,17.49,2.5,0.56,0,4.0,0.0,18.71,83.33,937.7,10.47,10.45,2.21,NASA POWER Daily API,64.02
20250608,Guarulhos - SP,-23.455,-46.533,transporte,garoa,54.42,3.45,60.87,14.27,2.5,1.79,0,4.0,1.0,19.34,76.97,935.0,8.69,2.31,3.26,NASA POWER Daily API,55.35
20250609,Guarulhos - SP,-23.455,-46.533,transporte,chuva,64.33,7.83,5.0,20.5,3.5,7.34,0,2.0,1.0,16.19,92.23,936.3,45.27,7.9,2.32,NASA POWER Daily API,100.0
20250610,Guarulhos - SP,-23.455,-46.533,campo,garoa,75.65,3.53,38.19,13.0,3.5,4.15,0,4.0,0.0,15.35,87.63,938.9,2.8,5.24,2.86,NASA POWER Daily API,77.72
20250611,Guarulhos - SP,-23.455,-46.533,campo,garoa,70.38,8.06,239.03,11.93,3.5,0.87,0,4.0,0.0,13.78,84.16,941.3,2.06,6.19,4.1,NASA POWER Daily API,60.15
20250612,Guarulhos - SP,-23.455,-46.533,transporte,garoa,72.09,6.01,97.24,16.4,2.5,0.08,0,4.0,1.0,12.84,77.66,942.3,10.62,4.81,4.22,NASA POWER Daily API,55.13
20250613,Guarulhos - SP,-23.455,-46.533,campo,sol,52.19,11.16,165.77,11.95,2.5,0.0,0,0.0,0.0,13.67,77.03,943.0,74.09,3.16,4.06,NASA POWER Daily API,48.88
20250614,Guarulhos - SP,-23.455,-46.533,campo,sol,48.02,13.71,195.38,8.95,3.5,0.0,0,0.0,0.0,14.74,70.74,942.6,4.52,7.52,3.05,NASA POWER Daily API,48.73
20250615,Guarulhos - SP,-23.455,-46.533,transporte,garoa,48.75,7.87,156.64,20.03,3.5,0.01,0,4.0,1.0,16.95,67.53,939.6,36.93,2.78,5.2,NASA POWER Daily API,56.89
20250616,Guarulhos - SP,-23.455,-46.533,campo,garoa,38.55,13.63,43.2,8.69,2.5,0.02,0,4.0,0.0,17.71,76.61,942.2,10.05,2.33,2.66,NASA POWER Daily API,57.42
20250617,Guarulhos - SP,-23.455,-46.533,proximidade_agua,sol,17.85,8.77,77.48,1.3,3.5,0.0,0,0.0,2.0,18.17,64.51,941.7,15.75,3.37,2.42,NASA POWER Daily API,32.75
20250618,Guarulhos - SP,-23.455,-46.533,proximidade_agua,garoa,30.8,4.77,42.05,10.72,2.5,0.05,0,4.0,2.0,18.45,63.7,941.2,6.29,9.97,3.17,NASA POWER Daily API,52.77
20250619,Guarulhos - SP,-23.455,-46.533,campo,garoa,33.54,11.05,188.77,11.08,3.5,1.71,0,4.0,0.0,19.08,68.3,940.9,2.71,5.9,2.67,NASA POWER Daily API,52.0
20250620,Guarulhos - SP,-23.455,-46.533,campo,garoa,29.99,11.33,19.08,10.94,3.5,0.01,0,4.0,0.0,19.25,63.85,938.0,28.79,8.16,3.75,NASA POWER Daily API,64.92
20250621,Guarulhos - SP,-23.455,-46.533,campo,garoa,43.1,3.2,119.34,13.6,2.5,0.39,0,4.0,0.0,18.84,72.3,935.5,9.83,2.69,3.16,NASA POWER Daily API,40.75
20250622,Guarulhos - SP,-23.455,-46.533,proximidade_agua,garoa,41.3,8.87,5.0,3.53,3.5,0.98,0,4.0,2.0,19.62,71.85,933.6,0.57,9.81,2.38,NASA POWER Daily API,77.92
20250623,Guarulhos - SP,-23.455,-46.533,proximidade_agua,garoa,29.63,11.18,62.41,4.79,3.5,0.94,0,4.0,2.0,20.72,63.11,931.3,34.55,6.04,7.44,NASA POWER Daily API,49.32
20250624,Guarulhos - SP,-23.455,-46.533,campo,garoa,43.43,3.98,174.75,8.45,2.5,2.03,0,4.0,0.0,14.0,66.85,937.5,5.95,6.53,4.14,NASA POWER Daily API,36.65
20250625,Guarulhos - SP,-23.455,-46.533,campo,sol,19.45,8.57,174.58,14.01,3.5,0.0,0,0.0,0.0,12.62,60.52,940.3,9.93,6.3,2.58,NASA POWER Daily API,41.25
20250626,Guarulhos - SP,-23.455,-46.533,proximidade_agua,garoa,36.82,5.13,5.0,5.84,3.5,0.1,0,4.0,2.0,18.56,66.7,937.9,15.82,5.38,4.76,NASA POWER Daily API,62.4
20250627,Guarulhos - SP,-23.455,-46.533,campo,garoa,41.86,9.5,163.0,18.62,2.5,1.18,0,4.0,0.0,18.43,79.78,940.0,4.78,7.9,4.11,NASA POWER Daily API,53.7
20250628,Guarulhos - SP,-23.455,-46.533,campo,garoa,40.72,7.06,184.36,15.9,3.5,0.09,0,4.0,0.0,20.47,74.26,939.8,22.68,14.01,2.3,NASA POWER Daily API,48.53
20250629,Guarulhos - SP,-23.455,-46.533,transporte,sol,33.54,7.83,167.38,18.48,2.5,0.0,0,0.0,1.0,20.94,63.31,937.3,2.7,10.11,5.96,NASA POWER Daily API,54.35
20250630,Guarulhos - SP,-23.455,-46.533,campo,garoa,36.38,8.31,289.23,10.09,2.5,0.1,0,4.0,0.0,18.87,78.61,940.5,4.38,12.33,2.65,NASA POWER Daily API,39.09
20250701,Guarulhos - SP,-23.455,-46.533,campo,garoa,34.05,16.74,170.22,7.0,2.5,0.18,0,4.0,0.0,14.91,86.52,944.0,7.88,7.89,4.32,NASA POWER Daily API,43.54
20250702,Guarulhos - SP,-23.455,-46.533,campo,garoa,41.36,6.27,186.9,8.84,2.5,0.19,0,4.0,0.0,12.38,86.64,946.4,1.39,2.09,4.4,NASA POWER Daily API,48.91
20250703,Guarulhos - SP,-23.455,-46.533,campo,garoa,34.51,9.0,18.05,0.0,3.5,0.57,0,4.0,0.0,12.94,86.37,946.4,4.16,11.42,3.32,NASA POWER Daily API,50.71
20250704,Guarulhos - SP,-23.455,-46.533,campo,garoa,42.3,7.94,116.4,8.2,2.5,0.3,0,4.0,0.0,14.51,84.26,945.3,3.57,5.44,3.3,NASA POWER Daily API,37.97
20250705,Guarulhos - SP,-23.455,-46.533,transporte,sol,30.56,11.17,156.28,16.98,2.5,0.0,0,0.0,1.0,15.46,79.07,943.3,6.82,3.07,2.1,NASA POWER Daily API,48.67
20250706,Guarulhos - SP,-23.455,-46.533,campo,garoa,33.18,4.98,5.0,10.39,3.5,0.01,0,4.0,0.0,14.52,81.4,942.4,80.0,8.06,2.65,NASA POWER Daily API,62.44
20250707,Guarulhos - SP,-23.455,-46.533,transporte,sol,39.06,13.93,53.1,7.48,3.5,0.0,0,0.0,1.0,15.01,78.92,943.2,8.53,5.76,2.42,NASA POWER Daily API,55.47
20250708,Guarulhos - SP,-23.455,-46.533,manutencao,sol,35.38,10.56,40.14,3.07,4.5,0.0,0,0.0,3.0,15.66,75.73,942.2,4.09,3.47,2.61,NASA POWER Daily API,51.42
20250709,Guarulhos - SP,-23.455,-46.533,campo,garoa,28.44,3.2,103.42,9.33,2.5,0.01,0,4.0,0.0,14.61,79.69,944.6,9.76,5.73,2.95,NASA POWER Daily API,30.02
20250710,Guarulhos - SP,-23.455,-46.533,transporte,sol,32.63,9.16,180.88,18.58,2.5,0.0,0,0.0,1.0,16.18,77.95,945.6,7.45,7.66,3.32,NASA POWER Daily API,49.01
20250711,Guarulhos - SP,-23.455,-46.533,campo,sol,23.62,8.86,181.65,14.59,2.5,0.0,0,0.0,0.0,16.84,77.75,945.3,5.31,3.18,2.16,NASA POWER Daily API,41.03
20250712,Guarulhos - SP,-23.455,-46.533,campo,sol,34.11,6.21,214.3,8.03,3.5,0.0,0,0.0,0.0,17.06,76.06,944.7,16.86,4.07,3.35,NASA POWER Daily API,35.39
20250713,Guarulhos - SP,-23.455,-46.533,campo,sol,33.26,0.0,42.95,11.77,2.5,0.0,0,0.0,0.0,15.98,77.32,944.8,9.34,9.22,3.6,NASA POWER Daily API,45.24
20250714,Guarulhos - SP,-23.455,-46.533,campo,garoa,27.04,9.04,92.24,11.3,3.5,0.01,0,4.0,0.0,15.9,76.87,944.1,0.88,4.0,2.57,NASA POWER Daily API,52.38
20250715,Guarulhos - SP,-23.455,-46.533,campo,garoa,25.37,10.88,189.13,11.78,2.5,0.01,0,4.0,0.0,15.58,69.57,942.3,6.64,4.68,2.41,NASA POWER Daily API,40.38
20250716,Guarulhos - SP,-23.455,-46.533,proximidade_agua,garoa,26.41,8.81,184.02,2.46,2.5,0.01,0,4.0,2.0,15.86,64.98,941.0,1.4,7.98,2.49,NASA POWER Daily API,42.96
20250717,Guarulhos - SP,-23.455,-46.533,transporte,sol,25.8,3.43,271.72,16.26,2.5,0.0,0,0.0,1.0,17.4,55.3,938.6,16.64,2.88,3.7,NASA POWER Daily API,38.54
20250718,Guarulhos - SP,-23.455,-46.533,transporte,sol,25.9,17.14,145.6,26.23,2.5,0.0,0,0.0,1.0,17.52,59.42,937.9,10.48,2.87,4.25,NASA POWER Daily API,65.48
20250719,Guarulhos - SP,-23.455,-46.533,proximidade_agua,sol,24.99,13.12,137.0,0.0,2.5,0.0,0,0.0,2.0,14.63,77.22,941.8,13.75,4.35,2.49,NASA POWER Daily API,31.92
20250720,Guarulhos - SP,-23.455,-46.533,transporte,garoa,27.24,3.82,113.93,19.14,3.5,0.01,0,4.0,1.0,16.0,74.8,941.3,3.29,5.88,2.81,NASA POWER Daily API,44.95
20250721,Guarulhos - SP,-23.455,-46.533,proximidade_agua,sol,23.64,3.78,121.01,16.92,3.5,0.0,0,0.0,2.0,17.78,74.71,938.9,0.38,7.41,2.27,NASA POWER Daily API,57.21
20250722,Guarulhos - SP,-23.455,-46.533,campo,sol,33.92,5.18,149.77,15.81,3.5,0.0,0,0.0,0.0,18.73,67.09,937.9,7.57,6.68,2.66,NASA POWER Daily API,44.45
20250723,Guarulhos - SP,-23.455,-46.533,proximidade_agua,sol,34.64,6.52,7.09,16.9,3.5,0.0,0,0.0,2.0,16.57,70.85,941.0,6.94,5.14,2.99,NASA POWER Daily API,76.09
20250724,Guarulhos - SP,-23.455,-46.533,transporte,garoa,35.19,7.87,134.86,8.37,3.5,0.18,0,4.0,1.0,16.03,82.89,941.3,12.83,2.32,3.35,NASA POWER Daily API,38.29
20250725,Guarulhos - SP,-23.455,-46.533,campo,garoa,44.69,12.7,70.21,14.82,2.5,4.95,0,4.0,0.0,17.02,84.25,939.3,4.81,4.33,2.44,NASA POWER Daily API,62.73
20250726,Guarulhos - SP,-23.455,-46.533,transporte,garoa,31.62,3.79,5.0,14.04,2.5,0.56,0,4.0,1.0,17.54,75.49,938.9,1.59,3.31,1.9,NASA POWER Daily API,69.9
20250727,Guarulhos - SP,-23.455,-46.533,campo,sol,26.02,11.84,154.3,12.84,2.5,0.0,0,0.0,0.0,19.96,53.08,936.1,1.72,2.65,3.73,NASA POWER Daily API,49.34
20250728,Guarulhos - SP,-23.455,-46.533,campo,garoa,48.36,10.89,173.6,8.2,2.5,3.98,0,4.0,0.0,20.78,60.12,933.5,5.45,4.43,9.19,NASA POWER Daily API,47.2
20250729,Guarulhos - SP,-23.455,-46.533,proximidade_agua,garoa,35.54,7.25,223.0,1.38,5.5,0.22,0,4.0,2.0,13.78,68.61,939.1,13.01,7.15,4.35,NASA POWER Daily API,37.5
20250730,Guarulhos - SP,-23.455,-46.533,campo,garoa,42.8,8.28,43.55,10.5,2.5,0.01,0,4.0,0.0,11.59,75.7,942.4,8.09,2.58,2.95,NASA POWER Daily API,55.21
20250731,Guarulhos - SP,-23.455,-46.533,transporte,sol,40.34,4.16,31.5,17.0,2.5,0.0,0,0.0,1.0,13.69,76.28,944.3,12.8,6.6,3.81,NASA POWER Daily API,61.74
20250801,Guarulhos - SP,-23.455,-46.533,campo,garoa,33.98,8.87,66.59,10.74,2.5,0.04,0,4.0,0.0,15.97,69.51,944.0,5.31,5.61,2.85,NASA POWER Daily API,46.49
20250802,Guarulhos - SP,-23.455,-46.533,transporte,garoa,27.11,11.77,167.55,12.4,3.5,0.01,0,4.0,1.0,18.19,50.86,942.0,3.28,4.71,2.53,NASA POWER Daily API,44.79
20250803,Guarulhos - SP,-23.455,-46.533,campo,sol,31.4,8.99,82.12,2.63,3.5,0.0,0,0.0,0.0,19.5,44.09,940.6,8.79,15.78,4.01,NASA POWER Daily API,33.46
20250804,Guarulhos - SP,-23.455,-46.533,campo,garoa,30.04,4.92,76.4,11.57,3.5,0.02,0,4.0,0.0,17.18,61.03,941.5,10.37,2.72,2.86,NASA POWER Daily API,41.56
20250805,Guarulhos - SP,-23.455,-46.533,campo,garoa,39.44,2.47,115.64,13.2,2.5,0.51,0,4.0,0.0,16.36,89.36,943.1,5.36,7.81,2.91,NASA POWER Daily API,38.93
20250806,Guarulhos - SP,-23.455,-46.533,campo,garoa,32.63,3.47,215.42,17.25,2.5,1.12,0,4.0,0.0,16.25,84.55,941.9,30.6,8.86,3.59,NASA POWER Daily API,42.7
20250807,Guarulhos - SP,-23.455,-46.533,campo,garoa,28.09,13.54,165.59,10.26,2.5,0.07,0,4.0,0.0,17.86,71.03,938.1,9.43,1.98,1.91,NASA POWER Daily API,42.44
20250808,Guarulhos - SP,-23.455,-46.533,campo,garoa,24.49,9.19,75.66,10.78,3.5,0.22,0,4.0,0.0,19.57,61.96,934.5,44.47,10.61,4.4,NASA POWER Daily API,44.29
20250809,Guarulhos - SP,-23.455,-46.533,campo,garoa,35.76,10.7,216.05,8.23,2.5,0.34,0,4.0,0.0,14.13,76.26,936.7,1.31,9.19,3.99,NASA POWER Daily API,51.58
20250810,Guarulhos - SP,-23.455,-46.533,campo,garoa,38.71,1.2,171.76,7.91,2.5,0.19,0,4.0,0.0,12.15,81.66,940.2,13.4,5.7,3.88,NASA POWER Daily API,29.7
20250811,Guarulhos - SP,-23.455,-46.533,proximidade_agua,garoa,32.9,8.4,85.2,3.0,2.5,0.03,0,4.0,2.0,12.97,76.85,940.3,10.2,4.49,3.49,NASA POWER Daily API,34.66
20250812,Guarulhos - SP,-23.455,-46.533,campo,garoa,39.64,0.0,82.06,9.21,3.5,0.03,0,4.0,0.0,14.15,75.15,939.4,21.55,3.35,3.0,NASA POWER Daily API,34.78
20250813,Guarulhos - SP,-23.455,-46.533,campo,sol,28.64,2.52,281.55,5.53,2.5,0.0,0,0.0,0.0,16.62,62.62,938.5,10.7,5.76,2.19,NASA POWER Daily API,25.03
20250814,Guarulhos - SP,-23.455,-46.533,proximidade_agua,garoa,37.8,3.01,114.4,5.46,2.5,0.01,0,4.0,2.0,14.89,77.1,942.0,11.1,8.96,3.46,NASA POWER Daily API,31.97
20250815,Guarulhos - SP,-23.455,-46.533,transporte,garoa,38.11,8.16,44.12,17.83,2.5,0.04,0,4.0,1.0,15.65,78.99,943.3,3.81,6.27,4.27,NASA POWER Daily API,62.63
20250816,Guarulhos - SP,-23.455,-46.533,campo,garoa,25.13,2.72,156.1,8.33,2.5,0.01,0,4.0,0.0,17.1,77.61,941.2,15.52,2.46,3.62,NASA POWER Daily API,27.51
20250817,Guarulhos - SP,-23.455,-46.533,campo,sol,39.65,9.13,84.36,7.8,3.5,0.0,0,0.0,0.0,18.3,74.03,939.7,17.1,3.23,2.77,NASA POWER Daily API,41.87
20250818,Guarulhos - SP,-23.455,-46.533,proximidade_agua,sol,30.62,4.66,83.76,0.0,3.5,0.0,0,0.0,2.0,17.37,77.34,940.9,16.18,1.76,3.83,NASA POWER Daily API,28.81
20250819,Guarulhos - SP,-23.455,-46.533,campo,sol,32.53,12.01,115.52,16.56,2.5,0.0,0,0.0,0.0,19.34,67.46,938.6,14.55,3.24,2.7,NASA POWER Daily API,49.94
20250820,Guarulhos - SP,-23.455,-46.533,manutencao,garoa,15.92,8.02,49.93,9.68,3.5,0.11,0,4.0,3.0,23.41,50.42,936.3,27.21,8.14,4.36,NASA POWER Daily API,46.61
20250821,Guarulhos - SP,-23.455,-46.533,transporte,sol,23.26,11.26,155.63,19.67,2.5,0.0,0,0.0,1.0,23.23,54.82,937.5,3.69,5.04,3.23,NASA POWER Daily API,50.34
20250822,Guarulhos - SP,-23.455,-46.533,campo,sol,20.62,6.75,126.19,12.15,3.5,0.0,0,0.0,0.0,24.62,51.91,936.2,2.92,4.39,2.3,NASA POWER Daily API,43.65
20250823,Guarulhos - SP,-23.455,-46.533,campo,sol,15.76,1.22,195.73,8.95,2.5,0.0,0,0.0,0.0,25.06,32.85,935.4,4.69,4.82,5.59,NASA POWER Daily API,24.29
20250824,Guarulhos - SP,-23.455,-46.533,manutencao,garoa,28.28,11.96,123.32,9.85,2.5,0.17,0,4.0,3.0,19.27,69.21,939.7,16.53,3.4,4.01,NASA POWER Daily API,40.31
20250825,Guarulhos - SP,-23.455,-46.533,campo,garoa,29.48,8.32,101.23,15.14,2.5,0.44,0,4.0,0.0,19.36,74.13,941.3,2.92,3.31,3.09,NASA POWER Daily API,49.61
20250826,Guarulhos - SP,-23.455,-46.533,campo,garoa,52.42,8.97,160.78,5.64,2.5,2.75,0,4.0,0.0,18.2,81.61,942.3,11.99,4.31,3.22,NASA POWER Daily API,41.42
20250827,Guarulhos - SP,-23.455,-46.533,campo,garoa,52.85,4.97,33.12,7.91,2.5,1.2,0,4.0,0.0,19.72,78.78,941.7,19.89,4.6,2.66,NASA POWER Daily API,55.82
20250828,Guarulhos - SP,-23.455,-46.533,campo,garoa,35.63,10.85,87.71,10.8,2.5,0.21,0,4.0,0.0,19.34,76.48,941.8,6.18,4.35,3.2,NASA POWER Daily API,43.12
20250829,Guarulhos - SP,-23.455,-46.533,transporte,garoa,47.16,13.27,169.77,22.51,2.5,0.88,0,4.0,1.0,18.34,79.98,940.4,3.77,7.1,2.64,NASA POWER Daily API,63.8
20250830,Guarulhos - SP,-23.455,-46.533,campo,garoa,33.02,6.95,112.95,9.66,2.5,0.34,0,4.0,0.0,18.95,72.69,941.7,11.66,10.54,3.89,NASA POWER Daily API,36.26
20250831,Guarulhos - SP,-23.455,-46.533,campo,garoa,40.11,5.0,121.01,12.04,2.5,0.16,0,4.0,0.0,19.06,72.09,942.0,4.43,4.15,4.47,NASA POWER Daily API,39.12
20250901,Guarulhos - SP,-23.455,-46.533,campo,garoa,41.79,6.14,159.85,11.15,2.5,0.26,0,4.0,0.0,20.54,72.02,943.1,4.66,8.97,4.53,NASA POWER Daily API,39.73
20250902,Guarulhos - SP,-23.455,-46.533,proximidade_agua,garoa,33.54,13.07,55.35,8.0,4.5,0.04,0,4.0,2.0,21.12,67.01,942.2,7.72,10.43,3.74,NASA POWER Daily API,59.14
20250903,Guarulhos - SP,-23.455,-46.533,transporte,sol,23.21,5.93,162.07,16.19,3.5,0.0,0,0.0,1.0,21.42,58.7,940.3,1.81,12.05,2.56,NASA POWER Daily API,48.33
20250904,Guarulhos - SP,-23.455,-46.533,transporte,sol,16.96,5.76,5.0,14.05,2.5,0.0,0,0.0,1.0,22.65,44.95,938.4,61.57,7.39,2.89,NASA POWER Daily API,61.09
20250905,Guarulhos - SP,-23.455,-46.533,transporte,garoa,23.48,4.94,295.08,18.14,2.5,0.1,0,4.0,1.0,21.46,57.5,938.0,27.77,1.9,3.51,NASA POWER Daily API,41.92
20250906,Guarulhos - SP,-23.455,-46.533,transporte,garoa,32.4,7.74,114.87,32.43,2.5,0.43,0,4.0,1.0,17.26,80.48,941.1,9.18,6.95,4.84,NASA POWER Daily API,65.49
20250907,Guarulhos - SP,-23.455,-46.533,campo,garoa,38.67,8.35,31.19,12.46,2.5,0.19,0,4.0,0.0,18.03,78.91,941.9,10.09,6.78,4.1,NASA POWER Daily API,60.41
20250908,Guarulhos - SP,-23.455,-46.533,campo,garoa,33.51,8.23,20.4,9.3,2.5,0.02,0,4.0,0.0,22.53,65.7,938.5,9.39,3.81,2.89,NASA POWER Daily API,58.1
20250909,Guarulhos - SP,-23.455,-46.533,proximidade_agua,garoa,15.2,2.72,100.03,1.38,2.5,0.07,0,4.0,2.0,25.12,47.18,935.2,5.08,2.38,7.88,NASA POWER Daily API,20.32
20250910,Guarulhos - SP,-23.455,-46.533,transporte,garoa,33.22,6.24,82.85,21.41,2.5,0.03,0,4.0,1.0,19.55,67.12,939.4,3.51,9.56,2.7,NASA POWER Daily API,52.27
20250911,Guarulhos - SP,-23.455,-46.533,transporte,sol,30.52,10.96,5.0,25.09,3.5,0.0,0,0.0,1.0,20.34,62.41,939.1,10.67,5.09,2.59,NASA POWER Daily API,86.51
20250912,Guarulhos - SP,-23.455,-46.533,transporte,garoa,33.36,7.0,193.77,11.86,2.5,0.02,0,4.0,1.0,17.05,72.2,940.0,51.55,3.51,4.36,NASA POWER Daily API,38.98
20250913,Guarulhos - SP,-23.455,-46.533,transporte,garoa,27.31,9.07,57.42,18.15,3.5,0.11,0,4.0,1.0,17.01,73.65,940.2,15.63,7.79,4.93,NASA POWER Daily API,59.19
20250914,Guarulhos - SP,-23.455,-46.533,campo,garoa,31.19,18.37,209.64,13.46,3.5,0.03,0,4.0,0.0,18.48,71.49,939.7,28.65,12.68,4.49,NASA POWER Daily API,54.45
20250915,Guarulhos - SP,-23.455,-46.533,proximidade_agua,garoa,33.69,3.98,161.41,2.41,2.5,0.04,0,4.0,2.0,20.19,69.68,937.7,9.27,6.6,3.69,NASA POWER Daily API,28.27
20250916,Guarulhos - SP,-23.455,-46.533,campo,garoa,34.23,9.7,36.3,11.41,3.5,1.02,0,4.0,0.0,21.1,68.65,935.4,14.93,3.27,3.57,NASA POWER Daily API,61.04
20250917,Guarulhos - SP,-23.455,-46.533,campo,garoa,39.35,6.02,170.18,8.98,2.5,0.34,0,4.0,0.0,18.91,73.96,937.2,8.31,3.82,3.64,NASA POWER Daily API,36.64
20250918,Guarulhos - SP,-23.455,-46.533,campo,garoa,44.68,3.12,152.54,7.48,3.5,0.32,0,4.0,0.0,19.28,75.2,938.4,10.59,2.95,3.76,NASA POWER Daily API,35.37
20250919,Guarulhos - SP,-23.455,-46.533,campo,garoa,35.6,13.67,160.83,7.96,2.5,0.02,0,4.0,0.0,21.96,66.75,936.8,74.15,5.24,2.61,NASA POWER Daily API,42.0
20250920,Guarulhos - SP,-23.455,-46.533,campo,garoa,23.01,7.87,172.66,13.74,5.5,0.36,0,4.0,0.0,24.82,54.92,934.2,31.08,13.36,3.62,NASA POWER Daily API,46.31
20250921,Guarulhos - SP,-23.455,-46.533,transporte,chuva,35.33,12.32,180.61,13.94,2.5,5.34,0,2.0,1.0,27.31,48.29,930.0,11.79,4.49,6.47,NASA POWER Daily API,58.01
20250922,Guarulhos - SP,-23.455,-46.533,campo,chuva,86.89,10.43,233.04,1.19,2.5,17.65,1,2.0,0.0,24.7,61.74,928.9,14.3,2.14,7.71,NASA POWER Daily API,83.33
20250923,Guarulhos - SP,-23.455,-46.533,campo,garoa,75.09,8.07,258.37,20.69,2.5,3.41,0,4.0,0.0,17.55,79.81,939.5,12.19,6.74,4.18,NASA POWER Daily API,66.91
20250924,Guarulhos - SP,-23.455,-46.533,campo,garoa,87.58,8.97,263.44,16.55,2.5,3.43,0,4.0,0.0,16.57,83.35,945.1,15.74,8.09,5.37,NASA POWER Daily API,66.06
20250925,Guarulhos - SP,-23.455,-46.533,campo,garoa,96.35,8.6,137.04,12.17,2.5,3.17,0,4.0,0.0,15.1,85.57,946.4,6.85,3.43,6.13,NASA POWER Daily API,62.61
20250926,Guarulhos - SP,-23.455,-46.533,manutencao,garoa,96.18,9.61,117.46,5.23,2.5,1.94,0,4.0,3.0,15.23,77.27,944.1,18.95,3.14,5.87,NASA POWER Daily API,53.81
20250927,Guarulhos - SP,-23.455,-46.533,campo,garoa,88.04,1.8,115.11,10.06,3.5,0.04,0,4.0,0.0,16.97,70.11,941.3,8.42,14.27,4.29,NASA POWER Daily API,49.75
20250928,Guarulhos - SP,-23.455,-46.533,campo,sol,73.72,14.38,73.25,20.17,2.5,0.0,0,0.0,0.0,20.06,62.66,937.7,40.16,7.48,2.29,NASA POWER Daily API,74.39
20250929,Guarulhos - SP,-23.455,-46.533,campo,sol,44.46,6.0,126.44,16.04,2.5,0.0,0,0.0,0.0,22.09,62.39,938.5,5.47,4.31,2.45,NASA POWER Daily API,46.57
20250930,Guarulhos - SP,-23.455,-46.533,transporte,sol,43.99,5.87,63.17,20.71,2.5,0.0,0,0.0,1.0,22.92,58.5,938.5,21.95,2.49,2.86,NASA POWER Daily API,60.18
20251001,Guarulhos - SP,-23.455,-46.533,campo,garoa,31.54,7.14,256.37,5.6,2.5,0.02,0,4.0,0.0,21.4,67.05,939.6,4.03,3.14,3.1,NASA POWER Daily API,30.78
20251002,Guarulhos - SP,-23.455,-46.533,campo,garoa,38.05,9.4,219.93,4.06,3.5,0.03,0,4.0,0.0,20.34,75.65,941.1,14.8,2.39,3.98,NASA POWER Daily API,35.24
20251003,Guarulhos - SP,-23.455,-46.533,transporte,garoa,30.67,11.7,5.0,19.11,3.5,0.23,0,4.0,1.0,22.32,68.51,938.9,15.46,10.05,3.93,NASA POWER Daily API,80.09
20251004,Guarulhos - SP,-23.455,-46.533,campo,garoa,34.02,12.35,5.0,14.72,2.5,0.26,0,4.0,0.0,21.53,67.37,938.6,5.78,2.54,2.09,NASA POWER Daily API,74.19
20251005,Guarulhos - SP,-23.455,-46.533,campo,garoa,15.39,7.43,116.59,15.22,2.5,0.01,0,4.0,0.0,25.46,48.88,936.1,3.86,5.23,3.18,NASA POWER Daily API,38.5
20251006,Guarulhos - SP,-23.455,-46.533,proximidade_agua,garoa,31.45,3.18,146.8,3.11,2.5,0.04,0,4.0,2.0,27.91,45.39,932.3,3.03,3.42,4.2,NASA POWER Daily API,28.01
20251007,Guarulhos - SP,-23.455,-46.533,campo,garoa,39.32,9.03,161.11,11.72,3.5,2.08,0,4.0,0.0,19.67,79.97,936.6,7.03,9.38,6.06,NASA POWER Daily API,47.07
20251008,Guarulhos - SP,-23.455,-46.533,transporte,chuva,56.4,7.89,230.16,18.53,2.5,9.97,0,2.0,1.0,17.01,84.24,940.3,3.23,13.02,6.05,NASA POWER Daily API,69.09
20251009,Guarulhos - SP,-23.455,-46.533,manutencao,garoa,55.19,9.82,5.0,13.5,2.5,2.0,0,4.0,3.0,16.84,81.68,940.7,17.36,6.73,5.95,NASA POWER Daily API,77.87
20251010,Guarulhos - SP,-23.455,-46.533,campo,chuva,84.39,7.55,37.1,12.64,3.5,12.9,1,2.0,0.0,18.53,83.81,938.6,10.52,8.24,3.78,NASA POWER Daily API,100.0
20251011,Guarulhos - SP,-23.455,-46.533,proximidade_agua,garoa,75.48,9.52,87.15,9.03,2.5,1.54,0,4.0,2.0,20.81,76.59,935.8,3.2,7.02,2.95,NASA POWER Daily API,57.31
20251012,Guarulhos - SP,-23.455,-46.533,campo,garoa,69.19,10.15,74.72,11.99,2.5,0.68,0,4.0,0.0,23.5,67.14,932.5,15.91,7.67,2.63,NASA POWER Daily API,58.93
20251013,Guarulhos - SP,-23.455,-46.533,transporte,garoa,73.03,4.85,58.62,17.72,2.5,1.1,0,4.0,1.0,22.78,68.05,930.8,6.07,3.67,5.83,NASA POWER Daily API,67.03
20251014,Guarulhos - SP,-23.455,-46.533,transporte,garoa,78.86,6.08,170.15,22.21,2.5,0.4,0,4.0,1.0,20.74,77.16,936.0,4.63,1.46,4.8,NASA POWER Daily API,65.24
20251015,Guarulhos - SP,-23.455,-46.533,campo,garoa,56.83,8.24,39.64,9.68,2.5,0.09,0,4.0,0.0,19.75,74.9,938.6,8.69,6.26,3.92,NASA POWER Daily API,59.87
20251016,Guarulhos - SP,-23.455,-46.533,transporte,garoa,55.41,3.07,67.3,17.16,2.5,0.02,0,4.0,1.0,22.04,70.0,936.4,7.93,10.85,2.93,NASA POWER Daily API,55.15
20251017,Guarulhos - SP,-23.455,-46.533,transporte,chuva,50.35,10.17,174.43,14.28,3.5,9.07,0,2.0,1.0,24.24,63.51,933.2,1.94,6.36,2.17,NASA POWER Daily API,72.15
20251018,Guarulhos - SP,-23.455,-46.533,campo,chuva,81.91,7.88,58.88,13.25,2.5,12.45,1,2.0,0.0,22.12,81.71,931.9,8.65,6.03,4.95,NASA POWER Daily API,98.41
20251019,Guarulhos - SP,-23.455,-46.533,proximidade_agua,garoa,77.58,0.93,168.0,1.95,2.5,4.95,0,4.0,2.0,15.21,80.53,939.4,10.51,6.9,7.97,NASA POWER Daily API,42.21
20251020,Guarulhos - SP,-23.455,-46.533,transporte,garoa,70.69,13.34,265.72,23.43,2.5,0.14,0,4.0,1.0,14.86,68.68,943.3,2.84,7.35,5.96,NASA POWER Daily API,77.18
20251021,Guarulhos - SP,-23.455,-46.533,campo,sol,71.54,5.97,105.3,12.74,2.5,0.0,0,0.0,0.0,15.8,65.06,944.4,11.81,3.6,6.07,NASA POWER Daily API,50.12
20251022,Guarulhos - SP,-23.455,-46.533,proximidade_agua,garoa,78.22,15.97,158.03,2.04,2.5,0.03,1,4.0,2.0,16.77,68.44,944.4,11.99,10.36,5.86,NASA POWER Daily API,69.28
20251023,Guarulhos - SP,-23.455,-46.533,campo,garoa,68.96,8.63,193.49,10.45,3.5,0.01,0,4.0,0.0,17.98,67.3,942.9,21.51,4.73,5.4,NASA POWER Daily API,51.54
20251024,Guarulhos - SP,-23.455,-46.533,campo,garoa,51.68,5.29,207.25,13.74,4.5,0.01,0,4.0,0.0,19.38,63.75,940.3,4.37,5.4,3.92,NASA POWER Daily API,49.3
20251025,Guarulhos - SP,-23.455,-46.533,campo,garoa,36.6,7.4,35.63,12.29,3.5,0.01,0,4.0,0.0,22.1,58.78,936.5,10.73,6.38,2.36,NASA POWER Daily API,59.6
20251026,Guarulhos - SP,-23.455,-46.533,campo,sol,21.39,5.71,144.55,10.5,3.5,0.0,0,0.0,0.0,23.75,52.43,934.2,13.48,6.1,2.96,NASA POWER Daily API,34.87
20251027,Guarulhos - SP,-23.455,-46.533,campo,garoa,30.12,7.31,128.62,12.76,3.5,2.23,0,4.0,0.0,21.32,73.24,936.3,3.83,3.4,1.75,NASA POWER Daily API,43.96
20251028,Guarulhos - SP,-23.455,-46.533,manutencao,chuva,64.41,6.75,110.89,6.4,3.5,9.51,0,2.0,3.0,21.61,79.11,937.5,80.0,5.5,1.99,NASA POWER Daily API,57.05
20251029,Guarulhos - SP,-23.455,-46.533,campo,chuva,55.9,6.45,224.45,13.14,4.5,5.61,0,2.0,0.0,22.6,76.35,935.0,14.02,14.22,5.49,NASA POWER Daily API,61.22
20251030,Guarulhos - SP,-23.455,-46.533,transporte,chuva,86.97,0.0,199.73,18.11,2.5,7.12,1,2.0,1.0,17.67,82.5,937.8,11.29,9.33,4.2,NASA POWER Daily API,82.92
20251031,Guarulhos - SP,-23.455,-46.533,campo,garoa,82.81,6.68,5.0,14.73,4.5,3.21,0,4.0,0.0,19.09,80.75,936.2,1.75,3.11,3.16,NASA POWER Daily API,96.16
20251101,Guarulhos - SP,-23.455,-46.533,transporte,garoa,86.48,9.26,5.0,21.92,3.5,4.79,0,4.0,1.0,22.07,74.72,935.5,6.27,1.69,2.6,NASA POWER Daily API,100.0
20251102,Guarulhos - SP,-23.455,-46.533,transporte,chuva,100.0,8.54,152.2,19.11,2.5,8.26,1,2.0,1.0,23.07,80.24,932.9,9.7,8.59,3.95,NASA POWER Daily API,98.47
20251103,Guarulhos - SP,-23.455,-46.533,transporte,garoa,97.37,7.4,65.03,21.23,3.5,1.02,0,4.0,1.0,22.78,79.89,932.2,7.59,4.19,3.28,NASA POWER Daily API,81.45
20251104,Guarulhos - SP,-23.455,-46.533,campo,garoa,77.57,2.73,152.55,12.96,2.5,0.7,0,4.0,0.0,22.66,75.81,933.6,4.46,14.05,2.3,NASA POWER Daily API,50.23
20251105,Guarulhos - SP,-23.455,-46.533,campo,garoa,65.51,4.82,5.0,18.86,2.5,0.32,0,4.0,0.0,24.45,71.87,933.2,13.08,3.03,4.48,NASA POWER Daily API,81.34
20251106,Guarulhos - SP,-23.455,-46.533,campo,garoa,67.62,7.14,242.17,14.61,2.5,2.98,0,4.0,0.0,18.96,79.91,936.3,9.36,3.98,5.49,NASA POWER Daily API,55.91
20251107,Guarulhos - SP,-23.455,-46.533,campo,garoa,56.51,7.11,217.29,14.32,2.5,3.15,0,4.0,0.0,21.4,71.11,931.4,2.87,5.61,2.56,NASA POWER Daily API,58.69
20251108,Guarulhos - SP,-23.455,-46.533,transporte,chuva,89.3,8.53,52.26,21.52,2.5,11.53,1,2.0,1.0,22.27,78.22,927.9,10.63,20.36,7.97,NASA POWER Daily API,100.0
20251109,Guarulhos - SP,-23.455,-46.533,proximidade_agua,garoa,63.93,7.97,80.68,12.57,2.5,0.76,0,4.0,2.0,17.8,77.87,937.3,8.54,7.68,5.13,NASA POWER Daily API,57.74
20251110,Guarulhos - SP,-23.455,-46.533,campo,garoa,75.9,8.48,136.6,4.3,3.5,0.03,0,4.0,0.0,17.22,70.94,939.7,2.08,1.51,4.4,NASA POWER Daily API,52.02
20251111,Guarulhos - SP,-23.455,-46.533,campo,garoa,65.39,8.14,91.43,3.6,2.5,0.3,0,4.0,0.0,18.48,68.31,938.6,13.85,1.86,4.12,NASA POWER Daily API,39.82
20251112,Guarulhos - SP,-23.455,-46.533,transporte,garoa,61.09,11.62,169.6,21.9,2.5,0.36,0,4.0,1.0,21.55,64.99,936.1,16.86,1.82,2.95,NASA POWER Daily API,65.29
20251113,Guarulhos - SP,-23.455,-46.533,campo,garoa,50.15,7.58,152.99,13.44,2.5,0.21,0,4.0,0.0,21.94,67.4,936.5,22.0,3.07,2.53,NASA POWER Daily API,47.02
20251114,Guarulhos - SP,-23.455,-46.533,campo,garoa,47.36,7.4,147.35,0.0,3.5,0.28,0,4.0,0.0,20.43,72.52,938.5,4.2,14.3,2.99,NASA POWER Daily API,31.27
20251115,Guarulhos - SP,-23.455,-46.533,campo,garoa,36.51,6.44,260.42,11.48,2.5,0.36,0,4.0,0.0,20.95,76.06,936.8,23.19,6.83,3.32,NASA POWER Daily API,39.41
20251116,Guarulhos - SP,-23.455,-46.533,campo,garoa,43.64,16.12,146.98,12.38,2.5,1.2,0,4.0,0.0,22.39,77.87,933.1,25.66,3.56,2.72,NASA POWER Daily API,53.89
20251117,Guarulhos - SP,-23.455,-46.533,transporte,chuva,44.32,4.21,75.99,17.88,3.5,7.25,0,2.0,1.0,24.56,70.66,931.3,3.11,3.32,4.46,NASA POWER Daily API,65.19
20251118,Guarulhos - SP,-23.455,-46.533,transporte,chuva,64.24,8.09,82.39,23.44,2.5,5.16,0,2.0,1.0,23.02,73.17,928.9,10.72,17.29,5.57,NASA POWER Daily API,76.49
20251119,Guarulhos - SP,-23.455,-46.533,campo,garoa,45.15,9.31,80.05,5.72,3.5,0.03,0,4.0,0.0,19.99,63.2,931.8,5.5,4.02,5.23,NASA POWER Daily API,42.98
20251120,Guarulhos - SP,-23.455,-46.533,campo,garoa,51.02,6.2,34.06,20.49,3.5,0.19,0,4.0,0.0,18.82,69.42,935.7,17.1,7.57,4.91,NASA POWER Daily API,73.62
20251121,Guarulhos - SP,-23.455,-46.533,campo,sol,49.13,7.14,157.27,13.54,3.5,0.0,0,0.0,0.0,22.19,61.36,934.1,8.49,4.43,2.78,NASA POWER Daily API,48.5
20251122,Guarulhos - SP,-23.455,-46.533,campo,garoa,50.63,11.09,334.91,10.19,2.5,0.41,0,4.0,0.0,23.81,61.02,933.3,2.58,5.56,3.19,NASA POWER Daily API,53.2
20251123,Guarulhos - SP,-23.455,-46.533,campo,chuva,65.0,7.44,5.0,15.44,2.5,6.07,0,2.0,0.0,21.16,80.17,934.7,7.15,2.26,2.98,NASA POWER Daily API,89.52
20251124,Guarulhos - SP,-23.455,-46.533,campo,garoa,59.33,7.96,160.78,18.11,2.5,3.04,0,4.0,0.0,20.29,82.72,933.2,18.43,10.97,2.16,NASA POWER Daily API,58.93
20251125,Guarulhos - SP,-23.455,-46.533,campo,garoa,48.31,11.23,211.21,14.88,4.5,0.28,0,4.0,0.0,19.57,77.86,933.7,15.5,4.9,4.72,NASA POWER Daily API,56.67
20251126,Guarulhos - SP,-23.455,-46.533,transporte,garoa,52.4,11.84,222.47,14.33,2.5,0.02,0,4.0,1.0,18.86,72.12,936.0,4.74,6.46,3.79,NASA POWER Daily API,53.14
20251127,Guarulhos - SP,-23.455,-46.533,campo,garoa,36.76,7.08,232.6,14.07,4.5,0.06,0,4.0,0.0,19.36,70.55,935.8,8.75,5.01,3.6,NASA POWER Daily API,47.48
20251128,Guarulhos - SP,-23.455,-46.533,campo,garoa,48.61,6.39,65.0,17.76,5.5,0.07,0,4.0,0.0,22.49,65.63,933.3,6.98,7.62,2.87,NASA POWER Daily API,64.75
20251129,Guarulhos - SP,-23.455,-46.533,proximidade_agua,sol,40.15,14.32,196.26,6.94,2.5,0.0,0,0.0,2.0,23.72,56.01,931.7,37.36,14.87,3.04,NASA POWER Daily API,47.11
20251130,Guarulhos - SP,-23.455,-46.533,manutencao,sol,30.07,7.31,168.97,15.53,2.5,0.0,0,0.0,3.0,23.79,58.48,931.9,11.38,5.1,3.05,NASA POWER Daily API,43.45
20251201,Guarulhos - SP,-23.455,-46.533,transporte,garoa,27.0,8.43,266.04,17.91,2.5,0.07,0,4.0,1.0,24.7,64.22,930.8,3.25,7.35,2.9,NASA POWER Daily API,46.82
20251202,Guarulhos - SP,-23.455,-46.533,proximidade_agua,garoa,46.72,8.65,168.82,6.85,2.5,3.85,0,4.0,2.0,24.93,68.16,929.5,9.96,5.11,3.11,NASA POWER Daily API,46.83
20251203,Guarulhos - SP,-23.455,-46.533,transporte,garoa,43.34,7.06,99.39,26.54,3.5,1.21,0,4.0,1.0,22.7,75.66,931.0,2.23,2.93,3.15,NASA POWER Daily API,70.29
20251204,Guarulhos - SP,-23.455,-46.533,campo,garoa,45.47,9.89,134.62,14.3,3.5,0.7,0,4.0,0.0,20.55,74.24,933.4,7.25,2.07,4.22,NASA POWER Daily API,51.95
20251205,Guarulhos - SP,-23.455,-46.533,campo,garoa,32.55,10.45,140.86,14.74,2.5,0.11,0,4.0,0.0,21.76,68.68,934.2,1.81,7.13,3.66,NASA POWER Daily API,52.45
20251206,Guarulhos - SP,-23.455,-46.533,campo,sol,43.37,2.17,191.68,8.0,2.5,0.0,0,0.0,0.0,24.18,66.76,934.5,80.0,1.42,3.14,NASA POWER Daily API,32.45
20251207,Guarulhos - SP,-23.455,-46.533,manutencao,garoa,28.35,9.37,102.42,8.58,2.5,0.01,0,4.0,3.0,24.8,67.04,934.4,15.51,2.23,2.99,NASA POWER Daily API,36.25
20251208,Guarulhos - SP,-23.455,-46.533,proximidade_agua,garoa,49.65,3.51,255.57,7.16,2.5,4.47,0,4.0,2.0,24.33,74.77,933.2,23.58,3.19,1.96,NASA POWER Daily API,43.03
20251209,Guarulhos - SP,-23.455,-46.533,campo,chuva,77.55,12.88,157.19,11.18,3.5,13.45,0,2.0,0.0,22.67,79.16,927.6,25.52,4.96,7.06,NASA POWER Daily API,77.83
20251210,Guarulhos - SP,-23.455,-46.533,campo,garoa,59.12,6.23,5.0,8.28,2.5,2.82,0,4.0,0.0,24.88,61.53,923.6,6.07,7.3,12.06,NASA POWER Daily API,70.73
20251211,Guarulhos - SP,-23.455,-46.533,campo,garoa,57.84,7.48,79.08,12.81,2.5,0.04,0,4.0,0.0,24.84,53.73,927.3,0.98,8.23,8.28,NASA POWER Daily API,64.2
20251212,Guarulhos - SP,-23.455,-46.533,campo,garoa,57.0,4.91,5.0,12.97,2.5,0.35,0,4.0,0.0,25.48,60.65,929.8,8.96,2.32,4.06,NASA POWER Daily API,71.79
20251213,Guarulhos - SP,-23.455,-46.533,proximidade_agua,chuva,100.0,10.76,171.57,0.0,4.5,23.17,1,2.0,2.0,23.76,81.48,929.9,6.18,6.21,5.53,NASA POWER Daily API,99.59
20251214,Guarulhos - SP,-23.455,-46.533,campo,garoa,100.0,10.44,123.99,8.06,3.5,0.27,0,4.0,0.0,24.7,74.72,931.1,1.76,8.89,4.12,NASA POWER Daily API,66.84
20251215,Guarulhos - SP,-23.455,-46.533,proximidade_agua,garoa,96.3,2.53,107.53,10.58,3.5,1.48,0,4.0,2.0,25.56,73.64,930.4,8.04,3.48,3.19,NASA POWER Daily API,59.77
20251216,Guarulhos - SP,-23.455,-46.533,campo,chuva,79.67,9.11,257.65,17.7,2.5,6.5,1,2.0,0.0,25.77,73.4,930.1,5.55,3.49,5.36,NASA POWER Daily API,89.73
20251217,Guarulhos - SP,-23.455,-46.533,transporte,garoa,90.85,5.42,184.38,28.32,2.5,2.29,0,4.0,1.0,18.67,78.82,935.3,2.06,2.36,6.73,NASA POWER Daily API,83.63
20251218,Guarulhos - SP,-23.455,-46.533,proximidade_agua,garoa,86.02,10.81,74.64,11.7,2.5,0.35,0,4.0,2.0,20.3,77.73,934.6,3.68,3.97,4.29,NASA POWER Daily API,67.87
20251219,Guarulhos - SP,-23.455,-46.533,campo,garoa,97.12,7.69,174.78,9.52,3.5,0.57,0,4.0,0.0,21.96,78.46,934.6,21.03,3.72,3.78,NASA POWER Daily API,58.95
20251220,Guarulhos - SP,-23.455,-46.533,proximidade_agua,garoa,51.02,9.6,259.64,9.55,2.5,0.35,0,4.0,2.0,23.1,75.24,935.2,14.63,2.63,4.07,NASA POWER Daily API,48.77
20251221,Guarulhos - SP,-23.455,-46.533,campo,garoa,40.52,3.74,187.61,13.29,2.5,0.12,0,4.0,0.0,24.98,66.07,934.6,0.63,15.34,3.29,NASA POWER Daily API,51.99
20251222,Guarulhos - SP,-23.455,-46.533,campo,garoa,52.3,3.36,50.95,2.07,3.5,0.16,0,4.0,0.0,26.48,61.58,933.5,2.67,2.33,2.55,NASA POWER Daily API,49.05
20251223,Guarulhos - SP,-23.455,-46.533,campo,garoa,32.84,13.8,61.71,12.98,2.5,0.01,0,4.0,0.0,27.96,55.48,933.8,5.37,3.72,2.7,NASA POWER Daily API,56.27
20251224,Guarulhos - SP,-23.455,-46.533,campo,sol,30.48,11.17,48.36,16.49,2.5,0.0,0,0.0,0.0,27.96,54.71,933.4,5.43,3.35,2.77,NASA POWER Daily API,61.21
20251225,Guarulhos - SP,-23.455,-46.533,campo,garoa,33.28,8.98,134.84,10.79,2.5,0.26,0,4.0,0.0,28.94,52.49,932.8,25.53,3.33,3.11,NASA POWER Daily API,40.43
20251226,Guarulhos - SP,-23.455,-46.533,proximidade_agua,garoa,33.5,8.47,60.4,9.61,3.5,3.04,0,4.0,2.0,28.26,60.89,934.1,2.53,3.8,3.49,NASA POWER Daily API,62.06
20251227,Guarulhos - SP,-23.455,-46.533,campo,garoa,42.81,11.21,200.27,10.73,2.5,0.63,0,4.0,0.0,28.31,61.14,934.2,1.86,7.61,2.15,NASA POWER Daily API,51.81
20251228,Guarulhos - SP,-23.455,-46.533,transporte,garoa,47.06,7.33,107.95,19.32,2.5,3.74,0,4.0,1.0,28.39,59.34,933.0,1.83,7.42,2.74,NASA POWER Daily API,62.78
20251229,Guarulhos - SP,-23.455,-46.533,campo,chuva,54.0,1.33,108.4,17.54,5.5,8.1,0,2.0,0.0,27.39,64.62,932.6,18.28,3.86,2.0,NASA POWER Daily API,65.46
20251230,Guarulhos - SP,-23.455,-46.533,transporte,garoa,59.04,1.41,229.4,15.65,3.5,3.82,0,4.0,1.0,27.48,67.69,933.1,6.09,13.06,1.87,NASA POWER Daily API,51.79
20251231,Guarulhos - SP,-23.455,-46.533,campo,garoa,62.84,6.87,32.08,15.89,2.5,4.63,0,4.0,0.0,27.16,69.53,933.9,4.04,5.15,2.78,NASA POWER Daily API,74.9
20240101,Ribeirao Preto - SP,-21.1775,-47.8103,campo,chuva,53.51,7.25,266.93,0.0,1.8,5.38,0,2.0,0.0,24.02,76.16,930.7,53.47,10.27,3.25,NASA POWER Daily API,39.2
20240102,Ribeirao Preto - SP,-21.1775,-47.8103,transporte,garoa,39.16,1.66,355.44,19.97,1.8,1.11,0,4.0,1.0,25.4,70.51,929.1,10.21,3.25,2.6,NASA POWER Daily API,45.54
20240103,Ribeirao Preto - SP,-21.1775,-47.8103,campo,chuva,61.28,2.03,213.1,14.23,2.8,13.13,0,2.0,0.0,25.28,74.84,928.5,19.28,2.23,2.02,NASA POWER Daily API,63.5
20240104,Ribeirao Preto - SP,-21.1775,-47.8103,proximidade_agua,chuva,77.76,10.99,190.44,6.51,3.8,5.99,0,2.0,2.0,25.22,76.3,928.7,12.25,4.39,2.26,NASA POWER Daily API,67.56
20240105,Ribeirao Preto - SP,-21.1775,-47.8103,proximidade_agua,garoa,66.48,8.21,257.1,4.62,1.8,0.06,0,4.0,2.0,25.88,65.08,929.1,30.44,3.14,2.94,NASA POWER Daily API,44.43
20240106,Ribeirao Preto - SP,-21.1775,-47.8103,transporte,garoa,63.96,5.3,71.39,25.35,1.8,0.02,0,4.0,1.0,27.33,59.73,929.3,19.59,3.52,2.05,NASA POWER Daily API,68.06
20240107,Ribeirao Preto - SP,-21.1775,-47.8103,transporte,garoa,66.38,3.5,313.12,23.33,1.8,1.16,0,4.0,1.0,28.36,57.8,930.0,15.23,4.23,1.62,NASA POWER Daily API,59.82
20240108,Ribeirao Preto - SP,-21.1775,-47.8103,proximidade_agua,chuva,70.76,8.39,151.06,14.04,2.8,5.36,0,2.0,2.0,27.51,65.21,930.5,15.19,5.02,2.77,NASA POWER Daily API,69.26
20240109,Ribeirao Preto - SP,-21.1775,-47.8103,campo,garoa,69.59,8.36,153.66,11.3,1.8,1.13,0,4.0,0.0,26.96,64.41,931.5,16.8,4.69,3.15,NASA POWER Daily API,50.72
20240110,Ribeirao Preto - SP,-21.1775,-47.8103,transporte,chuva,61.21,4.74,195.46,12.47,2.8,5.06,0,2.0,1.0,26.77,66.84,931.2,21.74,4.86,4.09,NASA POWER Daily API,56.27
20240111,Ribeirao Preto - SP,-21.1775,-47.8103,campo,garoa,58.29,10.46,316.71,7.99,2.8,1.43,0,4.0,0.0,26.94,68.47,931.1,9.29,4.28,3.48,NASA POWER Daily API,47.86
20240112,Ribeirao Preto - SP,-21.1775,-47.8103,campo,garoa,63.48,3.67,228.65,15.8,1.8,3.06,0,4.0,0.0,27.06,68.68,929.6,7.48,2.68,2.7,NASA POWER Daily API,51.55
20240113,Ribeirao Preto - SP,-21.1775,-47.8103,campo,chuva,100.0,7.03,182.63,6.94,1.8,17.82,1,2.0,0.0,26.03,75.48,931.0,2.49,6.27,2.33,NASA POWER Daily API,95.39
20240114,Ribeirao Preto - SP,-21.1775,-47.8103,transporte,chuva,100.0,4.85,241.74,7.61,3.8,18.83,1,2.0,1.0,24.7,81.48,932.9,6.6,7.46,2.04,NASA POWER Daily API,93.06
20240115,Ribeirao Preto - SP,-21.1775,-47.8103,proximidade_agua,garoa,100.0,0.0,257.89,19.26,2.8,2.58,0,4.0,2.0,25.27,76.38,933.3,9.66,2.45,2.75,NASA POWER Daily API,68.41
20240116,Ribeirao Preto - SP,-21.1775,-47.8103,campo,garoa,99.78,5.74,137.09,9.5,1.8,0.38,0,4.0,0.0,27.3,66.66,932.6,8.15,3.64,2.52,NASA POWER Daily API,53.98
20240117,Ribeirao Preto - SP,-21.1775,-47.8103,transporte,garoa,86.11,1.5,219.52,23.38,1.8,0.24,0,4.0,1.0,28.55,63.13,932.8,32.85,3.34,2.04,NASA POWER Daily API,62.63
20240118,Ribeirao Preto - SP,-21.1775,-47.8103,campo,garoa,93.82,8.67,388.29,3.78,1.8,2.42,0,4.0,0.0,28.54,63.48,931.7,24.57,2.23,1.67,NASA POWER Daily API,50.12
20240119,Ribeirao Preto - SP,-21.1775,-47.8103,transporte,garoa,100.0,5.75,256.77,26.49,1.8,3.65,0,4.0,1.0,28.68,63.85,930.8,6.97,3.7,2.97,NASA POWER Daily API,78.53
20240120,Ribeirao Preto - SP,-21.1775,-47.8103,proximidade_agua,garoa,86.23,1.11,188.53,7.99,2.8,3.9,0,4.0,2.0,27.51,66.77,929.7,80.0,4.63,3.09,NASA POWER Daily API,52.87
20240121,Ribeirao Preto - SP,-21.1775,-47.8103,transporte,garoa,66.87,6.27,332.34,19.18,1.8,4.66,0,4.0,1.0,26.24,70.78,930.6,1.36,2.03,3.21,NASA POWER Daily API,72.97
20240122,Ribeirao Preto - SP,-21.1775,-47.8103,transporte,garoa,53.65,1.14,316.72,19.11,2.8,0.23,0,4.0,1.0,25.74,65.57,930.8,13.35,3.18,2.75,NASA POWER Daily API,49.46
20240123,Ribeirao Preto - SP,-21.1775,-47.8103,transporte,chuva,85.8,6.63,190.03,20.65,2.8,10.34,1,2.0,1.0,24.62,72.86,929.3,3.4,15.47,2.86,NASA POWER Daily API,97.04
20240124,Ribeirao Preto - SP,-21.1775,-47.8103,transporte,garoa,78.47,4.9,278.6,22.2,1.8,0.86,0,4.0,1.0,24.88,70.19,927.2,3.32,8.95,2.56,NASA POWER Daily API,63.42
20240125,Ribeirao Preto - SP,-21.1775,-47.8103,manutencao,garoa,65.98,4.67,212.95,5.63,1.8,0.09,0,4.0,3.0,23.99,65.19,927.6,37.56,2.85,3.66,NASA POWER Daily API,37.96
20240126,Ribeirao Preto - SP,-21.1775,-47.8103,campo,garoa,65.51,7.5,390.23,9.96,1.8,0.08,0,4.0,0.0,24.03,62.22,928.9,3.94,5.36,2.85,NASA POWER Daily API,46.1
20240127,Ribeirao Preto - SP,-21.1775,-47.8103,campo,garoa,53.59,6.54,205.11,10.22,1.8,0.23,0,4.0,0.0,24.79,58.06,930.0,14.75,2.6,3.03,NASA POWER Daily API,41.91
20240128,Ribeirao Preto - SP,-21.1775,-47.8103,campo,garoa,58.67,10.25,82.06,9.33,1.8,2.1,0,4.0,0.0,25.97,58.83,931.3,6.91,2.29,2.56,NASA POWER Daily API,50.28
20240129,Ribeirao Preto - SP,-21.1775,-47.8103,campo,garoa,54.57,11.63,188.48,16.77,1.8,4.04,0,4.0,0.0,26.44,55.44,931.6,2.78,7.37,3.02,NASA POWER Daily API,65.24
20240130,Ribeirao Preto - SP,-21.1775,-47.8103,transporte,garoa,27.0,5.58,92.57,18.17,2.8,0.1,0,4.0,1.0,26.46,47.79,931.2,5.83,2.66,2.53,NASA POWER Daily API,44.8
20240131,Ribeirao Preto - SP,-21.1775,-47.8103,campo,garoa,48.21,5.73,124.8,10.25,2.8,2.82,0,4.0,0.0,26.24,52.56,931.9,26.91,4.58,1.9,NASA POWER Daily API,43.96
20240201,Ribeirao Preto - SP,-21.1775,-47.8103,campo,chuva,55.76,5.38,264.48,0.0,1.8,6.64,0,2.0,0.0,25.67,59.8,933.2,7.05,11.22,2.15,NASA POWER Daily API,38.93
20240202,Ribeirao Preto - SP,-21.1775,-47.8103,campo,garoa,48.82,9.47,187.7,7.85,1.8,0.68,0,4.0,0.0,25.1,66.9,934.4,6.09,11.54,2.85,NASA POWER Daily API,40.71
20240203,Ribeirao Preto - SP,-21.1775,-47.8103,campo,garoa,61.11,8.38,302.89,15.24,1.8,2.36,0,4.0,0.0,25.6,68.55,934.3,13.17,5.43,2.65,NASA POWER Daily API,54.09
20240204,Ribeirao Preto - SP,-21.1775,-47.8103,transporte,garoa,69.02,5.61,356.33,25.74,1.8,4.67,0,4.0,1.0,23.87,76.22,934.3,4.8,11.08,1.16,NASA POWER Daily API,68.88
20240205,Ribeirao Preto - SP,-21.1775,-47.8103,campo,garoa,64.83,4.47,238.19,11.63,1.8,2.24,0,4.0,0.0,24.57,73.53,933.5,8.35,5.73,1.52,NASA POWER Daily API,46.53
20240206,Ribeirao Preto - SP,-21.1775,-47.8103,transporte,garoa,67.32,9.62,292.44,17.65,1.8,0.92,0,4.0,1.0,25.2,72.42,934.0,7.96,2.51,1.62,NASA POWER Daily API,58.92
20240207,Ribeirao Preto - SP,-21.1775,-47.8103,transporte,garoa,71.87,13.8,333.87,21.62,1.8,4.8,0,4.0,1.0,24.39,76.18,932.6,8.63,2.85,1.59,NASA POWER Daily API,73.42
20240208,Ribeirao Preto - SP,-21.1775,-47.8103,campo,garoa,56.12,5.35,31.03,9.26,1.8,2.4,0,4.0,0.0,25.39,71.89,931.2,6.02,3.44,1.85,NASA POWER Daily API,59.89
20240209,Ribeirao Preto - SP,-21.1775,-47.8103,transporte,garoa,62.04,7.62,162.37,18.69,1.8,0.03,0,4.0,1.0,26.68,62.84,931.6,3.56,3.24,3.59,NASA POWER Daily API,55.86
20240210,Ribeirao Preto - SP,-21.1775,-47.8103,transporte,sol,46.92,2.0,206.33,19.53,2.8,0.0,0,0.0,1.0,26.44,61.13,933.2,16.85,6.35,4.76,NASA POWER Daily API,48.48
20240211,Ribeirao Preto - SP,-21.1775,-47.8103,campo,garoa,48.57,10.14,448.01,15.39,1.8,0.14,0,4.0,0.0,27.14,61.56,933.8,18.64,3.64,4.28,NASA POWER Daily API,50.29
20240212,Ribeirao Preto - SP,-21.1775,-47.8103,campo,garoa,38.8,6.77,154.59,8.77,2.8,1.19,0,4.0,0.0,27.52,62.41,935.0,1.18,2.22,3.09,NASA POWER Daily API,50.61
20240213,Ribeirao Preto - SP,-21.1775,-47.8103,campo,garoa,44.36,6.83,228.61,16.34,1.8,3.81,0,4.0,0.0,27.78,61.86,934.7,20.46,6.92,2.13,NASA POWER Daily API,50.16
20240214,Ribeirao Preto - SP,-21.1775,-47.8103,proximidade_agua,chuva,66.16,8.44,241.97,12.75,1.8,8.11,0,2.0,2.0,26.01,68.22,933.8,5.61,4.19,2.49,NASA POWER Daily API,66.56
20240215,Ribeirao Preto - SP,-21.1775,-47.8103,campo,chuva,76.9,0.86,329.95,6.02,1.8,5.92,0,2.0,0.0,24.01,80.13,933.6,5.91,4.16,2.18,NASA POWER Daily API,47.34
20240216,Ribeirao Preto - SP,-21.1775,-47.8103,transporte,chuva,82.82,7.67,299.59,16.18,1.8,7.21,1,2.0,1.0,25.36,75.78,932.0,7.18,12.53,1.72,NASA POWER Daily API,86.3
20240217,Ribeirao Preto - SP,-21.1775,-47.8103,transporte,garoa,71.57,5.52,117.73,17.54,1.8,2.48,0,4.0,1.0,26.14,69.69,930.0,3.96,5.13,2.41,NASA POWER Daily API,57.52
20240218,Ribeirao Preto - SP,-21.1775,-47.8103,campo,garoa,72.88,4.05,195.91,11.86,1.8,0.88,0,4.0,0.0,25.83,65.11,928.8,11.46,3.86,2.68,NASA POWER Daily API,47.83
20240219,Ribeirao Preto - SP,-21.1775,-47.8103,proximidade_agua,chuva,100.0,9.24,124.06,5.05,3.8,10.67,1,2.0,2.0,25.08,67.87,927.7,30.36,2.63,2.29,NASA POWER Daily API,91.08
20240220,Ribeirao Preto - SP,-21.1775,-47.8103,campo,chuva,97.76,7.37,60.42,4.1,1.8,5.74,1,2.0,0.0,25.38,69.33,925.8,1.16,3.87,2.49,NASA POWER Daily API,95.28
20240221,Ribeirao Preto - SP,-21.1775,-47.8103,campo,chuva,100.0,5.05,178.91,14.26,1.8,12.81,1,2.0,0.0,24.98,74.91,926.2,4.0,5.06,2.8,NASA POWER Daily API,92.03
20240222,Ribeirao Preto - SP,-21.1775,-47.8103,campo,garoa,100.0,8.02,313.24,9.0,2.8,2.14,0,4.0,0.0,25.98,71.18,928.4,6.45,2.85,2.65,NASA POWER Daily API,59.94
20240223,Ribeirao Preto - SP,-21.1775,-47.8103,campo,garoa,98.26,4.52,264.55,12.57,1.8,3.62,0,4.0,0.0,26.09,73.76,932.1,2.06,4.57,2.28,NASA POWER Daily API,65.2
20240224,Ribeirao Preto - SP,-21.1775,-47.8103,campo,garoa,96.89,3.49,5.0,6.79,1.8,2.87,0,4.0,0.0,25.87,73.84,935.2,7.85,12.5,1.89,NASA POWER Daily API,75.05
20240225,Ribeirao Preto - SP,-21.1775,-47.8103,campo,garoa,87.92,5.4,303.86,9.3,3.8,0.4,0,4.0,0.0,27.21,66.3,935.1,72.94,6.15,2.6,NASA POWER Daily API,53.96
20240226,Ribeirao Preto - SP,-21.1775,-47.8103,transporte,garoa,73.79,7.13,188.69,16.49,1.8,0.89,0,4.0,1.0,27.11,69.97,933.3,10.2,4.07,3.19,NASA POWER Daily API,56.82
20240227,Ribeirao Preto - SP,-21.1775,-47.8103,transporte,garoa,54.69,5.75,194.6,17.55,1.8,0.03,0,4.0,1.0,28.24,62.06,931.4,15.04,7.29,2.3,NASA POWER Daily API,50.28
20240228,Ribeirao Preto - SP,-21.1775,-47.8103,transporte,garoa,38.77,3.69,121.27,16.32,1.8,0.07,0,4.0,1.0,29.09,58.03,930.9,3.5,5.22,2.19,NASA POWER Daily API,41.88
20240229,Ribeirao Preto - SP,-21.1775,-47.8103,campo,garoa,31.8,8.12,169.67,8.18,1.8,0.48,0,4.0,0.0,29.09,63.56,931.3,11.04,10.55,2.91,NASA POWER Daily API,34.63
20240301,Ribeirao Preto - SP,-21.1775,-47.8103,campo,garoa,45.06,8.93,56.11,20.36,1.8,4.12,0,4.0,0.0,27.84,67.84,931.2,0.56,4.69,3.54,NASA POWER Daily API,80.31
20240302,Ribeirao Preto - SP,-21.1775,-47.8103,manutencao,garoa,39.15,4.16,279.0,7.39,3.8,0.88,0,4.0,3.0,26.97,69.03,930.6,2.4,2.0,2.47,NASA POWER Daily API,42.41
20240303,Ribeirao Preto - SP,-21.1775,-47.8103,campo,garoa,32.74,5.06,176.19,14.44,3.8,0.25,0,4.0,0.0,27.43,60.24,930.1,1.98,3.98,2.12,NASA POWER Daily API,49.69
20240304,Ribeirao Preto - SP,-21.1775,-47.8103,campo,garoa,27.56,8.12,117.66,18.63,1.8,0.74,0,4.0,0.0,28.02,60.21,930.3,5.84,6.31,2.65,NASA POWER Daily API,46.73
20240305,Ribeirao Preto - SP,-21.1775,-47.8103,campo,chuva,53.5,3.91,117.58,10.08,1.8,5.12,0,2.0,0.0,27.21,65.34,931.5,5.43,8.35,3.59,NASA POWER Daily API,47.98
20240306,Ribeirao Preto - SP,-21.1775,-47.8103,transporte,chuva,80.77,1.26,347.31,13.25,1.8,9.77,1,2.0,1.0,26.2,70.73,932.3,4.64,4.1,2.04,NASA POWER Daily API,77.71
20240307,Ribeirao Preto - SP,-21.1775,-47.8103,transporte,garoa,81.73,9.31,175.59,19.24,4.8,4.89,0,4.0,1.0,27.03,70.57,933.6,9.37,1.73,2.19,NASA POWER Daily API,75.16
20240308,Ribeirao Preto - SP,-21.1775,-47.8103,transporte,garoa,77.5,9.09,160.26,12.44,1.8,2.29,0,4.0,1.0,26.93,72.95,933.3,0.82,9.12,2.05,NASA POWER Daily API,68.26
20240309,Ribeirao Preto - SP,-21.1775,-47.8103,campo,chuva,100.0,0.0,288.04,10.31,2.8,10.33,1,2.0,0.0,27.23,71.04,931.8,13.01,7.18,2.74,NASA POWER Daily API,81.2
20240310,Ribeirao Preto - SP,-21.1775,-47.8103,transporte,garoa,88.41,3.6,124.67,12.79,1.8,0.46,0,4.0,1.0,26.6,73.46,931.5,3.53,11.18,2.25,NASA POWER Daily API,52.59
20240311,Ribeirao Preto - SP,-21.1775,-47.8103,transporte,garoa,80.24,7.18,238.04,17.52,1.8,0.82,0,4.0,1.0,26.88,66.39,932.2,7.28,4.04,2.73,NASA POWER Daily API,60.11
20240312,Ribeirao Preto - SP,-21.1775,-47.8103,campo,garoa,74.08,2.95,260.99,11.59,2.8,0.99,0,4.0,0.0,27.72,66.81,932.4,2.34,12.86,2.42,NASA POWER Daily API,54.7
20240313,Ribeirao Preto - SP,-21.1775,-47.8103,transporte,garoa,67.91,4.26,184.47,24.98,2.8,1.97,0,4.0,1.0,28.39,66.44,932.1,43.76,4.82,1.74,NASA POWER Daily API,65.92
20240314,Ribeirao Preto - SP,-21.1775,-47.8103,transporte,garoa,46.72,7.16,386.04,19.1,2.8,0.25,0,4.0,1.0,28.69,64.17,932.0,20.66,3.24,2.04,NASA POWER Daily API,53.63
20240315,Ribeirao Preto - SP,-21.1775,-47.8103,proximidade_agua,garoa,41.46,10.48,308.17,7.86,2.8,0.01,0,4.0,2.0,28.2,58.66,930.5,5.22,2.7,2.26,NASA POWER Daily API,45.36
20240316,Ribeirao Preto - SP,-21.1775,-47.8103,campo,garoa,32.89,0.85,157.06,15.21,1.8,1.2,0,4.0,0.0,28.62,62.25,929.6,10.36,3.33,2.4,NASA POWER Daily API,36.91
20240317,Ribeirao Preto - SP,-21.1775,-47.8103,campo,garoa,35.46,11.65,180.38,13.56,1.8,1.41,0,4.0,0.0,28.64,62.66,930.8,31.32,3.81,2.64,NASA POWER Daily API,47.07
20240318,Ribeirao Preto - SP,-21.1775,-47.8103,transporte,garoa,44.56,7.46,267.04,16.56,4.8,3.4,0,4.0,1.0,28.67,65.8,930.7,10.3,3.84,1.68,NASA POWER Daily API,57.5
20240319,Ribeirao Preto - SP,-21.1775,-47.8103,transporte,chuva,50.58,6.29,213.76,15.79,1.8,6.49,0,2.0,1.0,28.88,64.18,929.8,8.39,3.53,1.92,NASA POWER Daily API,58.17
20240320,Ribeirao Preto - SP,-21.1775,-47.8103,campo,garoa,52.59,13.01,300.03,12.93,3.8,2.52,0,4.0,0.0,26.54,75.1,928.8,5.06,2.32,1.75,NASA POWER Daily API,58.35
20240321,Ribeirao Preto - SP,-21.1775,-47.8103,campo,garoa,64.39,8.45,113.25,13.36,1.8,3.66,0,4.0,0.0,26.58,73.61,930.0,10.28,3.72,3.84,NASA POWER Daily API,54.34
20240322,Ribeirao Preto - SP,-21.1775,-47.8103,manutencao,chuva,81.9,11.18,142.82,10.51,1.8,6.94,1,2.0,3.0,23.75,85.99,931.5,5.41,7.01,4.18,NASA POWER Daily API,82.62
20240323,Ribeirao Preto - SP,-21.1775,-47.8103,campo,chuva,79.72,0.0,318.16,16.49,1.8,8.69,1,2.0,0.0,22.72,79.66,933.2,5.55,13.99,4.44,NASA POWER Daily API,79.03
20240324,Ribeirao Preto - SP,-21.1775,-47.8103,campo,garoa,83.28,4.16,210.97,7.15,1.8,2.65,0,4.0,0.0,22.31,80.91,932.9,62.02,6.44,3.12,NASA POWER Daily API,46.57
20240325,Ribeirao Preto - SP,-21.1775,-47.8103,transporte,chuva,89.73,10.45,216.49,16.99,2.8,5.94,1,2.0,1.0,23.92,79.48,930.8,8.5,2.24,2.87,NASA POWER Daily API,93.34
20240326,Ribeirao Preto - SP,-21.1775,-47.8103,manutencao,chuva,100.0,9.21,192.9,5.78,2.8,13.41,1,2.0,3.0,21.72,89.16,932.4,3.22,3.79,2.68,NASA POWER Daily API,89.0
20240327,Ribeirao Preto - SP,-21.1775,-47.8103,campo,chuva,100.0,0.04,190.38,13.08,2.8,20.78,1,2.0,0.0,20.68,89.47,934.2,8.62,4.62,2.34,NASA POWER Daily API,95.44
20240328,Ribeirao Preto - SP,-21.1775,-47.8103,campo,chuva,100.0,8.68,120.65,8.4,2.8,15.94,1,2.0,0.0,21.91,83.9,935.2,6.77,3.1,2.06,NASA POWER Daily API,93.01
20240329,Ribeirao Preto - SP,-21.1775,-47.8103,campo,garoa,100.0,1.65,122.15,5.04,2.8,3.23,0,4.0,0.0,22.81,85.46,934.9,3.68,6.4,2.04,NASA POWER Daily API,48.98
20240330,Ribeirao Preto - SP,-21.1775,-47.8103,proximidade_agua,chuva,100.0,2.22,213.33,6.91,2.8,11.04,1,2.0,2.0,23.59,84.13,933.3,4.21,7.22,1.9,NASA POWER Daily API,83.85
20240331,Ribeirao Preto - SP,-21.1775,-47.8103,campo,garoa,100.0,2.8,189.86,10.1,1.8,0.21,0,4.0,0.0,24.4,75.58,932.4,2.14,10.72,1.46,NASA POWER Daily API,57.57
20240401,Ribeirao Preto - SP,-21.1775,-47.8103,campo,garoa,100.0,8.85,207.43,7.59,1.8,0.06,0,4.0,0.0,24.25,68.51,931.5,5.94,3.27,1.87,NASA POWER Daily API,54.7
20240402,Ribeirao Preto - SP,-21.1775,-47.8103,transporte,garoa,100.0,8.1,219.82,19.79,1.8,0.51,0,4.0,1.0,24.91,71.96,930.9,4.87,3.32,1.06,NASA POWER Daily API,69.63
20240403,Ribeirao Preto - SP,-21.1775,-47.8103,transporte,garoa,81.36,5.21,139.39,9.78,2.8,0.95,0,4.0,1.0,25.08,75.98,931.2,8.41,9.58,1.95,NASA POWER Daily API,51.04
20240404,Ribeirao Preto - SP,-21.1775,-47.8103,proximidade_agua,garoa,63.15,9.92,275.18,15.55,2.8,1.2,0,4.0,2.0,25.57,75.13,932.4,14.46,4.42,2.36,NASA POWER Daily API,61.89
20240405,Ribeirao Preto - SP,-21.1775,-47.8103,campo,garoa,57.04,7.49,148.77,10.87,1.8,2.27,0,4.0,0.0,25.52,74.77,932.6,37.98,4.39,2.09,NASA POWER Daily API,46.51
20240406,Ribeirao Preto - SP,-21.1775,-47.8103,campo,garoa,50.55,6.46,332.77,6.16,2.8,2.09,0,4.0,0.0,25.4,71.37,932.1,9.01,10.85,1.71,NASA POWER Daily API,39.61
20240407,Ribeirao Preto - SP,-21.1775,-47.8103,transporte,garoa,41.9,10.12,51.3,21.45,2.8,0.61,0,4.0,1.0,23.9,73.45,933.3,1.64,12.0,3.86,NASA POWER Daily API,76.09
20240408,Ribeirao Preto - SP,-21.1775,-47.8103,campo,garoa,39.02,1.59,117.53,13.78,3.8,0.27,0,4.0,0.0,24.61,68.45,932.8,2.33,3.71,2.94,NASA POWER Daily API,46.93
20240409,Ribeirao Preto - SP,-21.1775,-47.8103,campo,garoa,40.66,5.61,269.18,16.83,2.8,0.33,0,4.0,0.0,24.91,70.87,932.2,7.94,6.42,2.71,NASA POWER Daily API,47.41
20240410,Ribeirao Preto - SP,-21.1775,-47.8103,manutencao,garoa,38.26,3.2,192.34,4.41,2.8,1.37,0,4.0,3.0,24.99,68.56,931.0,1.65,4.12,1.44,NASA POWER Daily API,35.7
20240411,Ribeirao Preto - SP,-21.1775,-47.8103,campo,garoa,39.43,3.56,175.91,9.89,1.8,2.8,0,4.0,0.0,25.26,68.93,931.8,3.94,11.17,1.69,NASA POWER Daily API,36.43
20240412,Ribeirao Preto - SP,-21.1775,-47.8103,transporte,garoa,43.01,5.8,220.54,24.27,2.8,1.64,0,4.0,1.0,24.6,74.68,933.2,1.78,5.07,3.97,NASA POWER Daily API,64.78
20240413,Ribeirao Preto - SP,-21.1775,-47.8103,manutencao,garoa,47.79,6.13,187.71,10.25,1.8,0.22,0,4.0,3.0,24.72,71.21,933.3,36.46,5.17,3.85,NASA POWER Daily API,39.53
20240414,Ribeirao Preto - SP,-21.1775,-47.8103,transporte,garoa,41.14,1.62,257.31,15.23,2.8,0.68,0,4.0,1.0,23.68,74.9,932.7,8.34,9.32,2.95,NASA POWER Daily API,41.66
20240415,Ribeirao Preto - SP,-21.1775,-47.8103,campo,garoa,51.76,4.14,221.99,14.52,1.8,0.4,0,4.0,0.0,24.61,70.86,932.8,9.58,8.57,3.74,NASA POWER Daily API,44.18
20240416,Ribeirao Preto - SP,-21.1775,-47.8103,campo,garoa,48.33,7.17,376.99,16.02,1.8,0.26,0,4.0,0.0,25.0,66.33,933.8,80.0,3.61,3.32,NASA POWER Daily API,48.0
20240417,Ribeirao Preto - SP,-21.1775,-47.8103,campo,garoa,50.01,8.9,151.48,14.26,1.8,4.61,0,4.0,0.0,25.24,69.18,932.6,33.12,6.3,2.68,NASA POWER Daily API,52.34
20240418,Ribeirao Preto - SP,-21.1775,-47.8103,campo,garoa,37.94,5.23,244.9,12.82,1.8,1.58,0,4.0,0.0,23.93,77.88,932.3,5.22,5.09,3.04,NASA POWER Daily API,40.21
20240419,Ribeirao Preto - SP,-21.1775,-47.8103,proximidade_agua,garoa,30.11,7.39,181.62,3.89,3.8,0.01,0,4.0,2.0,23.4,70.16,933.0,6.5,8.02,2.73,NASA POWER Daily API,35.72
20240420,Ribeirao Preto - SP,-21.1775,-47.8103,campo,garoa,40.55,3.28,156.01,15.75,1.8,0.18,0,4.0,0.0,23.87,68.68,934.2,2.73,1.96,2.44,NASA POWER Daily API,47.14
20240421,Ribeirao Preto - SP,-21.1775,-47.8103,proximidade_agua,garoa,32.71,6.56,315.38,2.11,2.8,0.03,0,4.0,2.0,22.62,58.23,934.1,10.6,9.79,2.85,NASA POWER Daily API,31.2
20240422,Ribeirao Preto - SP,-21.1775,-47.8103,transporte,garoa,36.07,8.8,194.16,18.38,4.8,0.01,0,4.0,1.0,22.79,54.42,933.1,2.91,8.54,2.38,NASA POWER Daily API,61.25
20240423,Ribeirao Preto - SP,-21.1775,-47.8103,campo,garoa,33.89,0.72,200.25,12.87,3.8,0.03,0,4.0,0.0,24.01,54.6,933.0,13.16,5.43,2.09,NASA POWER Daily API,37.1
20240424,Ribeirao Preto - SP,-21.1775,-47.8103,campo,garoa,29.16,5.32,253.9,10.23,1.8,0.1,0,4.0,0.0,24.61,57.86,933.1,3.55,3.68,2.18,NASA POWER Daily API,32.97
20240425,Ribeirao Preto - SP,-21.1775,-47.8103,campo,garoa,26.66,4.89,174.02,10.41,1.8,0.07,0,4.0,0.0,25.28,59.98,932.9,3.55,3.64,2.52,NASA POWER Daily API,31.98
20240426,Ribeirao Preto - SP,-21.1775,-47.8103,proximidade_agua,garoa,29.3,1.08,281.63,3.9,1.8,0.02,0,4.0,2.0,25.36,63.07,932.8,6.05,3.89,3.75,NASA POWER Daily API,24.59
20240427,Ribeirao Preto - SP,-21.1775,-47.8103,transporte,sol,29.43,8.61,246.97,17.0,1.8,0.0,0,0.0,1.0,25.23,62.38,932.2,23.31,5.33,3.24,NASA POWER Daily API,44.94
20240428,Ribeirao Preto - SP,-21.1775,-47.8103,campo,garoa,28.51,6.18,231.38,12.62,1.8,0.01,0,4.0,0.0,25.5,56.84,932.0,6.78,5.59,2.4,NASA POWER Daily API,36.66
20240429,Ribeirao Preto - SP,-21.1775,-47.8103,campo,garoa,26.09,5.57,275.76,14.98,1.8,0.01,0,4.0,0.0,24.69,57.2,932.9,2.02,13.26,3.26,NASA POWER Daily API,44.18
20240430,Ribeirao Preto - SP,-21.1775,-47.8103,campo,garoa,22.0,4.4,168.49,18.94,1.8,0.03,0,4.0,0.0,25.46,52.4,932.9,11.27,4.67,2.26,NASA POWER Daily API,40.69
20240501,Ribeirao Preto - SP,-21.1775,-47.8103,transporte,garoa,23.24,4.89,238.74,17.01,3.8,0.06,0,4.0,1.0,25.43,53.57,932.0,4.1,7.32,2.58,NASA POWER Daily API,43.56
20240502,Ribeirao Preto - SP,-21.1775,-47.8103,campo,sol,20.12,3.81,118.88,16.57,2.8,0.0,0,0.0,0.0,25.36,54.23,930.4,24.35,3.62,3.06,NASA POWER Daily API,38.84
20240503,Ribeirao Preto - SP,-21.1775,-47.8103,campo,garoa,16.92,8.17,281.97,15.32,1.8,0.01,0,4.0,0.0,25.37,51.86,931.4,7.92,3.71,1.73,NASA POWER Daily API,38.69
20240504,Ribeirao Preto - SP,-21.1775,-47.8103,campo,sol,25.76,7.95,151.07,12.18,1.8,0.0,0,0.0,0.0,25.19,45.53,933.8,2.53,5.46,3.66,NASA POWER Daily API,43.0
20240505,Ribeirao Preto - SP,-21.1775,-47.8103,campo,sol,14.35,0.77,77.08,10.33,1.8,0.0,0,0.0,0.0,24.58,45.1,935.1,3.22,7.08,4.0,NASA POWER Daily API,27.52
20240506,Ribeirao Preto - SP,-21.1775,-47.8103,campo,sol,24.66,4.91,143.1,12.51,2.8,0.0,0,0.0,0.0,24.46,51.47,933.7,3.03,8.21,4.31,NASA POWER Daily API,36.05
20240507,Ribeirao Preto - SP,-21.1775,-47.8103,transporte,sol,26.94,1.91,152.39,20.71,2.8,0.0,0,0.0,1.0,25.5,51.24,932.7,7.69,13.61,3.81,NASA POWER Daily API,43.91
20240508,Ribeirao Preto - SP,-21.1775,-47.8103,campo,sol,26.69,2.49,245.72,1.46,2.8,0.0,0,0.0,0.0,25.18,50.44,933.7,2.12,6.26,3.34,NASA POWER Daily API,26.31
20240509,Ribeirao Preto - SP,-21.1775,-47.8103,transporte,sol,16.9,2.4,169.69,14.65,1.8,0.0,0,0.0,1.0,24.54,46.18,934.4,8.14,4.19,2.51,NASA POWER Daily API,31.56
20240510,Ribeirao Preto - SP,-21.1775,-47.8103,campo,garoa,16.02,9.95,121.49,12.32,2.8,0.06,0,4.0,0.0,24.57,46.36,933.3,4.96,6.72,3.08,NASA POWER Daily API,38.6
20240511,Ribeirao Preto - SP,-21.1775,-47.8103,transporte,garoa,17.94,7.47,368.31,21.12,1.8,0.01,0,4.0,1.0,25.06,48.87,932.4,13.99,2.22,2.93,NASA POWER Daily API,45.44
20240512,Ribeirao Preto - SP,-21.1775,-47.8103,campo,sol,12.25,3.61,393.77,10.86,1.8,0.0,0,0.0,0.0,24.83,41.01,931.6,22.09,2.94,2.84,NASA POWER Daily API,26.9
20240513,Ribeirao Preto - SP,-21.1775,-47.8103,proximidade_agua,garoa,23.11,5.64,77.26,10.45,2.8,0.02,0,4.0,2.0,23.93,39.77,932.3,4.15,8.83,3.7,NASA POWER Daily API,41.72
20240514,Ribeirao Preto - SP,-21.1775,-47.8103,campo,garoa,15.46,4.88,243.03,8.14,1.8,0.03,0,4.0,0.0,24.41,46.44,932.9,5.97,4.33,3.39,NASA POWER Daily API,25.73
20240515,Ribeirao Preto - SP,-21.1775,-47.8103,campo,garoa,23.79,6.02,159.1,9.5,1.8,0.01,0,4.0,0.0,24.7,55.29,933.2,7.08,3.89,2.5,NASA POWER Daily API,31.09
20240516,Ribeirao Preto - SP,-21.1775,-47.8103,campo,sol,10.81,3.16,186.21,8.15,1.8,0.0,0,0.0,0.0,25.74,46.86,933.3,7.52,5.46,2.73,NASA POWER Daily API,22.49
20240517,Ribeirao Preto - SP,-21.1775,-47.8103,campo,sol,17.25,1.61,195.57,7.78,1.8,0.0,0,0.0,0.0,25.12,40.99,934.8,0.65,2.66,2.67,NASA POWER Daily API,34.22
20240518,Ribeirao Preto - SP,-21.1775,-47.8103,proximidade_agua,garoa,21.85,9.72,327.96,11.03,1.8,0.01,0,4.0,2.0,25.33,41.86,934.8,2.76,9.31,1.98,NASA POWER Daily API,46.19
20240519,Ribeirao Preto - SP,-21.1775,-47.8103,campo,sol,29.87,4.33,377.7,11.29,1.8,0.0,0,0.0,0.0,25.24,41.17,934.5,37.03,2.82,1.95,NASA POWER Daily API,33.27
20240520,Ribeirao Preto - SP,-21.1775,-47.8103,campo,sol,15.58,1.56,266.7,11.12,1.8,0.0,0,0.0,0.0,25.21,49.2,934.8,12.53,1.78,1.93,NASA POWER Daily API,25.85
20240521,Ribeirao Preto - SP,-21.1775,-47.8103,campo,garoa,19.38,7.2,262.76,18.17,1.8,0.01,0,4.0,0.0,24.4,50.17,936.0,0.98,5.11,3.61,NASA POWER Daily API,53.65
20240522,Ribeirao Preto - SP,-21.1775,-47.8103,campo,garoa,16.81,5.97,179.31,5.95,1.8,0.06,0,4.0,0.0,23.67,51.9,936.3,4.33,3.96,4.41,NASA POWER Daily API,24.34
20240523,Ribeirao Preto - SP,-21.1775,-47.8103,campo,sol,22.51,5.37,216.72,10.02,1.8,0.0,0,0.0,0.0,23.42,38.59,934.7,26.63,7.07,3.17,NASA POWER Daily API,30.56
20240524,Ribeirao Preto - SP,-21.1775,-47.8103,proximidade_agua,garoa,23.47,1.08,135.53,7.07,2.8,0.09,0,4.0,2.0,23.97,47.84,933.2,1.25,2.36,3.89,NASA POWER Daily API,40.99
20240525,Ribeirao Preto - SP,-21.1775,-47.8103,campo,garoa,29.33,2.96,216.71,9.97,2.8,0.65,0,4.0,0.0,21.89,66.2,935.1,14.32,5.54,2.52,NASA POWER Daily API,32.75
20240526,Ribeirao Preto - SP,-21.1775,-47.8103,campo,garoa,42.81,1.55,200.81,8.1,1.8,4.57,0,4.0,0.0,21.89,72.81,935.9,2.06,4.99,3.23,NASA POWER Daily API,40.49
20240527,Ribeirao Preto - SP,-21.1775,-47.8103,campo,garoa,47.88,3.05,211.51,12.55,2.8,2.33,0,4.0,0.0,22.17,69.46,935.8,3.11,23.16,3.37,NASA POWER Daily API,43.83
20240528,Ribeirao Preto - SP,-21.1775,-47.8103,proximidade_agua,garoa,33.42,3.64,5.0,9.04,1.8,0.33,0,4.0,2.0,19.72,71.7,936.7,3.11,3.82,3.07,NASA POWER Daily API,60.46
20240529,Ribeirao Preto - SP,-21.1775,-47.8103,transporte,sol,27.66,1.27,190.61,15.61,4.8,0.0,0,0.0,1.0,17.37,57.27,937.2,12.45,5.53,2.86,NASA POWER Daily API,41.06
20240530,Ribeirao Preto - SP,-21.1775,-47.8103,transporte,garoa,24.77,7.08,181.88,18.25,2.8,0.04,0,4.0,1.0,16.24,46.55,937.5,26.67,10.96,2.92,NASA POWER Daily API,45.31
20240531,Ribeirao Preto - SP,-21.1775,-47.8103,proximidade_agua,garoa,30.67,0.0,301.7,8.5,1.8,0.02,0,4.0,2.0,17.55,55.36,937.7,22.53,3.08,3.14,NASA POWER Daily API,29.28
20240601,Ribeirao Preto - SP,-21.1775,-47.8103,proximidade_agua,sol,36.9,1.94,200.69,12.9,2.8,0.0,0,0.0,2.0,19.31,54.7,938.8,21.69,4.97,4.85,NASA POWER Daily API,40.74
20240602,Ribeirao Preto - SP,-21.1775,-47.8103,campo,garoa,21.41,7.94,78.23,10.53,2.8,0.04,0,4.0,0.0,21.07,53.87,938.5,4.28,3.48,4.49,NASA POWER Daily API,39.02
20240603,Ribeirao Preto - SP,-21.1775,-47.8103,campo,sol,24.55,5.01,299.19,8.4,2.8,0.0,0,0.0,0.0,21.71,52.68,938.8,11.28,3.97,2.84,NASA POWER Daily API,30.63
20240604,Ribeirao Preto - SP,-21.1775,-47.8103,campo,garoa,21.14,8.02,226.5,13.69,1.8,0.01,0,4.0,0.0,21.3,48.13,937.7,4.06,9.71,2.96,NASA POWER Daily API,37.32
20240605,Ribeirao Preto - SP,-21.1775,-47.8103,transporte,garoa,19.7,6.08,8.23,16.4,1.8,0.14,0,4.0,1.0,21.31,57.85,937.6,6.56,5.28,3.86,NASA POWER Daily API,62.9
20240606,Ribeirao Preto - SP,-21.1775,-47.8103,manutencao,sol,19.47,6.58,249.55,12.33,1.8,0.0,0,0.0,3.0,21.36,50.24,937.4,6.31,2.38,3.13,NASA POWER Daily API,33.61
20240607,Ribeirao Preto - SP,-21.1775,-47.8103,proximidade_agua,sol,13.26,0.0,117.76,14.79,2.8,0.0,0,0.0,2.0,22.18,45.88,938.1,4.54,1.85,2.33,NASA POWER Daily API,34.02
20240608,Ribeirao Preto - SP,-21.1775,-47.8103,transporte,garoa,9.28,3.72,205.36,20.04,1.8,0.01,0,4.0,1.0,22.27,47.2,937.9,1.29,3.19,3.29,NASA POWER Daily API,49.17
20240609,Ribeirao Preto - SP,-21.1775,-47.8103,campo,garoa,17.08,8.6,106.84,13.35,1.8,0.01,0,4.0,0.0,22.35,49.22,936.5,18.4,4.6,3.62,NASA POWER Daily API,36.37
20240610,Ribeirao Preto - SP,-21.1775,-47.8103,campo,garoa,16.88,6.89,82.25,0.12,2.8,0.03,0,4.0,0.0,22.83,41.43,936.2,11.61,3.71,2.84,NASA POWER Daily API,22.49
20240611,Ribeirao Preto - SP,-21.1775,-47.8103,campo,sol,16.58,6.85,260.54,19.73,2.8,0.0,0,0.0,0.0,22.1,44.26,937.1,1.78,11.63,2.18,NASA POWER Daily API,50.45
20240612,Ribeirao Preto - SP,-21.1775,-47.8103,campo,garoa,19.24,15.47,237.63,6.14,1.8,0.01,0,4.0,0.0,21.81,40.16,936.4,2.93,3.98,4.0,NASA POWER Daily API,41.22
20240613,Ribeirao Preto - SP,-21.1775,-47.8103,transporte,garoa,14.1,1.04,345.36,20.34,1.8,0.01,0,4.0,1.0,21.41,40.29,936.0,15.18,6.42,4.14,NASA POWER Daily API,36.31
20240614,Ribeirao Preto - SP,-21.1775,-47.8103,campo,sol,21.44,5.93,266.97,15.39,3.8,0.0,0,0.0,0.0,21.66,42.63,936.1,4.69,6.14,4.41,NASA POWER Daily API,41.74
20240615,Ribeirao Preto - SP,-21.1775,-47.8103,campo,sol,17.08,2.91,179.92,9.79,2.8,0.0,0,0.0,0.0,22.89,47.7,937.1,9.52,9.94,3.34,NASA POWER Daily API,28.04
20240616,Ribeirao Preto - SP,-21.1775,-47.8103,campo,sol,5.43,7.55,162.56,14.04,1.8,0.0,0,0.0,0.0,22.05,43.68,935.9,6.15,4.68,3.4,NASA POWER Daily API,32.66
20240617,Ribeirao Preto - SP,-21.1775,-47.8103,campo,sol,24.78,5.44,302.27,16.23,1.8,0.0,0,0.0,0.0,21.02,42.91,934.6,1.35,9.15,3.4,NASA POWER Daily API,51.08
20240618,Ribeirao Preto - SP,-21.1775,-47.8103,manutencao,sol,19.48,2.39,109.27,16.89,1.8,0.0,0,0.0,3.0,21.21,37.79,934.0,21.95,5.29,3.34,NASA POWER Daily API,35.16
20240619,Ribeirao Preto - SP,-21.1775,-47.8103,campo,garoa,17.28,1.34,208.83,7.13,2.8,0.01,0,4.0,0.0,21.58,41.59,935.0,9.41,2.19,3.24,NASA POWER Daily API,23.28
20240620,Ribeirao Preto - SP,-21.1775,-47.8103,transporte,garoa,17.53,3.77,273.47,18.25,2.8,0.01,0,4.0,1.0,21.35,41.73,935.9,7.27,4.74,3.16,NASA POWER Daily API,39.75
20240621,Ribeirao Preto - SP,-21.1775,-47.8103,campo,garoa,24.66,3.82,78.68,8.94,1.8,0.03,0,4.0,0.0,21.29,44.42,934.8,16.29,4.3,4.02,NASA POWER Daily API,31.64
20240622,Ribeirao Preto - SP,-21.1775,-47.8103,campo,sol,21.54,4.65,195.9,13.48,2.8,0.0,0,0.0,0.0,22.32,42.19,934.5,9.91,1.96,4.19,NASA POWER Daily API,36.0
20240623,Ribeirao Preto - SP,-21.1775,-47.8103,campo,sol,16.29,8.79,53.22,10.28,1.8,0.0,0,0.0,0.0,23.12,42.22,934.0,18.39,4.84,2.95,NASA POWER Daily API,43.69
20240624,Ribeirao Preto - SP,-21.1775,-47.8103,manutencao,sol,21.31,4.19,230.37,6.41,1.8,0.0,0,0.0,3.0,23.0,42.66,933.9,2.08,3.15,3.26,NASA POWER Daily API,30.5
20240625,Ribeirao Preto - SP,-21.1775,-47.8103,campo,sol,25.39,0.0,326.83,11.37,2.8,0.0,0,0.0,0.0,24.26,45.68,934.7,1.73,4.9,1.95,NASA POWER Daily API,35.62
20240626,Ribeirao Preto - SP,-21.1775,-47.8103,campo,garoa,21.57,3.74,115.82,10.14,1.8,0.01,0,4.0,0.0,24.22,43.62,934.2,9.2,3.21,3.66,NASA POWER Daily API,28.76
20240627,Ribeirao Preto - SP,-21.1775,-47.8103,transporte,garoa,16.49,2.72,163.9,23.83,1.8,0.03,0,4.0,1.0,23.1,46.34,932.4,3.82,8.24,2.8,NASA POWER Daily API,43.42
20240628,Ribeirao Preto - SP,-21.1775,-47.8103,campo,garoa,19.72,9.45,298.07,9.27,1.8,0.01,0,4.0,0.0,22.89,44.26,932.6,2.18,4.43,2.94,NASA POWER Daily API,39.22
20240629,Ribeirao Preto - SP,-21.1775,-47.8103,campo,garoa,17.21,3.1,185.6,14.38,1.8,0.1,0,4.0,0.0,22.74,44.99,933.8,1.26,3.29,3.16,NASA POWER Daily API,44.19
20240630,Ribeirao Preto - SP,-21.1775,-47.8103,campo,garoa,28.23,7.11,231.81,8.42,1.8,0.31,0,4.0,0.0,21.83,61.9,934.4,4.73,2.65,3.12,NASA POWER Daily API,32.42
20240701,Ribeirao Preto - SP,-21.1775,-47.8103,transporte,garoa,34.87,8.54,158.29,24.18,2.8,1.05,0,4.0,1.0,20.55,65.33,936.3,4.55,4.38,2.21,NASA POWER Daily API,58.33
20240702,Ribeirao Preto - SP,-21.1775,-47.8103,campo,garoa,22.7,5.79,175.15,19.9,1.8,0.01,0,4.0,0.0,20.9,52.0,936.8,4.33,3.01,2.12,NASA POWER Daily API,43.27
20240703,Ribeirao Preto - SP,-21.1775,-47.8103,campo,garoa,26.81,10.23,150.43,8.75,1.8,0.01,0,4.0,0.0,22.16,45.93,935.0,25.56,9.18,2.09,NASA POWER Daily API,35.35
20240704,Ribeirao Preto - SP,-21.1775,-47.8103,campo,sol,11.65,1.32,224.5,14.47,5.8,0.0,0,0.0,0.0,21.6,38.85,934.6,13.69,2.73,2.63,NASA POWER Daily API,37.22
20240705,Ribeirao Preto - SP,-21.1775,-47.8103,transporte,sol,17.58,2.45,127.56,25.78,1.8,0.0,0,0.0,1.0,21.69,37.92,935.9,20.58,3.9,2.7,NASA POWER Daily API,45.63
20240706,Ribeirao Preto - SP,-21.1775,-47.8103,campo,sol,20.72,3.58,258.27,2.79,1.8,0.0,0,0.0,0.0,22.59,37.55,936.4,0.71,4.37,2.18,NASA POWER Daily API,30.98
20240707,Ribeirao Preto - SP,-21.1775,-47.8103,campo,garoa,22.19,1.35,110.58,8.89,1.8,0.05,0,4.0,0.0,22.47,41.17,934.9,25.47,5.49,3.48,NASA POWER Daily API,24.86
20240708,Ribeirao Preto - SP,-21.1775,-47.8103,transporte,garoa,17.58,6.5,185.94,21.36,2.8,0.01,0,4.0,1.0,22.77,41.69,933.5,1.17,5.33,3.39,NASA POWER Daily API,58.68
20240709,Ribeirao Preto - SP,-21.1775,-47.8103,campo,garoa,22.1,7.03,330.47,11.77,1.8,0.45,0,4.0,0.0,22.32,56.56,932.6,1.87,5.67,3.11,NASA POWER Daily API,40.94
20240710,Ribeirao Preto - SP,-21.1775,-47.8103,campo,garoa,35.38,3.77,189.46,16.72,1.8,0.37,0,4.0,0.0,21.54,65.52,933.3,2.58,20.15,2.81,NASA POWER Daily API,47.98
20240711,Ribeirao Preto - SP,-21.1775,-47.8103,campo,garoa,21.36,6.61,232.75,11.14,3.8,0.05,0,4.0,0.0,24.53,48.09,935.5,56.98,4.39,2.85,NASA POWER Daily API,37.21
20240712,Ribeirao Preto - SP,-21.1775,-47.8103,campo,sol,17.15,4.36,171.29,5.03,2.8,0.0,0,0.0,0.0,23.76,41.38,938.6,22.49,2.56,2.8,NASA POWER Daily API,23.53
20240713,Ribeirao Preto - SP,-21.1775,-47.8103,transporte,garoa,20.79,10.12,136.1,21.52,1.8,0.05,0,4.0,1.0,22.3,56.47,938.5,6.43,2.32,4.4,NASA POWER Daily API,49.19
20240714,Ribeirao Preto - SP,-21.1775,-47.8103,campo,sol,25.51,1.47,243.32,12.51,1.8,0.0,0,0.0,0.0,22.29,47.08,937.7,11.57,2.96,3.22,NASA POWER Daily API,30.26
20240715,Ribeirao Preto - SP,-21.1775,-47.8103,campo,sol,22.87,3.49,5.0,14.92,2.8,0.0,0,0.0,0.0,21.5,42.54,938.8,27.75,5.0,1.63,NASA POWER Daily API,62.18
20240716,Ribeirao Preto - SP,-21.1775,-47.8103,campo,garoa,22.51,10.58,119.72,11.95,1.8,0.07,0,4.0,0.0,20.94,49.62,939.4,6.17,9.33,3.22,NASA POWER Daily API,38.18
20240717,Ribeirao Preto - SP,-21.1775,-47.8103,campo,garoa,30.16,12.29,233.98,14.48,2.8,0.03,0,4.0,0.0,21.08,46.36,939.3,2.12,9.89,2.72,NASA POWER Daily API,53.55
20240718,Ribeirao Preto - SP,-21.1775,-47.8103,transporte,garoa,16.82,5.54,7.19,18.12,1.8,0.18,0,4.0,1.0,21.28,41.11,937.8,17.68,8.56,2.56,NASA POWER Daily API,63.95
20240719,Ribeirao Preto - SP,-21.1775,-47.8103,campo,sol,19.02,0.71,260.2,14.83,1.8,0.0,0,0.0,0.0,20.77,39.36,939.3,55.27,1.95,2.83,NASA POWER Daily API,30.31
20240720,Ribeirao Preto - SP,-21.1775,-47.8103,campo,garoa,13.68,6.05,211.14,10.94,3.8,0.02,0,4.0,0.0,21.3,40.25,938.3,2.79,4.06,2.58,NASA POWER Daily API,39.84
20240721,Ribeirao Preto - SP,-21.1775,-47.8103,transporte,garoa,19.33,4.97,143.15,22.92,3.8,0.11,0,4.0,1.0,20.63,44.84,937.7,7.22,3.63,3.6,NASA POWER Daily API,49.5
20240722,Ribeirao Preto - SP,-21.1775,-47.8103,campo,garoa,19.95,4.18,254.07,8.34,1.8,0.03,0,4.0,0.0,21.27,37.34,938.5,4.26,7.91,2.51,NASA POWER Daily API,26.2
20240723,Ribeirao Preto - SP,-21.1775,-47.8103,campo,sol,23.19,1.81,84.52,9.23,1.8,0.0,0,0.0,0.0,20.96,35.74,938.9,1.99,6.97,3.1,NASA POWER Daily API,33.39
20240724,Ribeirao Preto - SP,-21.1775,-47.8103,campo,sol,13.92,4.26,159.23,19.43,1.8,0.0,0,0.0,0.0,21.18,37.61,939.1,2.1,7.67,3.97,NASA POWER Daily API,44.27
20240725,Ribeirao Preto - SP,-21.1775,-47.8103,campo,garoa,26.96,3.82,281.91,16.87,1.8,0.03,0,4.0,0.0,21.65,39.15,938.0,3.65,7.45,2.64,NASA POWER Daily API,38.62
20240726,Ribeirao Preto - SP,-21.1775,-47.8103,campo,garoa,8.87,1.89,5.0,14.68,1.8,0.01,0,4.0,0.0,21.55,37.14,936.4,6.33,1.95,2.44,NASA POWER Daily API,54.03
20240727,Ribeirao Preto - SP,-21.1775,-47.8103,transporte,garoa,10.68,3.35,220.02,21.62,2.8,0.01,0,4.0,1.0,22.48,30.39,936.4,21.32,3.14,2.66,NASA POWER Daily API,41.43
20240728,Ribeirao Preto - SP,-21.1775,-47.8103,campo,sol,13.65,0.39,211.25,8.49,2.8,0.0,0,0.0,0.0,23.44,36.39,936.8,4.43,2.01,2.5,NASA POWER Daily API,22.76
20240729,Ribeirao Preto - SP,-21.1775,-47.8103,campo,garoa,12.54,8.99,147.66,9.56,3.8,0.06,0,4.0,0.0,23.46,37.98,936.6,6.79,6.62,3.16,NASA POWER Daily API,35.02
20240730,Ribeirao Preto - SP,-21.1775,-47.8103,campo,garoa,22.42,5.04,87.15,14.69,1.8,0.02,0,4.0,0.0,21.95,50.46,937.5,4.99,10.0,4.12,NASA POWER Daily API,36.7
20240731,Ribeirao Preto - SP,-21.1775,-47.8103,transporte,sol,29.9,5.43,236.99,17.22,1.8,0.0,0,0.0,1.0,22.72,51.13,938.3,6.47,5.95,4.75,NASA POWER Daily API,41.59
20240801,Ribeirao Preto - SP,-21.1775,-47.8103,transporte,garoa,18.52,0.0,78.96,28.23,1.8,0.01,0,4.0,1.0,22.53,46.03,938.7,28.67,2.96,4.71,NASA POWER Daily API,49.53
20240802,Ribeirao Preto - SP,-21.1775,-47.8103,campo,garoa,22.99,2.88,345.34,12.33,2.8,0.06,0,4.0,0.0,22.22,46.57,937.9,13.82,11.8,5.1,NASA POWER Daily API,32.96
20240803,Ribeirao Preto - SP,-21.1775,-47.8103,campo,sol,27.83,3.54,274.95,14.2,1.8,0.0,0,0.0,0.0,22.61,45.11,937.4,9.05,4.97,4.95,NASA POWER Daily API,35.27
20240804,Ribeirao Preto - SP,-21.1775,-47.8103,transporte,garoa,23.94,5.97,203.83,18.67,1.8,0.22,0,4.0,1.0,23.16,50.87,937.9,5.21,5.35,4.12,NASA POWER Daily API,42.41
20240805,Ribeirao Preto - SP,-21.1775,-47.8103,proximidade_agua,garoa,31.66,0.99,160.3,5.72,2.8,0.01,0,4.0,2.0,23.88,42.56,937.6,11.07,5.68,3.86,NASA POWER Daily API,29.28
20240806,Ribeirao Preto - SP,-21.1775,-47.8103,campo,garoa,25.07,9.39,171.67,12.87,2.8,0.02,0,4.0,0.0,24.03,43.75,935.8,3.48,4.47,3.98,NASA POWER Daily API,41.2
20240807,Ribeirao Preto - SP,-21.1775,-47.8103,campo,garoa,17.27,0.07,222.6,6.47,1.8,0.06,0,4.0,0.0,23.22,34.77,933.8,22.13,6.84,4.39,NASA POWER Daily API,19.1
20240808,Ribeirao Preto - SP,-21.1775,-47.8103,transporte,garoa,25.24,3.03,337.41,12.39,1.8,0.16,0,4.0,1.0,24.17,39.2,932.3,4.62,2.97,3.48,NASA POWER Daily API,32.2
20240809,Ribeirao Preto - SP,-21.1775,-47.8103,transporte,garoa,25.76,8.43,228.26,19.55,2.8,0.4,0,4.0,1.0,23.54,45.96,933.3,12.36,5.54,3.95,NASA POWER Daily API,49.29
20240810,Ribeirao Preto - SP,-21.1775,-47.8103,campo,garoa,29.62,5.08,92.37,12.71,1.8,4.42,0,4.0,0.0,14.94,60.37,935.4,4.71,5.31,4.1,NASA POWER Daily API,39.9
20240811,Ribeirao Preto - SP,-21.1775,-47.8103,transporte,garoa,18.11,3.83,240.98,5.96,1.8,0.01,0,4.0,1.0,15.77,48.97,935.2,21.03,8.6,2.59,NASA POWER Daily API,22.52
20240812,Ribeirao Preto - SP,-21.1775,-47.8103,campo,garoa,27.83,6.19,257.21,10.58,1.8,0.01,0,4.0,0.0,15.96,36.99,936.4,4.05,9.92,3.69,NASA POWER Daily API,33.6
20240813,Ribeirao Preto - SP,-21.1775,-47.8103,transporte,sol,30.13,4.19,128.93,24.75,1.8,0.0,0,0.0,1.0,16.69,36.64,937.3,10.1,3.5,2.64,NASA POWER Daily API,49.84
20240814,Ribeirao Preto - SP,-21.1775,-47.8103,transporte,sol,16.65,7.53,327.21,26.34,1.8,0.0,0,0.0,1.0,20.14,34.11,936.4,1.99,5.52,3.67,NASA POWER Daily API,57.35
20240815,Ribeirao Preto - SP,-21.1775,-47.8103,manutencao,garoa,18.99,5.31,330.15,10.77,3.8,0.02,0,4.0,3.0,23.44,37.58,936.2,23.64,2.57,3.08,NASA POWER Daily API,34.59
20240816,Ribeirao Preto - SP,-21.1775,-47.8103,campo,garoa,21.46,8.82,262.21,14.05,2.8,0.02,0,4.0,0.0,24.81,35.29,935.9,80.0,7.24,2.53,NASA POWER Daily API,40.99
20240817,Ribeirao Preto - SP,-21.1775,-47.8103,campo,garoa,6.82,3.46,191.83,9.59,1.8,0.01,0,4.0,0.0,24.89,31.41,935.3,40.01,9.83,2.78,NASA POWER Daily API,23.28
20240818,Ribeirao Preto - SP,-21.1775,-47.8103,campo,sol,5.46,9.78,205.83,4.23,2.8,0.0,0,0.0,0.0,25.15,27.17,935.1,0.74,3.15,3.14,NASA POWER Daily API,36.96
20240819,Ribeirao Preto - SP,-21.1775,-47.8103,proximidade_agua,garoa,15.97,3.85,139.27,11.27,1.8,0.02,0,4.0,2.0,25.7,28.98,935.0,12.37,2.69,3.03,NASA POWER Daily API,32.56
20240820,Ribeirao Preto - SP,-21.1775,-47.8103,campo,sol,14.23,6.31,288.41,9.6,3.8,0.0,0,0.0,0.0,26.29,24.63,935.3,24.26,10.24,1.47,NASA POWER Daily API,32.79
20240821,Ribeirao Preto - SP,-21.1775,-47.8103,transporte,garoa,9.2,2.89,192.15,13.17,1.8,0.05,0,4.0,1.0,24.56,29.53,934.7,13.63,7.08,3.94,NASA POWER Daily API,27.95
20240822,Ribeirao Preto - SP,-21.1775,-47.8103,proximidade_agua,garoa,16.48,6.95,338.34,10.54,1.8,0.17,0,4.0,2.0,24.9,29.8,933.5,11.63,8.49,4.99,NASA POWER Daily API,35.3
20240823,Ribeirao Preto - SP,-21.1775,-47.8103,proximidade_agua,garoa,12.61,5.38,189.28,10.0,1.8,0.02,0,4.0,2.0,25.84,30.44,932.0,10.73,4.49,4.97,NASA POWER Daily API,31.78
20240824,Ribeirao Preto - SP,-21.1775,-47.8103,transporte,garoa,21.71,6.62,123.42,18.12,1.8,0.08,0,4.0,1.0,25.66,37.19,932.9,7.64,4.44,5.82,NASA POWER Daily API,41.96
20240825,Ribeirao Preto - SP,-21.1775,-47.8103,proximidade_agua,garoa,50.76,1.8,270.04,17.33,1.8,4.27,0,4.0,2.0,17.8,75.33,937.8,7.17,2.65,3.51,NASA POWER Daily API,52.26
20240826,Ribeirao Preto - SP,-21.1775,-47.8103,campo,garoa,28.55,3.3,148.84,10.49,1.8,0.31,0,4.0,0.0,17.23,54.08,937.8,11.72,2.51,3.34,NASA POWER Daily API,30.86
20240827,Ribeirao Preto - SP,-21.1775,-47.8103,proximidade_agua,garoa,23.52,4.87,366.1,9.04,1.8,0.06,0,4.0,2.0,18.43,39.46,937.8,10.99,6.69,3.16,NASA POWER Daily API,32.95
20240828,Ribeirao Preto - SP,-21.1775,-47.8103,campo,garoa,20.94,11.13,119.06,14.97,2.8,0.01,0,4.0,0.0,22.31,46.12,937.8,37.39,6.75,3.53,NASA POWER Daily API,44.26
20240829,Ribeirao Preto - SP,-21.1775,-47.8103,campo,garoa,28.47,3.48,223.9,6.18,2.8,0.04,0,4.0,0.0,23.89,36.84,938.7,10.48,1.94,4.38,NASA POWER Daily API,27.47
20240830,Ribeirao Preto - SP,-21.1775,-47.8103,proximidade_agua,garoa,16.79,9.6,180.08,2.94,2.8,0.03,0,4.0,2.0,24.06,31.96,937.3,24.67,4.95,3.05,NASA POWER Daily API,30.43
20240831,Ribeirao Preto - SP,-21.1775,-47.8103,transporte,sol,21.15,2.28,100.42,20.84,2.8,0.0,0,0.0,1.0,24.22,25.89,936.3,16.36,6.61,2.77,NASA POWER Daily API,42.47
20240901,Ribeirao Preto - SP,-21.1775,-47.8103,proximidade_agua,sol,7.72,2.61,360.99,12.08,2.8,0.0,0,0.0,2.0,25.15,24.09,935.1,2.04,3.42,3.4,NASA POWER Daily API,37.92
20240902,Ribeirao Preto - SP,-21.1775,-47.8103,campo,sol,12.6,5.19,231.08,12.35,2.8,0.0,0,0.0,0.0,26.6,24.1,932.5,4.93,5.63,2.53,NASA POWER Daily API,32.61
20240903,Ribeirao Preto - SP,-21.1775,-47.8103,campo,sol,12.77,1.73,125.09,13.79,2.8,0.0,0,0.0,0.0,26.69,27.76,932.8,5.0,5.6,2.3,NASA POWER Daily API,30.81
20240904,Ribeirao Preto - SP,-21.1775,-47.8103,campo,sol,8.94,1.86,321.26,12.84,2.8,0.0,0,0.0,0.0,27.08,32.27,933.1,4.48,10.19,3.69,NASA POWER Daily API,28.59
20240905,Ribeirao Preto - SP,-21.1775,-47.8103,proximidade_agua,sol,10.67,7.34,147.03,8.87,2.8,0.0,0,0.0,2.0,27.38,23.44,932.9,9.39,4.83,3.98,NASA POWER Daily API,33.91
20240906,Ribeirao Preto - SP,-21.1775,-47.8103,campo,garoa,17.51,6.33,323.67,6.68,2.8,0.1,0,4.0,0.0,25.9,40.68,932.5,11.67,6.38,3.41,NASA POWER Daily API,28.29
20240907,Ribeirao Preto - SP,-21.1775,-47.8103,campo,garoa,18.91,9.12,183.9,7.52,1.8,0.07,0,4.0,0.0,27.8,36.93,934.2,14.53,6.2,3.59,NASA POWER Daily API,30.39
20240908,Ribeirao Preto - SP,-21.1775,-47.8103,campo,sol,12.3,4.3,194.71,15.26,2.8,0.0,0,0.0,0.0,27.7,31.2,935.8,15.24,3.46,4.01,NASA POWER Daily API,34.99
20240909,Ribeirao Preto - SP,-21.1775,-47.8103,campo,sol,12.09,10.51,174.46,12.8,2.8,0.0,0,0.0,0.0,26.66,30.45,934.9,6.89,4.28,3.55,NASA POWER Daily API,38.44
20240910,Ribeirao Preto - SP,-21.1775,-47.8103,transporte,garoa,9.31,9.06,159.12,21.55,1.8,0.01,0,4.0,1.0,26.51,26.71,933.4,1.96,6.59,3.34,NASA POWER Daily API,50.98
20240911,Ribeirao Preto - SP,-21.1775,-47.8103,proximidade_agua,sol,13.92,3.88,210.71,2.18,1.8,0.0,0,0.0,2.0,26.8,24.99,933.3,17.83,3.18,4.14,NASA POWER Daily API,20.71
20240912,Ribeirao Preto - SP,-21.1775,-47.8103,campo,sol,12.72,7.03,5.0,21.07,2.8,0.0,0,0.0,0.0,26.5,24.2,933.9,6.45,1.79,4.09,NASA POWER Daily API,70.88
20240913,Ribeirao Preto - SP,-21.1775,-47.8103,proximidade_agua,sol,9.02,7.24,191.4,9.07,1.8,0.0,0,0.0,2.0,27.43,27.92,933.0,16.8,2.58,3.67,NASA POWER Daily API,31.41
20240914,Ribeirao Preto - SP,-21.1775,-47.8103,campo,garoa,22.19,10.72,318.42,11.62,1.8,0.03,0,4.0,0.0,28.05,25.97,932.8,6.74,2.11,3.6,NASA POWER Daily API,38.24
20240915,Ribeirao Preto - SP,-21.1775,-47.8103,manutencao,sol,16.28,5.4,105.86,5.36,2.8,0.0,0,0.0,3.0,27.83,25.18,932.9,1.61,5.8,3.2,NASA POWER Daily API,31.17
20240916,Ribeirao Preto - SP,-21.1775,-47.8103,transporte,garoa,8.14,6.26,181.63,22.77,2.8,0.01,0,4.0,1.0,25.99,36.16,934.0,0.76,1.49,3.8,NASA POWER Daily API,57.33
20240917,Ribeirao Preto - SP,-21.1775,-47.8103,proximidade_agua,garoa,30.63,5.8,139.97,6.66,1.8,0.01,0,4.0,2.0,24.42,47.92,934.0,4.53,5.64,3.35,NASA POWER Daily API,33.3
20240918,Ribeirao Preto - SP,-21.1775,-47.8103,transporte,sol,15.49,3.82,234.93,14.6,1.8,0.0,0,0.0,1.0,26.85,43.47,933.4,4.72,5.31,4.89,NASA POWER Daily API,32.64
20240919,Ribeirao Preto - SP,-21.1775,-47.8103,transporte,garoa,22.42,8.44,57.68,16.52,1.8,3.05,0,4.0,1.0,28.74,37.05,931.7,45.93,1.69,3.32,NASA POWER Daily API,54.68
20240920,Ribeirao Preto - SP,-21.1775,-47.8103,campo,garoa,30.98,2.99,191.91,13.34,1.8,1.31,0,4.0,0.0,29.69,37.19,931.5,32.7,6.34,3.67,NASA POWER Daily API,36.22
20240921,Ribeirao Preto - SP,-21.1775,-47.8103,campo,garoa,24.81,3.13,190.81,6.67,1.8,0.96,0,4.0,0.0,28.6,41.48,931.7,5.12,3.42,2.75,NASA POWER Daily API,25.83
20240922,Ribeirao Preto - SP,-21.1775,-47.8103,campo,garoa,19.67,7.97,169.34,17.21,2.8,0.02,0,4.0,0.0,27.97,40.62,931.1,13.47,5.47,2.81,NASA POWER Daily API,43.84
20240923,Ribeirao Preto - SP,-21.1775,-47.8103,transporte,sol,23.47,0.18,295.75,18.61,1.8,0.0,0,0.0,1.0,29.05,34.83,930.9,14.24,3.24,2.51,NASA POWER Daily API,36.4
20240924,Ribeirao Preto - SP,-21.1775,-47.8103,transporte,sol,25.91,4.53,289.6,18.2,1.8,0.0,0,0.0,1.0,29.58,34.19,931.0,11.05,5.8,3.1,NASA POWER Daily API,41.18
20240925,Ribeirao Preto - SP,-21.1775,-47.8103,proximidade_agua,sol,22.18,9.32,205.39,10.39,1.8,0.0,0,0.0,2.0,29.63,30.33,930.6,8.32,12.78,3.91,NASA POWER Daily API,39.36
20240926,Ribeirao Preto - SP,-21.1775,-47.8103,campo,sol,15.77,6.19,150.34,11.22,1.8,0.0,0,0.0,0.0,30.15,28.46,930.0,16.58,7.48,3.33,NASA POWER Daily API,31.23
20240927,Ribeirao Preto - SP,-21.1775,-47.8103,campo,garoa,21.64,5.22,126.11,18.01,1.8,0.04,0,4.0,0.0,29.51,36.03,930.1,9.49,7.31,3.48,NASA POWER Daily API,40.49
20240928,Ribeirao Preto - SP,-21.1775,-47.8103,manutencao,garoa,25.07,7.83,97.15,17.04,1.8,0.01,0,4.0,3.0,27.53,42.8,932.0,4.55,2.81,4.35,NASA POWER Daily API,42.88
20240929,Ribeirao Preto - SP,-21.1775,-47.8103,campo,garoa,15.66,6.56,273.19,9.45,1.8,0.02,0,4.0,0.0,29.22,40.29,932.6,10.66,3.69,4.34,NASA POWER Daily API,29.21
20240930,Ribeirao Preto - SP,-21.1775,-47.8103,transporte,sol,8.57,4.69,270.77,21.73,2.8,0.0,0,0.0,1.0,29.16,36.13,932.8,7.5,6.74,4.76,NASA POWER Daily API,42.58
20241001,Ribeirao Preto - SP,-21.1775,-47.8103,transporte,sol,10.29,6.45,337.7,19.92,1.8,0.0,0,0.0,1.0,29.64,30.33,930.7,8.96,15.24,3.11,NASA POWER Daily API,40.7
20241002,Ribeirao Preto - SP,-21.1775,-47.8103,campo,garoa,10.15,4.78,218.15,12.87,2.8,0.01,0,4.0,0.0,30.97,25.46,928.6,24.86,4.64,2.67,NASA POWER Daily API,32.38
20241003,Ribeirao Preto - SP,-21.1775,-47.8103,campo,sol,9.93,0.0,233.44,21.24,1.8,0.0,0,0.0,0.0,30.06,31.44,929.9,14.19,3.95,3.94,NASA POWER Daily API,35.51
20241004,Ribeirao Preto - SP,-21.1775,-47.8103,campo,sol,24.56,11.93,336.48,15.62,1.8,0.0,0,0.0,0.0,27.71,46.6,932.0,9.02,3.27,5.56,NASA POWER Daily API,45.25
20241005,Ribeirao Preto - SP,-21.1775,-47.8103,campo,sol,11.71,5.66,185.18,5.39,1.8,0.0,0,0.0,0.0,27.19,41.19,932.1,5.46,2.6,4.25,NASA POWER Daily API,22.02
20241006,Ribeirao Preto - SP,-21.1775,-47.8103,campo,garoa,12.38,3.53,288.77,3.44,2.8,0.01,0,4.0,0.0,28.28,33.21,930.8,8.1,6.19,4.0,NASA POWER Daily API,19.79
20241007,Ribeirao Preto - SP,-21.1775,-47.8103,manutencao,garoa,8.18,5.48,172.47,14.98,1.8,0.01,0,4.0,3.0,28.63,30.28,928.8,7.02,19.33,3.46,NASA POWER Daily API,33.34
20241008,Ribeirao Preto - SP,-21.1775,-47.8103,transporte,sol,14.13,7.57,272.17,20.3,2.8,0.0,0,0.0,1.0,29.92,26.91,928.7,4.28,5.92,4.0,NASA POWER Daily API,45.77
20241009,Ribeirao Preto - SP,-21.1775,-47.8103,transporte,garoa,18.89,6.47,282.75,15.08,2.8,0.04,0,4.0,1.0,29.89,30.26,930.1,30.35,3.24,3.97,NASA POWER Daily API,39.46
20241010,Ribeirao Preto - SP,-21.1775,-47.8103,transporte,chuva,53.92,5.81,364.99,19.05,1.8,7.34,0,2.0,1.0,26.19,58.51,932.0,5.53,8.32,2.65,NASA POWER Daily API,63.39
20241011,Ribeirao Preto - SP,-21.1775,-47.8103,transporte,chuva,52.8,4.37,287.78,17.3,1.8,9.27,0,2.0,1.0,28.06,55.55,929.8,19.28,9.09,4.52,NASA POWER Daily API,61.34
20241012,Ribeirao Preto - SP,-21.1775,-47.8103,transporte,garoa,55.47,1.63,133.88,19.43,2.8,1.09,0,4.0,1.0,25.78,61.53,932.7,3.74,2.76,4.06,NASA POWER Daily API,51.61
20241013,Ribeirao Preto - SP,-21.1775,-47.8103,transporte,sol,39.59,2.26,51.65,20.89,2.8,0.0,0,0.0,1.0,26.35,52.17,935.7,35.08,12.43,2.68,NASA POWER Daily API,59.59
20241014,Ribeirao Preto - SP,-21.1775,-47.8103,transporte,garoa,52.49,2.34,108.58,18.46,2.8,0.28,0,4.0,1.0,27.63,54.28,935.8,3.75,7.3,4.68,NASA POWER Daily API,49.26
20241015,Ribeirao Preto - SP,-21.1775,-47.8103,transporte,garoa,48.15,2.86,216.66,18.07,1.8,0.14,0,4.0,1.0,25.79,56.26,933.5,6.26,5.01,3.85,NASA POWER Daily API,45.89
20241016,Ribeirao Preto - SP,-21.1775,-47.8103,campo,garoa,52.0,4.59,244.15,15.69,5.8,0.19,0,4.0,0.0,27.34,54.04,930.7,2.07,4.1,2.53,NASA POWER Daily API,60.73
20241017,Ribeirao Preto - SP,-21.1775,-47.8103,campo,garoa,49.92,3.89,167.43,10.25,1.8,0.69,0,4.0,0.0,29.03,48.22,930.1,5.41,4.6,2.23,NASA POWER Daily API,38.49
20241018,Ribeirao Preto - SP,-21.1775,-47.8103,transporte,chuva,38.69,5.56,298.28,24.29,1.8,5.0,0,2.0,1.0,27.04,52.85,930.1,16.05,2.7,2.67,NASA POWER Daily API,63.02
20241019,Ribeirao Preto - SP,-21.1775,-47.8103,transporte,chuva,93.59,1.71,194.22,22.6,3.8,22.55,1,2.0,1.0,24.45,72.17,928.5,19.99,3.46,2.21,NASA POWER Daily API,100.0
20241020,Ribeirao Preto - SP,-21.1775,-47.8103,campo,tempestade,100.0,7.62,231.31,5.31,5.8,28.04,1,3.0,0.0,22.21,85.24,929.0,5.39,4.61,2.53,NASA POWER Daily API,100.0
20241021,Ribeirao Preto - SP,-21.1775,-47.8103,transporte,chuva,100.0,4.64,201.49,24.81,1.8,6.71,1,2.0,1.0,23.69,78.84,932.5,2.28,2.57,3.46,NASA POWER Daily API,100.0
20241022,Ribeirao Preto - SP,-21.1775,-47.8103,campo,garoa,100.0,0.5,264.02,15.05,1.8,0.27,0,4.0,0.0,24.87,75.53,933.7,9.77,5.49,3.08,NASA POWER Daily API,55.3
20241023,Ribeirao Preto - SP,-21.1775,-47.8103,transporte,garoa,100.0,0.0,189.56,20.98,1.8,2.88,0,4.0,1.0,24.99,77.15,931.2,7.65,7.48,2.96,NASA POWER Daily API,64.85
20241024,Ribeirao Preto - SP,-21.1775,-47.8103,campo,chuva,100.0,10.33,305.79,10.73,1.8,6.11,1,2.0,0.0,25.18,75.83,928.7,0.49,4.14,3.81,NASA POWER Daily API,98.62
20241025,Ribeirao Preto - SP,-21.1775,-47.8103,transporte,tempestade,100.0,5.99,269.15,20.47,2.8,40.09,1,3.0,1.0,24.24,83.78,929.1,9.21,2.41,4.13,NASA POWER Daily API,100.0
20241026,Ribeirao Preto - SP,-21.1775,-47.8103,campo,chuva,100.0,7.39,129.48,9.15,3.8,12.54,1,2.0,0.0,24.6,86.07,931.2,13.59,9.41,2.85,NASA POWER Daily API,92.03
20241027,Ribeirao Preto - SP,-21.1775,-47.8103,campo,tempestade,100.0,1.14,91.99,3.53,2.8,25.09,1,3.0,0.0,24.26,84.95,933.4,4.17,3.81,2.66,NASA POWER Daily API,91.33
20241028,Ribeirao Preto - SP,-21.1775,-47.8103,campo,chuva,100.0,3.97,164.66,5.3,1.8,5.34,1,2.0,0.0,23.31,84.92,933.7,22.61,5.21,3.07,NASA POWER Daily API,72.08
20241029,Ribeirao Preto - SP,-21.1775,-47.8103,campo,chuva,100.0,3.63,330.7,17.04,2.8,10.63,1,2.0,0.0,23.37,83.94,932.0,65.04,6.13,2.62,NASA POWER Daily API,93.69
20241030,Ribeirao Preto - SP,-21.1775,-47.8103,campo,garoa,100.0,7.75,321.43,8.98,1.8,0.35,0,4.0,0.0,23.55,77.16,930.8,2.4,7.15,3.26,NASA POWER Daily API,61.61
20241031,Ribeirao Preto - SP,-21.1775,-47.8103,campo,sol,100.0,6.4,197.56,10.87,2.8,0.0,0,0.0,0.0,23.51,74.04,930.7,30.42,3.65,3.48,NASA POWER Daily API,58.38
20241101,Ribeirao Preto - SP,-21.1775,-47.8103,campo,sol,100.0,5.53,80.24,6.14,1.8,0.0,0,0.0,0.0,23.93,74.78,931.4,0.97,10.74,4.11,NASA POWER Daily API,64.28
20241102,Ribeirao Preto - SP,-21.1775,-47.8103,transporte,chuva,100.0,0.0,54.97,17.85,2.8,9.53,1,2.0,1.0,22.99,82.4,932.0,16.79,3.8,2.89,NASA POWER Daily API,100.0
20241103,Ribeirao Preto - SP,-21.1775,-47.8103,campo,chuva,100.0,4.39,151.34,17.13,2.8,10.46,1,2.0,0.0,22.5,86.73,930.7,3.85,10.74,2.99,NASA POWER Daily API,94.91
20241104,Ribeirao Preto - SP,-21.1775,-47.8103,campo,chuva,100.0,5.92,167.03,9.1,2.8,24.14,1,2.0,0.0,22.35,87.4,930.9,6.09,2.17,3.36,NASA POWER Daily API,99.61
20241105,Ribeirao Preto - SP,-21.1775,-47.8103,transporte,chuva,100.0,7.48,112.12,19.39,1.8,8.0,1,2.0,1.0,22.16,87.02,931.6,6.95,6.3,4.15,NASA POWER Daily API,96.49
20241106,Ribeirao Preto - SP,-21.1775,-47.8103,campo,chuva,100.0,4.46,246.13,18.41,1.8,8.12,1,2.0,0.0,23.35,82.78,930.7,2.02,4.09,3.3,NASA POWER Daily API,97.83
20241107,Ribeirao Preto - SP,-21.1775,-47.8103,proximidade_agua,chuva,100.0,8.74,239.8,5.82,2.8,24.39,1,2.0,2.0,22.21,89.55,929.1,22.2,6.37,4.0,NASA POWER Daily API,100.0
20241108,Ribeirao Preto - SP,-21.1775,-47.8103,campo,chuva,100.0,8.11,193.8,8.56,4.8,15.51,1,2.0,0.0,22.33,88.63,927.3,10.31,6.47,4.24,NASA POWER Daily API,97.86
20241109,Ribeirao Preto - SP,-21.1775,-47.8103,campo,chuva,100.0,6.85,255.17,19.19,1.8,6.04,1,2.0,0.0,23.21,85.22,929.2,6.79,2.49,2.58,NASA POWER Daily API,93.49
20241110,Ribeirao Preto - SP,-21.1775,-47.8103,campo,garoa,100.0,7.89,245.7,10.73,2.8,0.16,0,4.0,0.0,23.3,80.82,929.6,2.51,5.54,2.97,NASA POWER Daily API,66.0
20241111,Ribeirao Preto - SP,-21.1775,-47.8103,transporte,garoa,100.0,7.69,67.7,18.46,1.8,0.08,0,4.0,1.0,23.88,75.44,929.1,28.78,2.62,2.63,NASA POWER Daily API,73.95
20241112,Ribeirao Preto - SP,-21.1775,-47.8103,campo,garoa,100.0,4.18,82.11,14.35,1.8,0.16,0,4.0,0.0,25.54,63.65,927.8,2.76,3.61,2.0,NASA POWER Daily API,66.97
20241113,Ribeirao Preto - SP,-21.1775,-47.8103,proximidade_agua,tempestade,100.0,9.03,196.97,0.0,1.8,40.54,1,3.0,2.0,23.18,82.99,928.3,29.88,9.76,2.02,NASA POWER Daily API,100.0
20241114,Ribeirao Preto - SP,-21.1775,-47.8103,proximidade_agua,garoa,100.0,3.82,374.37,1.53,1.8,0.79,0,4.0,2.0,23.3,81.56,929.5,18.09,3.91,2.06,NASA POWER Daily API,46.68
20241115,Ribeirao Preto - SP,-21.1775,-47.8103,campo,garoa,100.0,6.98,177.55,6.3,2.8,4.55,0,4.0,0.0,23.12,83.78,930.8,27.87,8.1,4.67,NASA POWER Daily API,57.59
20241116,Ribeirao Preto - SP,-21.1775,-47.8103,campo,tempestade,100.0,10.13,334.31,0.4,1.8,26.29,1,3.0,0.0,23.23,86.69,931.5,6.59,2.81,3.52,NASA POWER Daily API,96.35
20241117,Ribeirao Preto - SP,-21.1775,-47.8103,campo,chuva,100.0,4.01,142.13,8.55,2.8,10.01,1,2.0,0.0,23.29,82.15,931.4,2.82,11.77,2.61,NASA POWER Daily API,88.93
20241118,Ribeirao Preto - SP,-21.1775,-47.8103,transporte,garoa,100.0,4.99,163.35,26.89,1.8,0.2,0,4.0,1.0,23.71,75.39,930.2,6.24,7.36,2.05,NASA POWER Daily API,75.0
20241119,Ribeirao Preto - SP,-21.1775,-47.8103,transporte,garoa,100.0,7.37,317.89,22.9,2.8,0.87,0,4.0,1.0,25.07,73.39,929.8,3.26,15.81,1.95,NASA POWER Daily API,75.39
20241120,Ribeirao Preto - SP,-21.1775,-47.8103,campo,garoa,100.0,7.31,348.12,12.34,1.8,4.26,0,4.0,0.0,25.39,78.19,930.3,1.11,3.76,2.74,NASA POWER Daily API,75.1
20241121,Ribeirao Preto - SP,-21.1775,-47.8103,transporte,tempestade,100.0,0.55,101.39,18.01,2.8,27.49,1,3.0,1.0,24.48,82.24,930.3,12.7,6.66,3.15,NASA POWER Daily API,100.0
20241122,Ribeirao Preto - SP,-21.1775,-47.8103,transporte,chuva,100.0,7.31,262.11,20.96,1.8,17.23,1,2.0,1.0,23.09,87.23,930.3,2.43,7.24,3.58,NASA POWER Daily API,100.0
20241123,Ribeirao Preto - SP,-21.1775,-47.8103,transporte,garoa,100.0,4.56,151.33,22.98,1.8,0.16,0,4.0,1.0,23.36,80.26,930.3,2.88,4.13,3.32,NASA POWER Daily API,75.61
20241124,Ribeirao Preto - SP,-21.1775,-47.8103,transporte,garoa,100.0,0.25,324.86,25.07,1.8,0.01,0,4.0,1.0,22.12,77.59,932.5,0.67,4.76,4.45,NASA POWER Daily API,79.4
20241125,Ribeirao Preto - SP,-21.1775,-47.8103,manutencao,garoa,100.0,2.71,358.92,0.0,1.8,0.01,0,4.0,3.0,22.33,75.56,933.3,4.97,9.34,3.3,NASA POWER Daily API,38.59
20241126,Ribeirao Preto - SP,-21.1775,-47.8103,proximidade_agua,garoa,100.0,1.18,283.32,10.29,1.8,0.02,0,4.0,2.0,23.93,67.62,932.3,1.04,8.77,2.6,NASA POWER Daily API,65.93
20241127,Ribeirao Preto - SP,-21.1775,-47.8103,campo,sol,91.74,4.83,240.94,11.63,2.8,0.0,0,0.0,0.0,24.94,67.95,930.2,19.18,4.12,2.6,NASA POWER Daily API,55.24
20241128,Ribeirao Preto - SP,-21.1775,-47.8103,campo,chuva,94.67,1.89,237.43,4.5,5.8,12.6,1,2.0,0.0,24.72,81.79,929.5,9.0,1.64,3.07,NASA POWER Daily API,83.09
20241129,Ribeirao Preto - SP,-21.1775,-47.8103,campo,garoa,68.4,6.12,26.91,12.53,1.8,3.37,0,4.0,0.0,23.5,90.07,930.9,25.02,3.45,3.13,NASA POWER Daily API,71.76
20241130,Ribeirao Preto - SP,-21.1775,-47.8103,campo,garoa,55.23,1.99,272.62,0.0,1.8,0.39,0,4.0,0.0,24.5,81.95,930.6,28.63,4.97,1.96,NASA POWER Daily API,24.96
20241201,Ribeirao Preto - SP,-21.1775,-47.8103,campo,garoa,54.92,0.37,332.17,12.28,1.8,1.43,0,4.0,0.0,25.46,81.32,929.4,2.55,5.24,2.72,NASA POWER Daily API,45.59
20241202,Ribeirao Preto - SP,-21.1775,-47.8103,transporte,chuva,88.59,14.23,251.13,15.28,2.8,7.22,1,2.0,1.0,23.77,88.1,929.1,32.37,2.81,3.68,NASA POWER Daily API,96.84
20241203,Ribeirao Preto - SP,-21.1775,-47.8103,campo,chuva,100.0,10.24,193.04,7.42,2.8,22.96,1,2.0,0.0,23.61,86.3,929.5,4.28,6.21,4.26,NASA POWER Daily API,100.0
20241204,Ribeirao Preto - SP,-21.1775,-47.8103,proximidade_agua,chuva,100.0,6.9,307.85,2.38,3.8,6.7,1,2.0,2.0,23.61,87.58,929.6,14.21,5.09,2.17,NASA POWER Daily API,81.95
20241205,Ribeirao Preto - SP,-21.1775,-47.8103,campo,chuva,100.0,9.27,274.96,18.78,2.8,9.66,1,2.0,0.0,24.28,84.6,930.2,2.88,3.63,3.0,NASA POWER Daily API,100.0
20241206,Ribeirao Preto - SP,-21.1775,-47.8103,transporte,garoa,100.0,1.81,166.43,19.39,1.8,0.37,0,4.0,1.0,25.33,78.45,930.8,16.63,32.78,2.9,NASA POWER Daily API,63.83
20241207,Ribeirao Preto - SP,-21.1775,-47.8103,campo,garoa,99.48,1.35,182.35,7.77,1.8,0.03,0,4.0,0.0,25.6,67.04,930.7,11.35,3.84,3.18,NASA POWER Daily API,46.92
20241208,Ribeirao Preto - SP,-21.1775,-47.8103,proximidade_agua,garoa,100.0,5.12,264.33,11.97,1.8,0.38,0,4.0,2.0,23.87,76.02,931.3,11.1,8.83,2.35,NASA POWER Daily API,60.58
20241209,Ribeirao Preto - SP,-21.1775,-47.8103,campo,garoa,100.0,8.4,338.6,4.3,1.8,1.56,0,4.0,0.0,25.34,78.06,930.6,16.15,1.15,2.04,NASA POWER Daily API,51.6
20241210,Ribeirao Preto - SP,-21.1775,-47.8103,campo,garoa,80.05,3.66,173.43,6.75,1.8,3.45,0,4.0,0.0,23.83,88.43,929.2,4.63,3.4,2.73,NASA POWER Daily API,46.35
20241211,Ribeirao Preto - SP,-21.1775,-47.8103,campo,garoa,66.25,4.59,369.3,9.79,2.8,3.65,0,4.0,0.0,23.07,82.21,928.4,4.22,1.94,3.95,NASA POWER Daily API,48.63
20241212,Ribeirao Preto - SP,-21.1775,-47.8103,campo,garoa,42.2,6.09,301.47,3.89,2.8,0.58,0,4.0,0.0,23.32,76.55,929.8,5.75,8.95,3.33,NASA POWER Daily API,32.6
20241213,Ribeirao Preto - SP,-21.1775,-47.8103,transporte,garoa,54.74,10.16,248.92,15.24,2.8,2.82,0,4.0,1.0,23.81,78.51,929.3,11.02,6.58,1.9,NASA POWER Daily API,56.99
20241214,Ribeirao Preto - SP,-21.1775,-47.8103,transporte,chuva,81.23,5.12,256.3,21.59,1.8,9.56,1,2.0,1.0,22.79,88.51,928.7,5.54,8.28,3.66,NASA POWER Daily API,93.15
20241215,Ribeirao Preto - SP,-21.1775,-47.8103,campo,chuva,81.48,0.0,204.04,7.4,2.8,7.49,1,2.0,0.0,23.25,85.35,928.0,4.0,6.42,4.86,NASA POWER Daily API,69.65
20241216,Ribeirao Preto - SP,-21.1775,-47.8103,transporte,garoa,91.75,3.72,207.21,21.13,1.8,4.59,0,4.0,1.0,23.68,84.58,930.3,8.07,3.17,4.75,NASA POWER Daily API,68.15
20241217,Ribeirao Preto - SP,-21.1775,-47.8103,campo,garoa,79.64,2.23,194.86,10.22,1.8,0.37,0,4.0,0.0,23.71,73.95,932.2,2.83,1.79,2.26,NASA POWER Daily API,51.18
20241218,Ribeirao Preto - SP,-21.1775,-47.8103,transporte,garoa,77.31,0.0,241.36,23.82,1.8,0.48,0,4.0,1.0,24.17,75.95,932.1,4.97,2.95,1.99,NASA POWER Daily API,59.25
20241219,Ribeirao Preto - SP,-21.1775,-47.8103,transporte,garoa,72.89,5.81,194.69,14.05,2.8,0.61,0,4.0,1.0,25.26,73.55,931.6,8.94,5.26,2.41,NASA POWER Daily API,54.12
20241220,Ribeirao Preto - SP,-21.1775,-47.8103,campo,chuva,93.35,9.6,147.61,15.66,2.8,11.05,1,2.0,0.0,25.03,78.66,930.0,35.8,6.41,3.37,NASA POWER Daily API,96.78
20241221,Ribeirao Preto - SP,-21.1775,-47.8103,campo,chuva,95.67,9.12,288.46,6.09,1.8,9.55,1,2.0,0.0,24.03,84.65,930.3,8.97,3.75,3.25,NASA POWER Daily API,81.41
20241222,Ribeirao Preto - SP,-21.1775,-47.8103,campo,chuva,93.72,5.3,311.22,9.67,1.8,5.69,1,2.0,0.0,22.98,88.13,931.2,1.52,3.86,3.85,NASA POWER Daily API,84.25
20241223,Ribeirao Preto - SP,-21.1775,-47.8103,transporte,garoa,92.75,3.03,134.37,21.21,2.8,2.85,0,4.0,1.0,24.35,82.77,930.7,16.99,3.67,3.12,NASA POWER Daily API,68.3
20241224,Ribeirao Preto - SP,-21.1775,-47.8103,transporte,garoa,78.78,5.53,51.61,17.4,1.8,2.16,0,4.0,1.0,24.37,78.64,930.0,35.09,16.29,4.22,NASA POWER Daily API,70.83
20241225,Ribeirao Preto - SP,-21.1775,-47.8103,manutencao,garoa,87.42,2.11,231.82,3.24,1.8,3.66,0,4.0,3.0,24.58,81.44,928.5,40.99,3.83,3.77,NASA POWER Daily API,42.04
20241226,Ribeirao Preto - SP,-21.1775,-47.8103,campo,tempestade,100.0,9.17,5.0,5.76,1.8,35.39,1,3.0,0.0,22.77,91.97,928.6,3.94,7.96,3.35,NASA POWER Daily API,100.0
20241227,Ribeirao Preto - SP,-21.1775,-47.8103,proximidade_agua,chuva,100.0,12.2,89.02,12.75,2.8,8.7,1,2.0,2.0,23.04,88.23,930.2,5.01,4.86,5.08,NASA POWER Daily API,100.0
20241228,Ribeirao Preto - SP,-21.1775,-47.8103,campo,chuva,100.0,4.75,144.49,5.03,1.8,12.49,1,2.0,0.0,24.21,84.47,930.6,2.48,3.93,2.84,NASA POWER Daily API,85.57
20241229,Ribeirao Preto - SP,-21.1775,-47.8103,campo,chuva,100.0,11.82,22.11,13.07,1.8,8.69,1,2.0,0.0,24.58,81.16,929.0,16.04,7.35,1.95,NASA POWER Daily API,100.0
20241230,Ribeirao Preto - SP,-21.1775,-47.8103,campo,garoa,100.0,3.12,262.16,3.23,3.8,2.64,0,4.0,0.0,24.4,77.68,929.1,5.92,4.54,1.93,NASA POWER Daily API,50.15
20241231,Ribeirao Preto - SP,-21.1775,-47.8103,manutencao,garoa,100.0,9.4,161.95,10.59,1.8,2.03,0,4.0,3.0,24.12,78.34,930.3,3.07,2.48,2.66,NASA POWER Daily API,60.98
20250101,Ribeirao Preto - SP,-21.1775,-47.8103,campo,chuva,100.0,0.34,148.72,13.68,2.8,7.47,1,2.0,0.0,23.99,77.01,930.8,1.93,18.06,1.99,NASA POWER Daily API,89.36
20250102,Ribeirao Preto - SP,-21.1775,-47.8103,campo,chuva,100.0,5.31,113.57,10.77,2.8,8.82,1,2.0,0.0,23.88,80.0,930.1,3.32,6.28,2.92,NASA POWER Daily API,86.03
20250103,Ribeirao Preto - SP,-21.1775,-47.8103,campo,garoa,100.0,4.92,128.0,3.83,1.8,4.77,0,4.0,0.0,23.65,84.03,929.3,2.21,2.36,3.44,NASA POWER Daily API,56.5
20250104,Ribeirao Preto - SP,-21.1775,-47.8103,manutencao,chuva,97.4,10.02,223.58,6.99,1.8,6.75,1,2.0,3.0,22.14,85.86,929.2,15.27,4.95,3.13,NASA POWER Daily API,81.61
20250105,Ribeirao Preto - SP,-21.1775,-47.8103,transporte,garoa,85.52,0.12,71.0,13.91,1.8,0.39,0,4.0,1.0,23.38,79.06,929.0,7.37,8.82,2.75,NASA POWER Daily API,55.28
20250106,Ribeirao Preto - SP,-21.1775,-47.8103,campo,garoa,81.7,5.14,129.84,13.67,1.8,0.56,0,4.0,0.0,24.51,72.78,928.9,4.06,5.07,2.17,NASA POWER Daily API,53.57
20250107,Ribeirao Preto - SP,-21.1775,-47.8103,campo,garoa,83.54,4.18,99.08,11.98,1.8,3.0,0,4.0,0.0,24.21,76.73,928.7,2.8,4.34,2.17,NASA POWER Daily API,59.34
20250108,Ribeirao Preto - SP,-21.1775,-47.8103,campo,garoa,76.13,3.8,161.44,14.56,1.8,2.47,0,4.0,0.0,24.38,74.7,928.1,15.76,1.77,2.2,NASA POWER Daily API,53.48
20250109,Ribeirao Preto - SP,-21.1775,-47.8103,transporte,chuva,69.67,12.44,352.58,21.56,1.8,5.2,0,2.0,1.0,24.22,74.84,927.2,1.26,5.4,2.23,NASA POWER Daily API,88.52
20250110,Ribeirao Preto - SP,-21.1775,-47.8103,transporte,garoa,62.07,6.0,169.96,22.67,1.8,2.01,0,4.0,1.0,23.22,77.75,927.9,7.93,3.05,2.53,NASA POWER Daily API,61.28
20250111,Ribeirao Preto - SP,-21.1775,-47.8103,campo,garoa,52.04,1.92,223.96,11.03,2.8,0.12,0,4.0,0.0,24.59,69.26,927.9,6.38,3.25,2.36,NASA POWER Daily API,39.8
20250112,Ribeirao Preto - SP,-21.1775,-47.8103,transporte,garoa,50.87,3.54,345.14,20.8,1.8,0.55,0,4.0,1.0,25.17,71.85,927.5,8.49,2.82,2.55,NASA POWER Daily API,51.65
20250113,Ribeirao Preto - SP,-21.1775,-47.8103,transporte,garoa,51.97,1.51,242.93,16.63,1.8,0.8,0,4.0,1.0,24.22,73.53,927.0,4.3,25.22,2.77,NASA POWER Daily API,45.72
20250114,Ribeirao Preto - SP,-21.1775,-47.8103,campo,garoa,42.0,0.38,274.54,17.82,3.8,1.63,0,4.0,0.0,24.51,73.77,926.7,6.17,4.29,2.37,NASA POWER Daily API,47.32
20250115,Ribeirao Preto - SP,-21.1775,-47.8103,campo,garoa,57.03,6.77,152.47,11.05,1.8,1.4,0,4.0,0.0,24.32,78.96,927.7,9.38,7.99,4.48,NASA POWER Daily API,45.49
20250116,Ribeirao Preto - SP,-21.1775,-47.8103,transporte,garoa,57.75,5.85,286.28,21.68,1.8,4.58,0,4.0,1.0,24.44,82.97,929.4,3.82,6.12,5.43,NASA POWER Daily API,60.93
20250117,Ribeirao Preto - SP,-21.1775,-47.8103,campo,garoa,49.52,14.07,79.18,16.2,2.8,0.97,0,4.0,0.0,24.48,82.29,931.8,80.0,2.92,3.1,NASA POWER Daily API,62.04
20250118,Ribeirao Preto - SP,-21.1775,-47.8103,campo,garoa,49.63,2.79,285.14,9.48,3.8,0.95,0,4.0,0.0,25.52,76.08,932.3,5.94,2.09,2.54,NASA POWER Daily API,40.68
20250119,Ribeirao Preto - SP,-21.1775,-47.8103,campo,garoa,47.55,2.18,245.16,8.96,2.8,3.37,0,4.0,0.0,25.89,73.25,930.9,2.85,4.45,2.04,NASA POWER Daily API,45.01
20250120,Ribeirao Preto - SP,-21.1775,-47.8103,campo,garoa,56.78,6.98,139.72,10.41,2.8,1.06,0,4.0,0.0,25.85,72.82,930.6,2.44,15.03,3.17,NASA POWER Daily API,52.46
20250121,Ribeirao Preto - SP,-21.1775,-47.8103,campo,garoa,48.58,1.79,99.66,8.01,2.8,0.43,0,4.0,0.0,26.56,67.7,931.7,2.92,7.26,3.2,NASA POWER Daily API,40.88
20250122,Ribeirao Preto - SP,-21.1775,-47.8103,campo,garoa,48.97,4.24,294.39,12.54,1.8,3.53,0,4.0,0.0,27.86,64.29,933.2,1.89,2.64,1.26,NASA POWER Daily API,49.92
20250123,Ribeirao Preto - SP,-21.1775,-47.8103,transporte,chuva,69.25,7.2,136.76,15.59,3.8,7.22,0,2.0,1.0,27.02,68.31,933.3,5.62,15.56,1.85,NASA POWER Daily API,69.27
20250124,Ribeirao Preto - SP,-21.1775,-47.8103,transporte,garoa,65.28,7.65,174.07,21.55,1.8,1.19,0,4.0,1.0,25.66,71.64,932.8,34.77,6.19,2.08,NASA POWER Daily API,61.46
20250125,Ribeirao Preto - SP,-21.1775,-47.8103,campo,chuva,69.06,11.07,88.13,19.6,1.8,5.63,0,2.0,0.0,26.82,67.41,932.2,1.94,3.27,2.21,NASA POWER Daily API,79.07
20250126,Ribeirao Preto - SP,-21.1775,-47.8103,transporte,chuva,88.29,2.18,224.34,22.95,1.8,9.63,1,2.0,1.0,25.97,74.77,931.8,5.73,2.42,2.56,NASA POWER Daily API,92.96
20250127,Ribeirao Preto - SP,-21.1775,-47.8103,campo,chuva,100.0,7.99,187.5,8.57,1.8,5.64,1,2.0,0.0,24.0,81.89,931.6,8.36,3.93,2.49,NASA POWER Daily API,80.82
20250128,Ribeirao Preto - SP,-21.1775,-47.8103,transporte,garoa,81.47,2.43,241.47,13.61,2.8,1.09,0,4.0,1.0,24.08,77.65,931.1,1.3,5.26,2.26,NASA POWER Daily API,65.08
20250129,Ribeirao Preto - SP,-21.1775,-47.8103,campo,garoa,93.46,4.7,367.34,16.32,1.8,4.19,0,4.0,0.0,24.72,77.13,930.1,1.08,3.27,3.0,NASA POWER Daily API,75.32
20250130,Ribeirao Preto - SP,-21.1775,-47.8103,transporte,chuva,100.0,5.47,289.34,16.08,1.8,13.66,1,2.0,1.0,24.85,79.78,929.4,7.16,9.1,3.77,NASA POWER Daily API,95.33
20250131,Ribeirao Preto - SP,-21.1775,-47.8103,campo,chuva,100.0,10.69,185.11,8.28,3.8,13.93,1,2.0,0.0,23.23,86.55,928.9,8.12,3.97,3.86,NASA POWER Daily API,96.0
20250201,Ribeirao Preto - SP,-21.1775,-47.8103,transporte,chuva,100.0,6.98,264.33,16.71,2.8,10.44,1,2.0,1.0,22.92,86.21,928.1,4.58,5.52,3.87,NASA POWER Daily API,97.15
20250202,Ribeirao Preto - SP,-21.1775,-47.8103,campo,chuva,100.0,0.57,122.64,2.16,1.8,6.3,1,2.0,0.0,23.33,85.79,928.5,34.1,4.64,3.97,NASA POWER Daily API,66.03
20250203,Ribeirao Preto - SP,-21.1775,-47.8103,campo,chuva,100.0,6.79,144.96,7.17,1.8,16.75,1,2.0,0.0,22.69,89.05,930.5,4.05,3.64,3.25,NASA POWER Daily API,89.33
20250204,Ribeirao Preto - SP,-21.1775,-47.8103,campo,garoa,100.0,0.23,140.46,9.5,2.8,3.4,0,4.0,0.0,23.75,82.46,931.3,80.0,3.83,2.9,NASA POWER Daily API,53.38
20250205,Ribeirao Preto - SP,-21.1775,-47.8103,transporte,chuva,100.0,3.32,198.02,16.45,1.8,5.66,1,2.0,1.0,24.72,77.88,931.5,8.31,4.48,2.32,NASA POWER Daily API,85.79
20250206,Ribeirao Preto - SP,-21.1775,-47.8103,campo,garoa,100.0,1.48,188.06,2.54,1.8,0.43,0,4.0,0.0,24.98,72.6,932.5,13.51,4.32,2.05,NASA POWER Daily API,40.93
20250207,Ribeirao Preto - SP,-21.1775,-47.8103,campo,garoa,97.32,4.72,169.58,15.88,1.8,3.51,0,4.0,0.0,25.06,75.61,932.0,13.6,11.56,1.84,NASA POWER Daily API,63.17
20250208,Ribeirao Preto - SP,-21.1775,-47.8103,transporte,garoa,95.36,2.16,118.13,22.28,1.8,0.88,0,4.0,1.0,24.6,72.88,932.2,12.73,5.24,2.96,NASA POWER Daily API,65.38
20250209,Ribeirao Preto - SP,-21.1775,-47.8103,campo,garoa,80.85,5.68,253.29,8.96,1.8,0.51,0,4.0,0.0,23.35,77.13,933.5,11.6,4.87,3.0,NASA POWER Daily API,47.63
20250210,Ribeirao Preto - SP,-21.1775,-47.8103,campo,garoa,54.61,10.6,172.34,9.84,1.8,0.27,0,4.0,0.0,23.63,76.3,932.7,7.1,7.11,2.9,NASA POWER Daily API,45.85
20250211,Ribeirao Preto - SP,-21.1775,-47.8103,proximidade_agua,garoa,48.42,8.56,272.15,12.99,2.8,0.15,0,4.0,2.0,24.64,71.54,931.5,6.29,2.39,3.12,NASA POWER Daily API,51.91
20250212,Ribeirao Preto - SP,-21.1775,-47.8103,campo,garoa,45.04,10.52,318.91,20.68,1.8,0.61,0,4.0,0.0,24.42,73.1,932.1,9.18,2.31,2.62,NASA POWER Daily API,56.81
20250213,Ribeirao Preto - SP,-21.1775,-47.8103,campo,garoa,43.52,6.18,214.63,13.93,1.8,1.61,0,4.0,0.0,24.03,78.72,933.0,17.96,1.11,1.78,NASA POWER Daily API,44.25
20250214,Ribeirao Preto - SP,-21.1775,-47.8103,campo,garoa,44.86,11.48,272.22,19.43,1.8,1.23,0,4.0,0.0,25.33,70.29,931.3,7.41,6.63,1.43,NASA POWER Daily API,56.85
20250215,Ribeirao Preto - SP,-21.1775,-47.8103,campo,garoa,31.22,3.85,115.47,14.35,1.8,0.19,0,4.0,0.0,26.52,66.35,930.4,5.25,3.63,1.56,NASA POWER Daily API,37.47
20250216,Ribeirao Preto - SP,-21.1775,-47.8103,proximidade_agua,sol,35.66,1.88,100.55,12.3,2.8,0.0,0,0.0,2.0,26.33,60.62,931.5,34.33,12.07,3.62,NASA POWER Daily API,40.06
20250217,Ribeirao Preto - SP,-21.1775,-47.8103,campo,garoa,32.15,7.86,270.25,22.1,2.8,0.25,0,4.0,0.0,26.57,58.14,931.8,16.54,4.11,3.33,NASA POWER Daily API,53.75
20250218,Ribeirao Preto - SP,-21.1775,-47.8103,transporte,garoa,41.29,5.92,186.65,16.23,2.8,3.49,0,4.0,1.0,26.9,63.64,931.8,3.54,8.37,2.14,NASA POWER Daily API,50.2
20250219,Ribeirao Preto - SP,-21.1775,-47.8103,proximidade_agua,garoa,49.84,1.89,65.54,7.64,1.8,2.82,0,4.0,2.0,27.16,63.81,931.8,24.6,3.65,1.45,NASA POWER Daily API,46.35
20250220,Ribeirao Preto - SP,-21.1775,-47.8103,transporte,garoa,43.08,1.12,326.42,18.15,2.8,0.79,0,4.0,1.0,27.96,59.76,932.8,21.92,3.27,2.05,NASA POWER Daily API,45.46
20250221,Ribeirao Preto - SP,-21.1775,-47.8103,transporte,garoa,41.75,0.0,184.41,24.26,1.8,0.66,0,4.0,1.0,27.67,63.81,933.5,19.89,6.97,2.49,NASA POWER Daily API,49.2
20250222,Ribeirao Preto - SP,-21.1775,-47.8103,campo,garoa,39.19,6.77,172.76,16.18,1.8,1.08,0,4.0,0.0,27.2,64.32,933.1,37.82,3.7,3.34,NASA POWER Daily API,45.87
20250223,Ribeirao Preto - SP,-21.1775,-47.8103,campo,garoa,44.49,5.4,256.11,13.14,1.8,0.28,0,4.0,0.0,26.13,63.65,932.7,6.07,3.37,3.15,NASA POWER Daily API,41.49
20250224,Ribeirao Preto - SP,-21.1775,-47.8103,proximidade_agua,garoa,32.7,8.19,105.01,6.95,1.8,0.57,0,4.0,2.0,25.18,60.84,932.9,16.4,1.87,3.6,NASA POWER Daily API,37.41
20250225,Ribeirao Preto - SP,-21.1775,-47.8103,transporte,garoa,38.08,5.67,324.25,15.27,1.8,0.27,0,4.0,1.0,26.22,60.71,933.8,15.96,3.69,3.85,NASA POWER Daily API,42.43
20250226,Ribeirao Preto - SP,-21.1775,-47.8103,transporte,garoa,28.81,9.44,102.62,29.51,1.8,0.01,0,4.0,1.0,26.62,56.95,933.8,8.03,2.53,3.43,NASA POWER Daily API,61.16
20250227,Ribeirao Preto - SP,-21.1775,-47.8103,campo,sol,25.51,0.73,450.2,9.77,1.8,0.0,0,0.0,0.0,26.68,51.73,932.7,18.55,13.43,3.04,NASA POWER Daily API,26.41
20250228,Ribeirao Preto - SP,-21.1775,-47.8103,manutencao,garoa,22.45,6.18,50.08,12.03,2.8,0.21,0,4.0,3.0,26.41,58.35,932.8,7.37,6.33,3.49,NASA POWER Daily API,48.36
20250301,Ribeirao Preto - SP,-21.1775,-47.8103,campo,garoa,32.63,7.81,264.8,6.47,3.8,0.01,0,4.0,0.0,26.37,54.61,933.8,50.46,6.57,4.42,NASA POWER Daily API,36.09
20250302,Ribeirao Preto - SP,-21.1775,-47.8103,campo,sol,10.13,4.88,303.68,16.16,1.8,0.0,0,0.0,0.0,25.72,56.87,934.2,5.59,1.23,4.11,NASA POWER Daily API,34.04
20250303,Ribeirao Preto - SP,-21.1775,-47.8103,campo,garoa,16.07,9.12,310.53,9.81,1.8,0.46,0,4.0,0.0,26.16,56.11,933.6,6.01,5.66,3.35,NASA POWER Daily API,32.81
20250304,Ribeirao Preto - SP,-21.1775,-47.8103,manutencao,garoa,28.1,0.25,54.46,7.45,1.8,0.04,0,4.0,3.0,26.28,56.71,932.9,9.57,3.47,4.72,NASA POWER Daily API,34.47
20250305,Ribeirao Preto - SP,-21.1775,-47.8103,campo,garoa,27.81,6.25,226.76,16.5,1.8,0.1,0,4.0,0.0,25.74,61.05,933.7,11.24,7.42,4.41,NASA POWER Daily API,41.34
20250306,Ribeirao Preto - SP,-21.1775,-47.8103,manutencao,sol,13.58,5.26,193.2,10.61,2.8,0.0,0,0.0,3.0,26.12,50.58,934.7,2.26,4.92,4.25,NASA POWER Daily API,36.65
20250307,Ribeirao Preto - SP,-21.1775,-47.8103,transporte,sol,24.05,0.0,239.61,12.39,1.8,0.0,0,0.0,1.0,25.94,50.4,934.9,17.29,5.61,4.53,NASA POWER Daily API,28.33
20250308,Ribeirao Preto - SP,-21.1775,-47.8103,campo,garoa,14.82,0.08,220.0,14.52,3.8,0.01,0,4.0,0.0,27.3,50.89,933.6,5.7,2.75,3.16,NASA POWER Daily API,32.71
20250309,Ribeirao Preto - SP,-21.1775,-47.8103,campo,garoa,14.94,2.8,217.56,11.39,3.8,0.66,0,4.0,0.0,28.71,45.13,931.6,1.91,4.0,1.68,NASA POWER Daily API,38.44
20250310,Ribeirao Preto - SP,-21.1775,-47.8103,campo,garoa,26.32,4.06,193.74,9.96,1.8,0.88,0,4.0,0.0,29.66,44.39,930.6,3.98,4.01,1.12,NASA POWER Daily API,31.37
20250311,Ribeirao Preto - SP,-21.1775,-47.8103,proximidade_agua,garoa,35.16,4.75,188.57,0.0,1.8,2.68,0,4.0,2.0,28.21,55.02,932.9,3.81,7.47,2.25,NASA POWER Daily API,27.85
20250312,Ribeirao Preto - SP,-21.1775,-47.8103,transporte,garoa,29.79,2.23,208.58,20.44,2.8,1.09,0,4.0,1.0,28.52,51.06,933.5,12.62,6.51,3.02,NASA POWER Daily API,45.74
20250313,Ribeirao Preto - SP,-21.1775,-47.8103,campo,garoa,22.47,6.96,144.78,12.89,1.8,0.65,0,4.0,0.0,28.08,49.68,932.3,1.23,5.18,2.99,NASA POWER Daily API,48.59
20250314,Ribeirao Preto - SP,-21.1775,-47.8103,campo,garoa,33.54,5.88,41.94,17.72,3.8,0.2,0,4.0,0.0,28.73,49.06,931.2,9.2,7.2,2.57,NASA POWER Daily API,63.18
20250315,Ribeirao Preto - SP,-21.1775,-47.8103,campo,garoa,33.86,0.0,121.39,2.68,1.8,0.28,0,4.0,0.0,29.71,46.4,931.1,30.96,15.36,2.74,NASA POWER Daily API,19.7
20250316,Ribeirao Preto - SP,-21.1775,-47.8103,campo,chuva,48.85,4.79,250.23,4.1,1.8,7.18,0,2.0,0.0,28.57,59.85,932.8,28.88,2.79,3.0,NASA POWER Daily API,41.9
20250317,Ribeirao Preto - SP,-21.1775,-47.8103,campo,chuva,100.0,6.41,156.87,9.77,2.8,21.5,1,2.0,0.0,26.25,73.19,934.0,6.55,4.84,2.9,NASA POWER Daily API,97.71
20250318,Ribeirao Preto - SP,-21.1775,-47.8103,campo,garoa,80.09,1.26,231.27,16.52,2.8,2.65,0,4.0,0.0,26.41,67.42,932.4,80.0,2.23,2.47,NASA POWER Daily API,56.47
20250319,Ribeirao Preto - SP,-21.1775,-47.8103,campo,garoa,97.91,1.55,189.2,9.8,2.8,3.84,0,4.0,0.0,24.67,75.8,931.9,11.26,6.28,2.47,NASA POWER Daily API,54.89
20250320,Ribeirao Preto - SP,-21.1775,-47.8103,transporte,garoa,77.33,6.34,167.0,27.14,1.8,1.11,0,4.0,1.0,24.94,65.55,932.9,48.97,2.95,2.85,NASA POWER Daily API,70.6
20250321,Ribeirao Preto - SP,-21.1775,-47.8103,transporte,garoa,90.02,7.93,179.88,24.7,1.8,0.45,0,4.0,1.0,25.11,66.36,933.6,8.35,2.13,2.73,NASA POWER Daily API,72.35
20250322,Ribeirao Preto - SP,-21.1775,-47.8103,manutencao,garoa,85.37,6.99,229.98,8.72,1.8,0.75,0,4.0,3.0,25.73,66.34,933.4,15.6,4.44,2.58,NASA POWER Daily API,50.29
20250323,Ribeirao Preto - SP,-21.1775,-47.8103,campo,garoa,92.8,2.91,97.44,6.83,1.8,4.76,0,4.0,0.0,24.94,74.02,932.2,6.74,1.53,2.18,NASA POWER Daily API,49.77
20250324,Ribeirao Preto - SP,-21.1775,-47.8103,transporte,garoa,62.59,4.06,195.93,23.42,1.8,2.31,0,4.0,1.0,25.4,71.3,931.5,19.5,1.08,1.83,NASA POWER Daily API,60.37
20250325,Ribeirao Preto - SP,-21.1775,-47.8103,campo,garoa,51.22,13.38,143.5,4.02,1.8,0.33,0,4.0,0.0,26.63,63.62,931.7,5.69,7.1,2.15,NASA POWER Daily API,40.6
20250326,Ribeirao Preto - SP,-21.1775,-47.8103,transporte,garoa,43.64,4.73,254.43,17.71,1.8,1.11,0,4.0,1.0,26.31,62.5,931.8,19.79,9.9,2.44,NASA POWER Daily API,47.09
20250327,Ribeirao Preto - SP,-21.1775,-47.8103,transporte,garoa,41.85,0.0,197.4,15.55,1.8,0.33,0,4.0,1.0,26.48,63.85,930.9,3.91,4.9,1.89,NASA POWER Daily API,38.21
20250328,Ribeirao Preto - SP,-21.1775,-47.8103,transporte,garoa,33.49,9.41,127.58,18.96,1.8,0.38,0,4.0,1.0,27.43,57.33,930.6,17.61,7.67,2.57,NASA POWER Daily API,49.92
20250329,Ribeirao Preto - SP,-21.1775,-47.8103,transporte,garoa,44.08,9.89,246.13,10.59,2.8,1.15,0,4.0,1.0,27.5,55.46,930.4,4.07,12.07,1.96,NASA POWER Daily API,46.03
20250330,Ribeirao Preto - SP,-21.1775,-47.8103,campo,garoa,43.59,9.1,194.46,12.32,1.8,3.94,0,4.0,0.0,27.52,58.62,930.1,2.82,8.12,1.86,NASA POWER Daily API,53.74
20250331,Ribeirao Preto - SP,-21.1775,-47.8103,campo,garoa,41.81,8.15,215.58,18.41,1.8,1.61,0,4.0,0.0,25.64,66.65,932.5,1.48,7.56,2.3,NASA POWER Daily API,63.44
20250401,Ribeirao Preto - SP,-21.1775,-47.8103,campo,garoa,42.36,6.78,273.34,8.21,3.8,1.07,0,4.0,0.0,26.46,65.34,933.1,2.44,4.44,2.06,NASA POWER Daily API,47.16
20250402,Ribeirao Preto - SP,-21.1775,-47.8103,proximidade_agua,chuva,79.04,5.47,163.6,11.93,2.8,14.07,1,2.0,2.0,26.36,68.16,932.2,1.63,3.35,2.16,NASA POWER Daily API,96.2
20250403,Ribeirao Preto - SP,-21.1775,-47.8103,campo,chuva,92.18,7.42,256.83,20.13,4.8,10.58,1,2.0,0.0,25.8,70.68,932.2,2.93,5.21,2.0,NASA POWER Daily API,100.0
20250404,Ribeirao Preto - SP,-21.1775,-47.8103,transporte,garoa,88.55,7.11,392.01,17.35,2.8,0.41,0,4.0,1.0,25.23,70.42,933.2,1.29,3.27,2.53,NASA POWER Daily API,76.0
20250405,Ribeirao Preto - SP,-21.1775,-47.8103,campo,chuva,96.5,4.89,109.63,11.31,1.8,5.33,1,2.0,0.0,21.79,82.35,936.3,7.53,3.14,5.57,NASA POWER Daily API,79.31
20250406,Ribeirao Preto - SP,-21.1775,-47.8103,campo,garoa,76.99,6.76,239.21,8.38,2.8,0.13,0,4.0,0.0,22.13,70.12,936.7,1.99,3.02,4.32,NASA POWER Daily API,54.44
20250407,Ribeirao Preto - SP,-21.1775,-47.8103,campo,sol,73.32,2.34,223.02,22.61,2.8,0.0,0,0.0,0.0,22.52,67.0,934.9,10.39,1.89,3.86,NASA POWER Daily API,60.49
20250408,Ribeirao Preto - SP,-21.1775,-47.8103,transporte,garoa,61.25,11.04,339.83,20.77,1.8,0.01,0,4.0,1.0,23.88,63.03,933.4,1.69,4.39,2.87,NASA POWER Daily API,67.67
20250409,Ribeirao Preto - SP,-21.1775,-47.8103,transporte,garoa,61.16,3.69,60.56,24.89,1.8,2.7,0,4.0,1.0,24.66,67.24,932.7,1.39,2.98,3.13,NASA POWER Daily API,82.51
20250410,Ribeirao Preto - SP,-21.1775,-47.8103,campo,garoa,45.56,6.16,167.23,15.34,1.8,1.27,0,4.0,0.0,24.46,70.82,931.7,20.27,4.07,2.11,NASA POWER Daily API,46.37
20250411,Ribeirao Preto - SP,-21.1775,-47.8103,transporte,garoa,38.37,2.61,122.76,18.05,2.8,0.03,0,4.0,1.0,24.42,63.05,931.2,1.21,5.41,2.57,NASA POWER Daily API,56.88
20250412,Ribeirao Preto - SP,-21.1775,-47.8103,proximidade_agua,garoa,31.97,7.43,405.84,3.11,1.8,0.33,0,4.0,2.0,24.38,63.42,931.6,3.72,3.07,2.26,NASA POWER Daily API,31.45
20250413,Ribeirao Preto - SP,-21.1775,-47.8103,transporte,garoa,41.07,3.94,401.19,20.76,2.8,0.96,0,4.0,1.0,23.92,66.24,931.9,19.63,4.05,3.23,NASA POWER Daily API,51.31
20250414,Ribeirao Preto - SP,-21.1775,-47.8103,campo,garoa,40.64,0.26,96.02,9.27,1.8,0.53,0,4.0,0.0,24.44,64.52,931.5,23.84,10.58,1.95,NASA POWER Daily API,30.42
20250415,Ribeirao Preto - SP,-21.1775,-47.8103,campo,chuva,50.42,8.04,112.72,3.07,2.8,5.28,0,2.0,0.0,24.5,68.12,931.7,6.94,5.29,2.32,NASA POWER Daily API,44.92
20250416,Ribeirao Preto - SP,-21.1775,-47.8103,campo,garoa,54.2,8.16,226.58,9.69,2.8,2.7,0,4.0,0.0,24.55,70.81,931.0,6.13,20.91,2.01,NASA POWER Daily API,48.03
20250417,Ribeirao Preto - SP,-21.1775,-47.8103,campo,garoa,47.11,3.24,296.71,15.32,1.8,0.87,0,4.0,0.0,25.2,65.36,932.2,9.06,8.75,1.72,NASA POWER Daily API,43.33
20250418,Ribeirao Preto - SP,-21.1775,-47.8103,campo,garoa,47.13,5.13,286.04,7.87,1.8,0.55,0,4.0,0.0,25.19,66.19,932.7,7.02,1.9,2.13,NASA POWER Daily API,35.67
20250419,Ribeirao Preto - SP,-21.1775,-47.8103,campo,garoa,43.57,3.99,191.87,12.11,1.8,0.56,0,4.0,0.0,24.04,71.67,931.4,6.93,4.79,2.67,NASA POWER Daily API,38.8
20250420,Ribeirao Preto - SP,-21.1775,-47.8103,campo,garoa,40.8,8.96,31.13,11.06,2.8,0.09,0,4.0,0.0,24.14,67.11,930.4,1.86,3.76,2.41,NASA POWER Daily API,67.31
20250421,Ribeirao Preto - SP,-21.1775,-47.8103,campo,garoa,48.27,6.56,109.4,9.8,1.8,0.04,0,4.0,0.0,23.76,64.87,930.3,2.36,4.74,3.06,NASA POWER Daily API,45.61
20250422,Ribeirao Preto - SP,-21.1775,-47.8103,transporte,garoa,32.56,14.13,174.92,21.02,3.8,0.06,0,4.0,1.0,23.36,64.02,930.9,4.23,4.81,2.75,NASA POWER Daily API,61.14
20250423,Ribeirao Preto - SP,-21.1775,-47.8103,manutencao,garoa,25.19,8.82,162.91,0.0,1.8,0.26,0,4.0,3.0,24.12,64.05,931.6,3.45,4.33,2.19,NASA POWER Daily API,22.92
20250424,Ribeirao Preto - SP,-21.1775,-47.8103,campo,garoa,40.72,4.98,105.61,4.23,2.8,3.44,0,4.0,0.0,24.08,72.41,930.8,9.88,3.8,2.73,NASA POWER Daily API,34.06
20250425,Ribeirao Preto - SP,-21.1775,-47.8103,transporte,chuva,50.99,6.97,223.72,27.01,1.8,7.27,0,2.0,1.0,22.42,83.59,930.1,3.02,4.82,1.91,NASA POWER Daily API,73.75
20250426,Ribeirao Preto - SP,-21.1775,-47.8103,campo,chuva,65.27,5.59,102.9,4.01,3.8,5.26,0,2.0,0.0,23.45,77.74,930.1,16.0,8.65,2.08,NASA POWER Daily API,50.22
20250427,Ribeirao Preto - SP,-21.1775,-47.8103,campo,garoa,52.68,6.12,312.6,14.38,2.8,0.05,0,4.0,0.0,23.94,74.56,930.0,6.1,4.64,2.16,NASA POWER Daily API,48.37
20250428,Ribeirao Preto - SP,-21.1775,-47.8103,campo,garoa,66.55,0.0,212.6,11.49,1.8,1.24,0,4.0,0.0,23.21,76.86,930.1,13.99,3.33,3.12,NASA POWER Daily API,41.47
20250429,Ribeirao Preto - SP,-21.1775,-47.8103,proximidade_agua,garoa,68.46,8.73,258.83,9.67,2.8,0.38,0,4.0,2.0,23.18,74.06,930.4,15.83,3.28,1.87,NASA POWER Daily API,54.24
20250430,Ribeirao Preto - SP,-21.1775,-47.8103,transporte,garoa,57.19,5.32,88.54,20.93,1.8,0.03,0,4.0,1.0,22.27,64.15,931.8,12.23,6.32,2.42,NASA POWER Daily API,55.22
20250501,Ribeirao Preto - SP,-21.1775,-47.8103,transporte,sol,51.91,3.91,173.21,16.6,1.8,0.0,0,0.0,1.0,21.54,63.54,933.2,5.66,10.54,2.38,NASA POWER Daily API,46.17
20250502,Ribeirao Preto - SP,-21.1775,-47.8103,manutencao,sol,33.0,0.0,298.78,6.46,1.8,0.0,0,0.0,3.0,21.82,61.68,934.5,4.22,3.94,3.05,NASA POWER Daily API,23.63
20250503,Ribeirao Preto - SP,-21.1775,-47.8103,campo,sol,27.32,9.61,252.01,10.61,2.8,0.0,0,0.0,0.0,22.1,56.88,934.8,16.11,8.57,2.59,NASA POWER Daily API,39.33
20250504,Ribeirao Preto - SP,-21.1775,-47.8103,transporte,sol,27.05,7.37,177.36,13.89,1.8,0.0,0,0.0,1.0,21.73,56.22,935.0,5.88,7.13,3.43,NASA POWER Daily API,38.84
20250505,Ribeirao Preto - SP,-21.1775,-47.8103,proximidade_agua,sol,19.59,3.59,179.58,11.58,2.8,0.0,0,0.0,2.0,21.06,61.27,935.7,1.93,6.46,3.66,NASA POWER Daily API,41.84
20250506,Ribeirao Preto - SP,-21.1775,-47.8103,transporte,sol,21.41,4.67,305.79,14.48,2.8,0.0,0,0.0,1.0,21.93,58.65,933.9,7.94,7.16,2.49,NASA POWER Daily API,37.27
20250507,Ribeirao Preto - SP,-21.1775,-47.8103,campo,garoa,24.15,4.39,280.68,17.23,1.8,0.02,0,4.0,0.0,23.39,57.81,933.8,2.4,10.15,2.82,NASA POWER Daily API,45.11
20250508,Ribeirao Preto - SP,-21.1775,-47.8103,campo,sol,19.24,4.96,280.65,14.43,2.8,0.0,0,0.0,0.0,24.01,54.73,934.0,8.44,3.61,3.33,NASA POWER Daily API,36.86
20250509,Ribeirao Preto - SP,-21.1775,-47.8103,transporte,sol,24.76,5.24,93.08,22.81,2.8,0.0,0,0.0,1.0,23.96,54.0,933.7,1.95,4.48,3.16,NASA POWER Daily API,55.3
20250510,Ribeirao Preto - SP,-21.1775,-47.8103,transporte,garoa,16.16,3.94,360.5,19.63,2.8,0.09,0,4.0,1.0,24.8,49.48,934.7,1.44,3.69,2.89,NASA POWER Daily API,53.4
20250511,Ribeirao Preto - SP,-21.1775,-47.8103,campo,garoa,35.14,0.0,202.21,16.28,1.8,2.85,0,4.0,0.0,22.68,68.96,936.2,1.22,3.19,2.8,NASA POWER Daily API,51.14
20250512,Ribeirao Preto - SP,-21.1775,-47.8103,manutencao,garoa,34.55,1.6,352.99,8.13,1.8,0.52,0,4.0,3.0,22.18,66.51,937.3,33.55,4.91,4.29,NASA POWER Daily API,28.16
20250513,Ribeirao Preto - SP,-21.1775,-47.8103,campo,garoa,28.97,1.11,158.12,21.82,1.8,0.18,0,4.0,0.0,22.19,63.99,936.9,9.59,2.9,3.53,NASA POWER Daily API,42.79
20250514,Ribeirao Preto - SP,-21.1775,-47.8103,campo,garoa,25.62,0.49,162.49,20.79,1.8,0.02,0,4.0,0.0,21.19,63.62,936.7,4.81,3.42,3.22,NASA POWER Daily API,39.71
20250515,Ribeirao Preto - SP,-21.1775,-47.8103,manutencao,garoa,32.47,6.02,277.11,12.1,2.8,0.01,0,4.0,3.0,20.63,62.81,937.3,3.8,6.66,3.93,NASA POWER Daily API,38.81
20250516,Ribeirao Preto - SP,-21.1775,-47.8103,proximidade_agua,garoa,33.1,6.71,215.85,11.57,1.8,0.01,0,4.0,2.0,21.09,59.74,937.6,2.69,4.27,3.63,NASA POWER Daily API,46.89
20250517,Ribeirao Preto - SP,-21.1775,-47.8103,campo,sol,27.48,4.3,321.32,12.64,1.8,0.0,0,0.0,0.0,21.96,57.03,936.6,9.84,3.69,4.25,NASA POWER Daily API,34.07
20250518,Ribeirao Preto - SP,-21.1775,-47.8103,transporte,garoa,27.25,9.32,198.75,11.58,3.8,0.03,0,4.0,1.0,22.68,53.29,936.5,40.66,6.88,4.07,NASA POWER Daily API,42.28
20250519,Ribeirao Preto - SP,-21.1775,-47.8103,campo,garoa,14.49,8.79,115.34,7.42,1.8,0.01,0,4.0,0.0,22.51,46.73,936.1,8.23,6.97,3.37,NASA POWER Daily API,28.4
20250520,Ribeirao Preto - SP,-21.1775,-47.8103,transporte,sol,24.63,5.5,296.74,15.98,1.8,0.0,0,0.0,1.0,21.96,45.9,936.0,3.91,3.18,2.79,NASA POWER Daily API,38.69
20250521,Ribeirao Preto - SP,-21.1775,-47.8103,proximidade_agua,garoa,13.79,4.02,262.7,15.72,1.8,0.02,0,4.0,2.0,21.84,43.92,935.6,2.17,3.2,2.95,NASA POWER Daily API,43.61
20250522,Ribeirao Preto - SP,-21.1775,-47.8103,campo,sol,15.47,3.18,270.92,16.3,3.8,0.0,0,0.0,0.0,22.12,39.02,935.6,5.92,4.34,2.67,NASA POWER Daily API,38.23
20250523,Ribeirao Preto - SP,-21.1775,-47.8103,transporte,garoa,23.32,6.3,298.03,25.01,2.8,0.01,0,4.0,1.0,22.01,44.24,936.0,19.85,6.4,2.09,NASA POWER Daily API,52.58
20250524,Ribeirao Preto - SP,-21.1775,-47.8103,campo,garoa,24.04,7.73,234.69,11.55,2.8,0.01,0,4.0,0.0,21.75,53.24,936.9,12.12,9.35,3.45,NASA POWER Daily API,37.41
20250525,Ribeirao Preto - SP,-21.1775,-47.8103,campo,sol,20.07,4.45,97.55,19.48,2.8,0.0,0,0.0,0.0,22.0,53.11,936.8,9.61,5.85,3.86,NASA POWER Daily API,42.69
20250526,Ribeirao Preto - SP,-21.1775,-47.8103,campo,garoa,18.51,2.4,356.92,12.51,1.8,0.02,0,4.0,0.0,21.75,53.19,936.2,27.54,3.95,4.16,NASA POWER Daily API,29.27
20250527,Ribeirao Preto - SP,-21.1775,-47.8103,transporte,garoa,22.22,1.8,194.23,21.64,2.8,0.01,0,4.0,1.0,21.93,52.09,935.4,6.27,15.82,4.57,NASA POWER Daily API,43.42
20250528,Ribeirao Preto - SP,-21.1775,-47.8103,proximidade_agua,garoa,22.62,4.69,155.54,6.75,2.8,0.01,0,4.0,2.0,23.1,47.63,935.3,8.82,9.03,4.81,NASA POWER Daily API,31.91
20250529,Ribeirao Preto - SP,-21.1775,-47.8103,proximidade_agua,garoa,34.94,3.75,252.03,10.2,2.8,0.41,0,4.0,2.0,16.72,70.82,937.5,1.08,5.15,3.25,NASA POWER Daily API,51.15
20250530,Ribeirao Preto - SP,-21.1775,-47.8103,campo,sol,14.74,8.85,222.94,18.07,1.8,0.0,0,0.0,0.0,17.05,47.47,937.0,2.68,6.37,2.44,NASA POWER Daily API,47.78
20250531,Ribeirao Preto - SP,-21.1775,-47.8103,transporte,sol,15.86,0.89,218.53,14.5,2.8,0.0,0,0.0,1.0,19.42,42.61,936.5,38.03,1.54,2.84,NASA POWER Daily API,31.48
20250601,Ribeirao Preto - SP,-21.1775,-47.8103,campo,garoa,23.26,2.65,196.47,10.19,1.8,0.01,0,4.0,0.0,20.48,36.65,937.5,9.32,2.43,2.86,NASA POWER Daily API,27.95
20250602,Ribeirao Preto - SP,-21.1775,-47.8103,campo,garoa,24.44,4.81,124.98,16.61,1.8,0.19,0,4.0,0.0,21.47,49.29,938.0,2.75,2.43,3.83,NASA POWER Daily API,44.74
20250603,Ribeirao Preto - SP,-21.1775,-47.8103,campo,garoa,34.03,6.38,277.16,10.28,1.8,2.1,0,4.0,0.0,22.15,59.74,936.8,17.69,3.65,3.27,NASA POWER Daily API,37.25
20250604,Ribeirao Preto - SP,-21.1775,-47.8103,campo,garoa,22.44,3.68,295.8,8.72,1.8,0.49,0,4.0,0.0,22.99,58.96,935.2,0.81,3.64,3.02,NASA POWER Daily API,39.57
20250605,Ribeirao Preto - SP,-21.1775,-47.8103,campo,garoa,35.12,1.76,267.03,16.7,1.8,0.43,0,4.0,0.0,23.45,50.03,934.6,5.18,5.35,3.35,NASA POWER Daily API,39.32
20250606,Ribeirao Preto - SP,-21.1775,-47.8103,transporte,garoa,24.8,9.58,254.43,18.29,1.8,0.04,0,4.0,1.0,22.55,52.34,935.0,12.83,7.57,2.88,NASA POWER Daily API,46.02
20250607,Ribeirao Preto - SP,-21.1775,-47.8103,campo,garoa,36.54,9.71,267.57,8.2,2.8,0.03,0,4.0,0.0,22.27,56.53,934.2,7.83,1.87,2.57,NASA POWER Daily API,39.26
20250608,Ribeirao Preto - SP,-21.1775,-47.8103,transporte,garoa,38.37,7.34,152.54,15.18,2.8,2.07,0,4.0,1.0,22.17,51.6,932.5,11.26,6.9,3.52,NASA POWER Daily API,48.1
20250609,Ribeirao Preto - SP,-21.1775,-47.8103,transporte,chuva,44.34,6.21,179.1,17.92,2.8,5.31,0,2.0,1.0,20.66,68.39,933.2,27.9,6.26,2.9,NASA POWER Daily API,59.66
20250610,Ribeirao Preto - SP,-21.1775,-47.8103,transporte,garoa,47.03,0.0,323.88,17.37,1.8,1.53,0,4.0,1.0,18.58,74.98,934.9,14.08,2.5,2.91,NASA POWER Daily API,42.9
20250611,Ribeirao Preto - SP,-21.1775,-47.8103,manutencao,garoa,48.85,6.43,160.65,7.42,2.8,0.06,0,4.0,3.0,15.91,62.82,936.1,1.84,12.17,3.41,NASA POWER Daily API,44.43
20250612,Ribeirao Preto - SP,-21.1775,-47.8103,campo,sol,40.31,1.69,299.59,14.14,1.8,0.0,0,0.0,0.0,14.85,64.43,936.3,5.93,27.64,4.34,NASA POWER Daily API,38.08
20250613,Ribeirao Preto - SP,-21.1775,-47.8103,campo,sol,36.54,2.27,360.63,15.81,1.8,0.0,0,0.0,0.0,16.69,62.62,937.5,9.35,9.87,5.52,NASA POWER Daily API,38.55
20250614,Ribeirao Preto - SP,-21.1775,-47.8103,campo,sol,39.01,6.42,327.51,13.43,1.8,0.0,0,0.0,0.0,17.53,57.85,938.8,7.85,1.97,5.89,NASA POWER Daily API,40.59
20250615,Ribeirao Preto - SP,-21.1775,-47.8103,campo,sol,38.93,4.3,187.78,15.74,3.8,0.0,0,0.0,0.0,18.93,57.34,937.6,11.91,5.85,4.65,NASA POWER Daily API,45.61
20250616,Ribeirao Preto - SP,-21.1775,-47.8103,proximidade_agua,sol,19.09,8.56,5.0,5.36,1.8,0.0,0,0.0,2.0,20.33,54.89,938.6,3.49,3.86,3.47,NASA POWER Daily API,56.28
20250617,Ribeirao Preto - SP,-21.1775,-47.8103,transporte,garoa,30.18,3.31,170.09,13.24,3.8,0.08,0,4.0,1.0,19.32,58.01,938.7,8.13,6.31,4.58,NASA POWER Daily API,38.82
20250618,Ribeirao Preto - SP,-21.1775,-47.8103,transporte,garoa,24.92,4.31,378.83,19.03,2.8,0.01,0,4.0,1.0,19.78,59.86,938.1,14.23,2.22,3.9,NASA POWER Daily API,43.35
20250619,Ribeirao Preto - SP,-21.1775,-47.8103,campo,sol,15.69,3.56,316.29,9.24,1.8,0.0,0,0.0,0.0,20.71,51.4,937.7,31.23,4.88,2.59,NASA POWER Daily API,25.43
20250620,Ribeirao Preto - SP,-21.1775,-47.8103,proximidade_agua,sol,25.54,5.87,273.78,16.28,2.8,0.0,0,0.0,2.0,20.95,54.15,935.7,2.81,8.56,3.27,NASA POWER Daily API,51.9
20250621,Ribeirao Preto - SP,-21.1775,-47.8103,campo,sol,17.57,0.0,152.65,14.47,1.8,0.0,0,0.0,0.0,21.23,47.89,933.3,8.77,3.71,2.97,NASA POWER Daily API,29.1
20250622,Ribeirao Preto - SP,-21.1775,-47.8103,transporte,sol,20.82,7.38,223.52,21.36,1.8,0.0,0,0.0,1.0,22.53,45.15,931.1,3.06,6.08,3.81,NASA POWER Daily API,46.59
20250623,Ribeirao Preto - SP,-21.1775,-47.8103,campo,garoa,30.47,6.83,127.95,8.29,1.8,0.53,0,4.0,0.0,22.68,55.3,930.5,8.85,4.63,5.25,NASA POWER Daily API,33.11
20250624,Ribeirao Preto - SP,-21.1775,-47.8103,transporte,garoa,24.84,0.0,5.0,18.15,1.8,2.11,0,4.0,1.0,14.09,58.04,936.2,40.73,2.89,4.33,NASA POWER Daily API,63.18
20250625,Ribeirao Preto - SP,-21.1775,-47.8103,campo,garoa,16.58,1.3,108.21,10.98,1.8,0.02,0,4.0,0.0,15.97,47.04,936.1,9.39,7.13,3.02,NASA POWER Daily API,25.63
20250626,Ribeirao Preto - SP,-21.1775,-47.8103,campo,garoa,29.1,2.0,95.72,5.25,2.8,0.01,0,4.0,0.0,20.89,58.97,935.8,1.25,4.78,4.26,NASA POWER Daily API,37.12
20250627,Ribeirao Preto - SP,-21.1775,-47.8103,transporte,garoa,35.45,3.65,267.93,23.9,1.8,0.01,0,4.0,1.0,22.2,54.73,936.6,7.94,6.72,2.65,NASA POWER Daily API,49.86
20250628,Ribeirao Preto - SP,-21.1775,-47.8103,campo,sol,28.16,1.25,257.09,9.81,2.8,0.0,0,0.0,0.0,22.28,52.87,936.3,13.95,6.0,4.64,NASA POWER Daily API,29.7
20250629,Ribeirao Preto - SP,-21.1775,-47.8103,proximidade_agua,sol,30.47,10.29,207.11,8.74,2.8,0.0,0,0.0,2.0,21.97,54.46,935.9,2.08,6.5,4.15,NASA POWER Daily API,48.58
20250630,Ribeirao Preto - SP,-21.1775,-47.8103,campo,garoa,16.74,7.1,331.65,4.66,1.8,0.01,0,4.0,0.0,22.89,46.24,936.7,0.66,3.97,2.21,NASA POWER Daily API,35.81
20250701,Ribeirao Preto - SP,-21.1775,-47.8103,transporte,sol,24.44,5.79,274.84,11.28,1.8,0.0,0,0.0,1.0,21.39,61.91,938.2,7.85,13.79,2.85,NASA POWER Daily API,32.91
20250702,Ribeirao Preto - SP,-21.1775,-47.8103,proximidade_agua,sol,22.81,2.53,122.07,13.07,1.8,0.0,0,0.0,2.0,20.52,58.73,939.6,4.36,3.73,3.4,NASA POWER Daily API,35.13
20250703,Ribeirao Preto - SP,-21.1775,-47.8103,campo,sol,23.77,1.45,188.01,10.38,1.8,0.0,0,0.0,0.0,18.83,62.16,940.2,8.56,5.65,3.44,NASA POWER Daily API,26.88
20250704,Ribeirao Preto - SP,-21.1775,-47.8103,campo,sol,24.78,12.41,390.24,7.26,1.8,0.0,0,0.0,0.0,18.28,60.69,939.6,2.7,8.86,3.13,NASA POWER Daily API,40.84
20250705,Ribeirao Preto - SP,-21.1775,-47.8103,campo,sol,25.83,11.89,209.11,15.18,2.8,0.0,0,0.0,0.0,17.97,58.61,939.1,20.21,3.1,2.55,NASA POWER Daily API,46.69
20250706,Ribeirao Preto - SP,-21.1775,-47.8103,manutencao,sol,18.0,3.97,117.48,3.84,1.8,0.0,0,0.0,3.0,18.16,49.81,937.9,0.73,4.36,2.37,NASA POWER Daily API,31.79
20250707,Ribeirao Preto - SP,-21.1775,-47.8103,campo,sol,24.18,8.03,245.95,8.82,1.8,0.0,0,0.0,0.0,18.18,49.77,938.4,5.91,11.22,2.63,NASA POWER Daily API,32.09
20250708,Ribeirao Preto - SP,-21.1775,-47.8103,campo,sol,19.38,1.89,84.03,13.38,2.8,0.0,0,0.0,0.0,18.79,54.71,938.4,19.87,18.51,2.64,NASA POWER Daily API,34.13
20250709,Ribeirao Preto - SP,-21.1775,-47.8103,campo,sol,19.68,1.34,269.21,12.53,1.8,0.0,0,0.0,0.0,19.1,49.95,938.9,9.32,2.65,3.11,NASA POWER Daily API,28.32
20250710,Ribeirao Preto - SP,-21.1775,-47.8103,campo,sol,22.68,5.94,151.92,17.35,1.8,0.0,0,0.0,0.0,19.04,51.56,940.1,2.57,7.36,3.91,NASA POWER Daily API,45.99
20250711,Ribeirao Preto - SP,-21.1775,-47.8103,campo,sol,27.5,0.0,165.38,6.09,1.8,0.0,0,0.0,0.0,19.39,57.52,940.7,16.39,1.78,4.08,NASA POWER Daily API,21.08
20250712,Ribeirao Preto - SP,-21.1775,-47.8103,transporte,sol,22.28,10.56,246.7,13.7,1.8,0.0,0,0.0,1.0,19.68,59.15,939.8,32.4,7.34,4.03,NASA POWER Daily API,40.18
20250713,Ribeirao Preto - SP,-21.1775,-47.8103,transporte,sol,21.83,4.75,164.27,11.3,1.8,0.0,0,0.0,1.0,20.17,55.15,939.7,27.65,4.02,3.69,NASA POWER Daily API,30.95
20250714,Ribeirao Preto - SP,-21.1775,-47.8103,campo,sol,19.93,12.6,210.75,16.92,1.8,0.0,0,0.0,0.0,20.32,45.77,939.6,5.78,4.99,2.56,NASA POWER Daily API,45.66
20250715,Ribeirao Preto - SP,-21.1775,-47.8103,campo,sol,16.44,8.34,141.97,12.0,3.8,0.0,0,0.0,0.0,19.65,41.56,938.1,7.92,4.52,2.76,NASA POWER Daily API,38.39
20250716,Ribeirao Preto - SP,-21.1775,-47.8103,transporte,sol,16.33,6.69,358.35,21.56,2.8,0.0,0,0.0,1.0,19.85,43.32,936.8,6.55,9.69,2.37,NASA POWER Daily API,46.52
20250717,Ribeirao Preto - SP,-21.1775,-47.8103,transporte,sol,21.91,7.85,233.35,17.52,1.8,0.0,0,0.0,1.0,20.1,40.67,936.1,39.91,7.01,3.12,NASA POWER Daily API,42.26
20250718,Ribeirao Preto - SP,-21.1775,-47.8103,campo,sol,14.81,5.62,224.0,13.8,1.8,0.0,0,0.0,0.0,20.77,40.17,935.6,3.51,2.21,2.74,NASA POWER Daily API,33.17
20250719,Ribeirao Preto - SP,-21.1775,-47.8103,transporte,sol,12.44,4.46,166.72,21.21,1.8,0.0,0,0.0,1.0,19.08,50.42,937.2,1.16,17.3,2.62,NASA POWER Daily API,52.58
20250720,Ribeirao Preto - SP,-21.1775,-47.8103,transporte,sol,17.93,0.97,294.73,19.19,2.8,0.0,0,0.0,1.0,20.09,38.54,936.3,7.93,7.89,2.46,NASA POWER Daily API,38.06
20250721,Ribeirao Preto - SP,-21.1775,-47.8103,transporte,sol,26.33,9.13,155.51,26.18,2.8,0.0,0,0.0,1.0,21.61,48.72,935.0,8.12,5.15,2.94,NASA POWER Daily API,57.98
20250722,Ribeirao Preto - SP,-21.1775,-47.8103,campo,sol,16.61,1.14,348.24,19.14,1.8,0.0,0,0.0,0.0,21.68,41.75,935.1,5.89,2.85,2.68,NASA POWER Daily API,35.72
20250723,Ribeirao Preto - SP,-21.1775,-47.8103,transporte,sol,27.72,3.28,9.77,23.64,2.8,0.0,0,0.0,1.0,20.96,42.87,936.6,19.81,9.59,2.79,NASA POWER Daily API,73.04
20250724,Ribeirao Preto - SP,-21.1775,-47.8103,transporte,sol,7.16,5.59,262.83,18.39,2.8,0.0,0,0.0,1.0,21.37,41.77,935.7,2.85,13.61,2.81,NASA POWER Daily API,44.73
20250725,Ribeirao Preto - SP,-21.1775,-47.8103,campo,garoa,21.54,6.4,126.63,14.8,1.8,0.77,0,4.0,0.0,22.04,46.73,934.6,1.73,6.39,3.1,NASA POWER Daily API,44.06
20250726,Ribeirao Preto - SP,-21.1775,-47.8103,campo,garoa,22.37,10.76,383.06,10.95,1.8,0.02,0,4.0,0.0,21.71,44.01,935.0,8.0,3.5,2.77,NASA POWER Daily API,37.34
20250727,Ribeirao Preto - SP,-21.1775,-47.8103,campo,garoa,20.85,6.19,135.1,9.91,1.8,0.02,0,4.0,0.0,22.75,38.62,933.7,3.32,5.89,3.77,NASA POWER Daily API,30.87
20250728,Ribeirao Preto - SP,-21.1775,-47.8103,campo,garoa,37.03,2.76,160.91,18.47,1.8,4.35,0,4.0,0.0,23.03,47.63,933.7,7.6,4.5,5.92,NASA POWER Daily API,46.94
20250729,Ribeirao Preto - SP,-21.1775,-47.8103,campo,garoa,40.64,9.06,212.26,7.93,2.8,1.16,0,4.0,0.0,17.22,56.87,936.0,4.79,10.84,3.73,NASA POWER Daily API,40.42
20250730,Ribeirao Preto - SP,-21.1775,-47.8103,campo,garoa,32.65,10.23,131.67,14.61,1.8,0.06,0,4.0,0.0,15.76,37.26,937.1,80.0,3.29,2.85,NASA POWER Daily API,44.33
20250731,Ribeirao Preto - SP,-21.1775,-47.8103,transporte,garoa,28.23,1.53,199.8,19.01,4.8,0.01,0,4.0,1.0,17.29,43.4,938.2,4.42,4.56,4.34,NASA POWER Daily API,45.69
20250801,Ribeirao Preto - SP,-21.1775,-47.8103,proximidade_agua,sol,28.66,9.05,233.11,1.69,1.8,0.0,0,0.0,2.0,19.73,44.92,939.3,8.65,9.19,4.63,NASA POWER Daily API,29.53
20250802,Ribeirao Preto - SP,-21.1775,-47.8103,campo,garoa,34.5,5.92,274.88,5.45,1.8,0.01,0,4.0,0.0,20.18,40.29,939.0,2.66,4.79,4.57,NASA POWER Daily API,34.73
20250803,Ribeirao Preto - SP,-21.1775,-47.8103,proximidade_agua,sol,26.49,2.74,244.66,5.67,3.8,0.0,0,0.0,2.0,20.43,38.82,938.0,10.26,3.99,4.0,NASA POWER Daily API,31.62
20250804,Ribeirao Preto - SP,-21.1775,-47.8103,campo,sol,24.86,6.48,5.0,22.89,1.8,0.0,0,0.0,0.0,21.15,36.24,937.3,10.24,9.0,3.48,NASA POWER Daily API,73.83
20250805,Ribeirao Preto - SP,-21.1775,-47.8103,campo,garoa,24.82,4.14,105.47,13.23,2.8,0.24,0,4.0,0.0,19.85,48.48,938.0,3.7,9.69,2.76,NASA POWER Daily API,36.12
20250806,Ribeirao Preto - SP,-21.1775,-47.8103,campo,garoa,20.46,4.31,204.48,4.92,1.8,0.02,0,4.0,0.0,19.22,52.52,936.8,9.2,5.6,2.79,NASA POWER Daily API,22.33
20250807,Ribeirao Preto - SP,-21.1775,-47.8103,campo,sol,29.49,10.34,287.75,11.33,1.8,0.0,0,0.0,0.0,21.47,47.33,934.3,7.52,6.84,3.12,NASA POWER Daily API,39.54
20250808,Ribeirao Preto - SP,-21.1775,-47.8103,campo,garoa,21.71,5.11,276.88,17.67,1.8,0.04,0,4.0,0.0,23.0,43.03,932.5,7.17,3.13,4.05,NASA POWER Daily API,39.8
20250809,Ribeirao Preto - SP,-21.1775,-47.8103,campo,sol,18.64,6.32,254.18,5.63,1.8,0.0,0,0.0,0.0,17.19,51.39,934.7,9.31,3.02,4.86,NASA POWER Daily API,24.91
20250810,Ribeirao Preto - SP,-21.1775,-47.8103,campo,sol,14.24,3.19,214.52,13.77,2.8,0.0,0,0.0,0.0,14.07,36.46,935.8,11.52,3.26,2.82,NASA POWER Daily API,32.55
20250811,Ribeirao Preto - SP,-21.1775,-47.8103,campo,sol,13.73,4.16,97.93,10.44,2.8,0.0,0,0.0,0.0,14.88,49.87,935.0,5.65,16.0,2.86,NASA POWER Daily API,29.39
20250812,Ribeirao Preto - SP,-21.1775,-47.8103,transporte,garoa,17.57,5.0,246.5,26.62,1.8,0.09,0,4.0,1.0,16.18,45.45,934.4,3.6,2.32,2.54,NASA POWER Daily API,49.54
20250813,Ribeirao Preto - SP,-21.1775,-47.8103,campo,sol,7.25,4.02,132.76,16.83,1.8,0.0,0,0.0,0.0,19.01,33.51,934.8,10.77,2.05,3.25,NASA POWER Daily API,33.07
20250814,Ribeirao Preto - SP,-21.1775,-47.8103,campo,sol,5.44,4.14,397.95,16.19,2.8,0.0,0,0.0,0.0,20.47,26.8,936.2,3.1,9.4,3.14,NASA POWER Daily API,33.9
20250815,Ribeirao Preto - SP,-21.1775,-47.8103,proximidade_agua,sol,18.55,1.19,231.87,8.25,1.8,0.0,0,0.0,2.0,20.43,46.75,936.9,20.85,3.63,3.18,NASA POWER Daily API,26.61
20250816,Ribeirao Preto - SP,-21.1775,-47.8103,campo,sol,23.03,0.75,146.38,12.24,2.8,0.0,0,0.0,0.0,22.98,44.73,935.4,6.02,4.16,3.21,NASA POWER Daily API,30.74
20250817,Ribeirao Preto - SP,-21.1775,-47.8103,campo,sol,19.0,4.55,186.71,11.58,2.8,0.0,0,0.0,0.0,23.65,40.97,935.1,3.55,6.28,2.92,NASA POWER Daily API,32.72
20250818,Ribeirao Preto - SP,-21.1775,-47.8103,campo,sol,12.39,1.82,312.28,10.02,2.8,0.0,0,0.0,0.0,23.39,36.36,935.2,4.2,3.97,2.48,NASA POWER Daily API,25.91
20250819,Ribeirao Preto - SP,-21.1775,-47.8103,transporte,garoa,15.12,4.13,124.14,13.8,2.8,0.09,0,4.0,1.0,23.42,40.5,934.3,1.9,7.52,5.42,NASA POWER Daily API,40.03
20250820,Ribeirao Preto - SP,-21.1775,-47.8103,campo,garoa,20.81,6.46,264.15,21.83,3.8,0.01,0,4.0,0.0,25.29,37.55,934.1,39.17,13.1,5.27,NASA POWER Daily API,50.31
20250821,Ribeirao Preto - SP,-21.1775,-47.8103,transporte,sol,11.81,4.46,314.06,13.21,1.8,0.0,0,0.0,1.0,26.64,36.4,934.2,57.92,5.88,2.55,NASA POWER Daily API,30.41
20250822,Ribeirao Preto - SP,-21.1775,-47.8103,campo,sol,11.82,6.99,81.29,8.22,1.8,0.0,0,0.0,0.0,26.64,30.21,933.2,0.85,4.19,5.03,NASA POWER Daily API,41.52
20250823,Ribeirao Preto - SP,-21.1775,-47.8103,campo,garoa,10.53,3.74,125.35,3.79,2.8,0.05,0,4.0,0.0,25.22,28.02,933.5,2.0,5.13,4.28,NASA POWER Daily API,25.75
20250824,Ribeirao Preto - SP,-21.1775,-47.8103,proximidade_agua,garoa,16.05,4.02,26.66,11.07,1.8,0.05,0,4.0,2.0,25.89,31.1,934.2,7.85,3.18,2.71,NASA POWER Daily API,51.6
20250825,Ribeirao Preto - SP,-21.1775,-47.8103,manutencao,garoa,21.06,7.2,306.05,9.46,1.8,0.2,0,4.0,3.0,25.62,34.49,936.0,1.36,4.16,2.25,NASA POWER Daily API,43.44
20250826,Ribeirao Preto - SP,-21.1775,-47.8103,proximidade_agua,garoa,22.27,3.88,232.51,9.01,1.8,0.07,0,4.0,2.0,25.46,36.9,936.4,6.51,7.81,3.34,NASA POWER Daily API,31.61
20250827,Ribeirao Preto - SP,-21.1775,-47.8103,transporte,garoa,10.36,0.0,276.81,22.0,3.8,0.29,0,4.0,1.0,25.47,40.78,936.8,6.59,10.96,3.95,NASA POWER Daily API,40.68
20250828,Ribeirao Preto - SP,-21.1775,-47.8103,campo,garoa,24.63,6.56,323.51,10.74,2.8,0.92,0,4.0,0.0,25.56,41.29,936.3,2.92,4.5,3.16,NASA POWER Daily API,42.26
20250829,Ribeirao Preto - SP,-21.1775,-47.8103,campo,chuva,48.59,7.24,331.51,3.78,2.8,7.42,0,2.0,0.0,22.28,53.5,935.7,2.37,3.52,2.38,NASA POWER Daily API,52.17
20250830,Ribeirao Preto - SP,-21.1775,-47.8103,campo,garoa,38.04,4.72,142.63,5.8,2.8,0.04,0,4.0,0.0,21.91,54.62,936.1,26.7,6.16,3.87,NASA POWER Daily API,31.35
20250831,Ribeirao Preto - SP,-21.1775,-47.8103,manutencao,garoa,29.58,6.99,178.57,5.48,1.8,0.01,0,4.0,3.0,22.13,52.19,936.7,18.18,6.37,4.74,NASA POWER Daily API,28.57
20250901,Ribeirao Preto - SP,-21.1775,-47.8103,campo,garoa,32.17,6.06,96.29,11.41,4.8,0.01,0,4.0,0.0,22.98,51.79,938.1,1.34,2.5,5.38,NASA POWER Daily API,54.14
20250902,Ribeirao Preto - SP,-21.1775,-47.8103,campo,sol,44.66,6.15,269.68,10.48,1.8,0.0,0,0.0,0.0,23.03,53.2,937.9,7.99,3.45,5.94,NASA POWER Daily API,38.37
20250903,Ribeirao Preto - SP,-21.1775,-47.8103,transporte,sol,25.2,8.35,213.34,18.03,2.8,0.0,0,0.0,1.0,23.08,48.12,937.0,23.07,4.42,5.32,NASA POWER Daily API,46.5
20250904,Ribeirao Preto - SP,-21.1775,-47.8103,campo,sol,24.49,5.41,93.37,12.45,1.8,0.0,0,0.0,0.0,23.42,41.18,935.8,10.02,3.01,4.37,NASA POWER Daily API,34.15
20250905,Ribeirao Preto - SP,-21.1775,-47.8103,campo,sol,17.8,4.82,185.58,20.57,2.8,0.0,0,0.0,0.0,24.85,35.76,934.4,2.47,7.1,2.84,NASA POWER Daily API,49.93
20250906,Ribeirao Preto - SP,-21.1775,-47.8103,proximidade_agua,garoa,12.79,1.6,42.51,5.23,2.8,0.01,0,4.0,2.0,25.47,36.39,934.4,8.1,2.2,3.48,NASA POWER Daily API,38.12
20250907,Ribeirao Preto - SP,-21.1775,-47.8103,campo,sol,12.53,5.25,167.41,6.64,4.8,0.0,0,0.0,0.0,26.46,43.41,935.7,5.25,1.48,4.14,NASA POWER Daily API,29.59
20250908,Ribeirao Preto - SP,-21.1775,-47.8103,transporte,sol,20.65,3.06,337.31,15.15,2.8,0.0,0,0.0,1.0,27.51,38.23,934.5,11.33,2.33,5.51,NASA POWER Daily API,36.15
20250909,Ribeirao Preto - SP,-21.1775,-47.8103,transporte,sol,20.62,2.93,292.93,17.06,1.8,0.0,0,0.0,1.0,26.54,35.13,934.0,1.98,3.54,6.61,NASA POWER Daily API,42.28
20250910,Ribeirao Preto - SP,-21.1775,-47.8103,campo,sol,10.71,5.8,249.33,9.79,2.8,0.0,0,0.0,0.0,23.91,22.77,934.8,2.78,8.96,2.66,NASA POWER Daily API,35.32
20250911,Ribeirao Preto - SP,-21.1775,-47.8103,campo,sol,10.95,4.46,249.28,11.66,1.8,0.0,0,0.0,0.0,24.14,23.96,935.0,2.7,8.86,3.78,NASA POWER Daily API,34.16
20250912,Ribeirao Preto - SP,-21.1775,-47.8103,campo,sol,5.0,6.63,162.46,8.06,4.8,0.0,0,0.0,0.0,25.46,21.91,933.2,8.28,11.8,3.9,NASA POWER Daily API,30.73
20250913,Ribeirao Preto - SP,-21.1775,-47.8103,transporte,sol,12.33,10.39,94.81,20.19,1.8,0.0,0,0.0,1.0,25.37,39.42,932.9,3.2,7.27,4.73,NASA POWER Daily API,45.61
20250914,Ribeirao Preto - SP,-21.1775,-47.8103,campo,sol,21.09,0.0,238.47,10.15,1.8,0.0,0,0.0,0.0,25.39,41.95,933.6,7.09,9.85,3.92,NASA POWER Daily API,24.73
20250915,Ribeirao Preto - SP,-21.1775,-47.8103,campo,garoa,14.16,8.02,277.49,14.11,1.8,0.08,0,4.0,0.0,27.26,34.76,932.2,2.91,10.6,3.1,NASA POWER Daily API,42.2
20250916,Ribeirao Preto - SP,-21.1775,-47.8103,campo,garoa,21.41,7.76,148.31,2.9,1.8,1.02,0,4.0,0.0,27.91,34.11,931.4,53.2,3.08,4.09,NASA POWER Daily API,25.04
20250917,Ribeirao Preto - SP,-21.1775,-47.8103,campo,garoa,12.33,9.39,189.35,9.18,1.8,0.02,0,4.0,0.0,26.31,37.05,931.6,12.81,2.99,4.0,NASA POWER Daily API,30.91
20250918,Ribeirao Preto - SP,-21.1775,-47.8103,campo,garoa,22.6,5.55,78.33,3.97,3.8,0.02,0,4.0,0.0,24.37,35.76,932.7,2.28,1.61,3.73,NASA POWER Daily API,37.17
20250919,Ribeirao Preto - SP,-21.1775,-47.8103,transporte,garoa,21.46,4.02,353.9,17.42,1.8,3.12,0,4.0,1.0,25.97,39.25,932.7,11.99,4.35,4.0,NASA POWER Daily API,41.18
20250920,Ribeirao Preto - SP,-21.1775,-47.8103,campo,garoa,30.18,5.89,445.15,16.08,1.8,0.19,0,4.0,0.0,26.83,51.66,932.1,10.5,3.2,4.19,NASA POWER Daily API,41.34
20250921,Ribeirao Preto - SP,-21.1775,-47.8103,transporte,garoa,19.34,1.96,239.23,23.42,1.8,0.58,0,4.0,1.0,28.34,42.55,928.7,16.63,6.08,5.36,NASA POWER Daily API,43.75
20250922,Ribeirao Preto - SP,-21.1775,-47.8103,campo,chuva,75.13,8.1,297.11,9.39,1.8,19.4,0,2.0,0.0,26.9,51.14,928.5,33.51,4.9,7.29,NASA POWER Daily API,71.79
20250923,Ribeirao Preto - SP,-21.1775,-47.8103,campo,garoa,66.86,5.19,140.27,13.49,1.8,1.75,0,4.0,0.0,22.42,56.92,934.2,42.53,7.64,2.1,NASA POWER Daily API,49.71
20250924,Ribeirao Preto - SP,-21.1775,-47.8103,manutencao,garoa,72.26,6.49,321.3,5.49,2.8,1.29,0,4.0,3.0,23.99,63.2,937.3,7.81,3.04,4.17,NASA POWER Daily API,44.19
20250925,Ribeirao Preto - SP,-21.1775,-47.8103,transporte,garoa,68.61,9.61,209.15,17.14,1.8,0.08,0,4.0,1.0,22.62,60.73,938.2,3.47,9.0,5.08,NASA POWER Daily API,57.57
20250926,Ribeirao Preto - SP,-21.1775,-47.8103,campo,sol,65.57,6.71,168.65,12.49,1.8,0.0,0,0.0,0.0,21.2,55.19,937.1,4.34,10.31,4.94,NASA POWER Daily API,47.8
20250927,Ribeirao Preto - SP,-21.1775,-47.8103,transporte,sol,52.37,11.53,218.28,14.08,3.8,0.0,0,0.0,1.0,21.68,50.06,935.8,19.28,10.23,4.19,NASA POWER Daily API,55.28
20250928,Ribeirao Preto - SP,-21.1775,-47.8103,campo,sol,56.13,6.55,255.89,15.31,1.8,0.0,0,0.0,0.0,24.88,43.9,934.3,14.81,11.05,3.11,NASA POWER Daily API,48.52
20250929,Ribeirao Preto - SP,-21.1775,-47.8103,transporte,sol,22.36,7.02,154.78,13.07,1.8,0.0,0,0.0,1.0,26.03,45.46,934.0,4.81,5.0,2.29,NASA POWER Daily API,36.11
20250930,Ribeirao Preto - SP,-21.1775,-47.8103,campo,sol,25.95,8.23,189.54,6.69,1.8,0.0,0,0.0,0.0,27.17,41.54,934.3,12.7,5.49,4.03,NASA POWER Daily API,30.46
20251001,Ribeirao Preto - SP,-21.1775,-47.8103,campo,sol,15.79,7.93,206.44,14.03,1.8,0.0,0,0.0,0.0,28.09,34.79,934.3,80.0,4.24,3.3,NASA POWER Daily API,36.27
20251002,Ribeirao Preto - SP,-21.1775,-47.8103,campo,garoa,19.21,4.19,210.67,11.97,1.8,0.08,0,4.0,0.0,27.35,38.51,934.6,11.21,2.0,4.1,NASA POWER Daily API,30.85
20251003,Ribeirao Preto - SP,-21.1775,-47.8103,campo,sol,20.31,7.55,62.39,8.43,5.8,0.0,0,0.0,0.0,27.4,38.61,934.1,19.79,6.61,5.11,NASA POWER Daily API,47.12
20251004,Ribeirao Preto - SP,-21.1775,-47.8103,transporte,sol,21.51,1.98,107.1,13.27,2.8,0.0,0,0.0,1.0,25.91,39.07,934.2,8.13,4.91,5.84,NASA POWER Daily API,32.95
20251005,Ribeirao Preto - SP,-21.1775,-47.8103,transporte,sol,12.25,3.51,90.55,16.73,2.8,0.0,0,0.0,1.0,27.87,36.85,933.1,13.84,2.43,5.03,NASA POWER Daily API,36.18
20251006,Ribeirao Preto - SP,-21.1775,-47.8103,campo,sol,23.82,2.36,246.26,12.47,1.8,0.0,0,0.0,0.0,29.5,34.32,930.2,9.78,3.91,2.91,NASA POWER Daily API,31.17
20251007,Ribeirao Preto - SP,-21.1775,-47.8103,campo,garoa,5.42,5.76,202.21,6.06,1.8,0.07,0,4.0,0.0,30.5,31.75,929.3,20.35,2.79,3.99,NASA POWER Daily API,21.33
20251008,Ribeirao Preto - SP,-21.1775,-47.8103,campo,chuva,42.71,1.8,51.32,7.9,1.8,9.02,0,2.0,0.0,26.74,50.12,932.3,1.88,5.46,5.26,NASA POWER Daily API,61.06
20251009,Ribeirao Preto - SP,-21.1775,-47.8103,proximidade_agua,chuva,70.95,5.09,53.57,9.97,4.8,10.4,0,2.0,2.0,24.5,63.45,933.8,0.48,2.77,5.24,NASA POWER Daily API,92.56
20251010,Ribeirao Preto - SP,-21.1775,-47.8103,transporte,chuva,83.59,1.61,89.32,16.22,2.8,9.83,1,2.0,1.0,23.64,68.26,934.2,5.0,3.51,3.64,NASA POWER Daily API,84.91
20251011,Ribeirao Preto - SP,-21.1775,-47.8103,transporte,garoa,75.45,5.64,227.17,19.72,3.8,0.78,0,4.0,1.0,24.65,63.66,931.8,2.77,3.31,3.21,NASA POWER Daily API,70.09
20251012,Ribeirao Preto - SP,-21.1775,-47.8103,campo,chuva,97.92,1.18,174.39,11.62,1.8,6.86,1,2.0,0.0,25.78,56.63,929.8,20.5,4.18,3.7,NASA POWER Daily API,78.14
20251013,Ribeirao Preto - SP,-21.1775,-47.8103,campo,chuva,100.0,11.29,329.64,10.48,2.8,7.52,1,2.0,0.0,25.27,63.33,929.0,8.5,3.11,4.35,NASA POWER Daily API,90.79
20251014,Ribeirao Preto - SP,-21.1775,-47.8103,campo,garoa,99.16,5.36,101.95,12.2,1.8,0.7,0,4.0,0.0,24.73,65.57,931.7,4.25,3.63,2.21,NASA POWER Daily API,57.14
20251015,Ribeirao Preto - SP,-21.1775,-47.8103,campo,sol,90.93,7.33,333.11,14.9,1.8,0.0,0,0.0,0.0,26.16,60.93,932.5,43.13,3.31,2.87,NASA POWER Daily API,59.4
20251016,Ribeirao Preto - SP,-21.1775,-47.8103,campo,garoa,67.28,5.49,228.73,10.85,1.8,0.22,0,4.0,0.0,27.94,56.12,931.7,34.46,2.7,2.99,NASA POWER Daily API,45.57
20251017,Ribeirao Preto - SP,-21.1775,-47.8103,campo,garoa,57.07,0.45,139.38,8.75,2.8,2.24,0,4.0,0.0,27.98,56.96,929.9,6.81,2.22,3.13,NASA POWER Daily API,38.79
20251018,Ribeirao Preto - SP,-21.1775,-47.8103,campo,tempestade,100.0,7.1,164.05,4.84,3.8,35.16,1,3.0,0.0,25.01,75.98,929.7,2.34,3.96,3.65,NASA POWER Daily API,100.0
20251019,Ribeirao Preto - SP,-21.1775,-47.8103,manutencao,chuva,100.0,5.61,5.0,5.63,2.8,7.95,1,2.0,3.0,19.99,66.37,932.7,31.11,3.57,7.13,NASA POWER Daily API,100.0
20251020,Ribeirao Preto - SP,-21.1775,-47.8103,proximidade_agua,garoa,94.02,5.24,321.19,19.13,2.8,0.01,0,4.0,2.0,19.11,60.08,935.7,37.74,5.68,4.77,NASA POWER Daily API,69.35
20251021,Ribeirao Preto - SP,-21.1775,-47.8103,campo,sol,97.42,5.96,239.78,3.8,2.8,0.0,0,0.0,0.0,18.56,54.31,937.7,1.58,5.51,5.44,NASA POWER Daily API,53.82
20251022,Ribeirao Preto - SP,-21.1775,-47.8103,campo,sol,93.94,5.94,225.56,7.93,2.8,0.0,0,0.0,0.0,19.08,55.53,938.2,11.23,2.56,5.52,NASA POWER Daily API,51.88
20251023,Ribeirao Preto - SP,-21.1775,-47.8103,transporte,sol,99.28,8.6,142.23,16.54,1.8,0.0,0,0.0,1.0,19.57,55.91,937.4,3.96,2.29,5.39,NASA POWER Daily API,64.94
20251024,Ribeirao Preto - SP,-21.1775,-47.8103,campo,sol,93.7,2.99,202.3,11.01,1.8,0.0,0,0.0,0.0,21.01,56.42,935.7,4.13,3.61,5.05,NASA POWER Daily API,50.58
20251025,Ribeirao Preto - SP,-21.1775,-47.8103,campo,sol,28.71,7.19,198.52,12.25,1.8,0.0,0,0.0,0.0,23.44,52.53,933.1,26.19,2.0,4.16,NASA POWER Daily API,37.23
20251026,Ribeirao Preto - SP,-21.1775,-47.8103,transporte,sol,21.35,4.02,237.85,11.23,1.8,0.0,0,0.0,1.0,26.15,48.12,930.7,12.05,3.08,2.71,NASA POWER Daily API,30.58
20251027,Ribeirao Preto - SP,-21.1775,-47.8103,campo,garoa,19.98,4.5,168.97,5.84,1.8,1.63,0,4.0,0.0,25.76,58.14,931.9,24.85,4.88,3.21,NASA POWER Daily API,25.4
20251028,Ribeirao Preto - SP,-21.1775,-47.8103,campo,garoa,38.16,5.44,118.01,8.81,3.8,2.08,0,4.0,0.0,25.26,67.29,933.4,9.02,2.14,3.03,NASA POWER Daily API,40.18
20251029,Ribeirao Preto - SP,-21.1775,-47.8103,transporte,garoa,36.15,13.67,177.05,20.4,1.8,0.49,0,4.0,1.0,25.09,69.42,932.7,8.89,4.77,3.25,NASA POWER Daily API,56.94
20251030,Ribeirao Preto - SP,-21.1775,-47.8103,campo,garoa,46.89,1.79,246.31,9.72,1.8,1.27,0,4.0,0.0,24.02,70.4,933.0,1.91,10.37,2.88,NASA POWER Daily API,41.06
20251031,Ribeirao Preto - SP,-21.1775,-47.8103,transporte,garoa,41.76,9.51,167.15,19.95,1.8,4.6,0,4.0,1.0,25.26,66.33,931.7,11.59,1.48,2.71,NASA POWER Daily API,57.67
20251101,Ribeirao Preto - SP,-21.1775,-47.8103,campo,garoa,47.42,4.45,200.73,4.58,1.8,1.43,0,4.0,0.0,25.66,68.43,931.9,2.02,4.23,2.31,NASA POWER Daily API,37.82
20251102,Ribeirao Preto - SP,-21.1775,-47.8103,proximidade_agua,chuva,100.0,8.94,140.33,11.86,1.8,22.26,1,2.0,2.0,24.49,76.66,930.8,4.91,2.69,3.72,NASA POWER Daily API,100.0
20251103,Ribeirao Preto - SP,-21.1775,-47.8103,proximidade_agua,garoa,91.18,3.14,311.95,4.53,2.8,3.42,0,4.0,2.0,24.02,74.93,930.1,3.85,4.98,3.21,NASA POWER Daily API,51.68
20251104,Ribeirao Preto - SP,-21.1775,-47.8103,proximidade_agua,garoa,83.26,5.89,227.44,0.27,1.8,0.94,0,4.0,2.0,26.29,67.72,930.4,8.6,8.09,2.67,NASA POWER Daily API,42.34
20251105,Ribeirao Preto - SP,-21.1775,-47.8103,campo,garoa,85.43,8.8,185.13,12.87,3.8,2.03,0,4.0,0.0,25.8,68.54,932.0,35.35,15.02,3.19,NASA POWER Daily API,63.02
20251106,Ribeirao Preto - SP,-21.1775,-47.8103,proximidade_agua,garoa,89.98,0.57,89.18,6.53,1.8,0.17,0,4.0,2.0,24.29,66.9,930.7,6.12,2.01,3.23,NASA POWER Daily API,46.08
20251107,Ribeirao Preto - SP,-21.1775,-47.8103,campo,garoa,95.59,9.6,302.27,12.44,1.8,4.85,0,4.0,0.0,26.03,61.44,927.6,7.92,15.77,4.12,NASA POWER Daily API,65.11
20251108,Ribeirao Preto - SP,-21.1775,-47.8103,campo,chuva,100.0,9.04,309.76,6.13,2.8,17.12,1,2.0,0.0,26.01,73.07,926.4,7.89,9.09,5.44,NASA POWER Daily API,92.29
20251109,Ribeirao Preto - SP,-21.1775,-47.8103,transporte,garoa,81.57,5.83,407.73,20.29,1.8,1.19,0,4.0,1.0,22.45,68.88,931.4,12.76,4.11,4.58,NASA POWER Daily API,62.96
20251110,Ribeirao Preto - SP,-21.1775,-47.8103,campo,garoa,65.11,4.68,74.65,11.67,1.8,0.02,0,4.0,0.0,22.39,60.72,933.3,5.31,5.66,3.48,NASA POWER Daily API,49.4
20251111,Ribeirao Preto - SP,-21.1775,-47.8103,campo,sol,62.78,5.23,143.35,12.05,1.8,0.0,0,0.0,0.0,24.08,60.71,932.6,3.14,5.74,3.37,NASA POWER Daily API,45.18
20251112,Ribeirao Preto - SP,-21.1775,-47.8103,transporte,sol,58.36,13.25,198.04,17.74,1.8,0.0,0,0.0,1.0,25.61,54.75,932.1,2.94,7.22,3.21,NASA POWER Daily API,65.42
20251113,Ribeirao Preto - SP,-21.1775,-47.8103,campo,sol,55.71,3.78,126.28,4.12,2.8,0.0,0,0.0,0.0,25.89,53.86,932.4,8.91,11.69,2.81,NASA POWER Daily API,33.78
20251114,Ribeirao Preto - SP,-21.1775,-47.8103,transporte,garoa,55.83,11.52,201.74,19.28,2.8,0.04,0,4.0,1.0,25.81,58.8,933.3,7.41,3.47,2.47,NASA POWER Daily API,60.87
20251115,Ribeirao Preto - SP,-21.1775,-47.8103,campo,garoa,30.27,7.21,245.18,10.94,1.8,1.74,0,4.0,0.0,25.23,66.83,932.1,1.8,5.42,2.71,NASA POWER Daily API,43.8
20251116,Ribeirao Preto - SP,-21.1775,-47.8103,transporte,chuva,62.2,6.0,159.31,12.15,1.8,5.4,0,2.0,1.0,24.16,75.23,930.4,5.3,3.21,3.37,NASA POWER Daily API,55.72
20251117,Ribeirao Preto - SP,-21.1775,-47.8103,campo,chuva,56.45,7.53,211.68,12.09,1.8,5.23,0,2.0,0.0,25.25,69.05,930.1,10.17,6.26,3.72,NASA POWER Daily API,55.39
20251118,Ribeirao Preto - SP,-21.1775,-47.8103,transporte,garoa,50.77,2.89,197.74,22.23,1.8,1.31,0,4.0,1.0,24.06,66.61,928.0,1.36,8.21,6.12,NASA POWER Daily API,65.41
20251119,Ribeirao Preto - SP,-21.1775,-47.8103,transporte,sol,37.2,5.82,176.04,17.83,1.8,0.0,0,0.0,1.0,22.22,53.0,928.9,2.16,2.69,2.92,NASA POWER Daily API,51.61
20251120,Ribeirao Preto - SP,-21.1775,-47.8103,campo,garoa,43.91,1.9,277.12,10.12,2.8,0.02,0,4.0,0.0,23.4,55.53,929.4,6.54,7.85,3.25,NASA POWER Daily API,36.0
20251121,Ribeirao Preto - SP,-21.1775,-47.8103,manutencao,garoa,36.65,4.51,215.12,2.41,1.8,0.08,0,4.0,3.0,26.15,52.85,929.9,8.79,3.26,4.28,NASA POWER Daily API,24.8
20251122,Ribeirao Preto - SP,-21.1775,-47.8103,campo,garoa,57.87,3.48,307.73,11.6,2.8,4.36,0,4.0,0.0,27.05,55.91,929.9,0.59,2.65,2.47,NASA POWER Daily API,59.78
20251123,Ribeirao Preto - SP,-21.1775,-47.8103,campo,chuva,66.6,0.0,205.44,6.02,2.8,7.72,0,2.0,0.0,24.32,67.69,930.5,14.97,8.91,2.2,NASA POWER Daily API,47.42
20251124,Ribeirao Preto - SP,-21.1775,-47.8103,proximidade_agua,chuva,94.79,4.38,449.96,0.63,2.8,15.71,1,2.0,2.0,23.3,72.14,929.3,15.11,6.48,3.18,NASA POWER Daily API,81.42
20251125,Ribeirao Preto - SP,-21.1775,-47.8103,campo,garoa,63.64,10.59,192.67,17.44,1.8,1.42,0,4.0,0.0,22.91,64.94,929.5,9.43,3.63,3.53,NASA POWER Daily API,59.37
20251126,Ribeirao Preto - SP,-21.1775,-47.8103,transporte,sol,68.55,6.67,119.99,18.74,2.8,0.0,0,0.0,1.0,22.61,51.28,930.7,18.91,5.38,3.28,NASA POWER Daily API,59.06
20251127,Ribeirao Preto - SP,-21.1775,-47.8103,campo,sol,67.69,13.86,349.91,0.0,3.8,0.0,0,0.0,0.0,23.07,51.8,930.7,4.77,4.28,3.15,NASA POWER Daily API,45.08
20251128,Ribeirao Preto - SP,-21.1775,-47.8103,proximidade_agua,garoa,61.71,9.3,205.24,3.73,1.8,0.52,0,4.0,2.0,24.56,49.7,929.6,1.7,3.65,3.51,NASA POWER Daily API,49.43
20251129,Ribeirao Preto - SP,-21.1775,-47.8103,proximidade_agua,garoa,69.97,3.31,26.83,5.37,1.8,0.1,0,4.0,2.0,25.77,46.84,927.9,15.56,17.32,2.14,NASA POWER Daily API,60.53
20251130,Ribeirao Preto - SP,-21.1775,-47.8103,manutencao,sol,48.76,2.65,348.04,6.34,1.8,0.0,0,0.0,3.0,26.96,48.36,927.9,4.97,2.49,2.83,NASA POWER Daily API,31.45
20251201,Ribeirao Preto - SP,-21.1775,-47.8103,campo,garoa,22.89,7.84,177.01,6.24,3.8,0.46,0,4.0,0.0,28.37,47.02,927.2,4.36,3.83,2.66,NASA POWER Daily API,33.8
20251202,Ribeirao Preto - SP,-21.1775,-47.8103,transporte,chuva,71.79,3.0,217.56,21.57,3.8,14.55,0,2.0,1.0,26.63,63.79,927.5,2.13,5.43,2.75,NASA POWER Daily API,86.42
20251203,Ribeirao Preto - SP,-21.1775,-47.8103,proximidade_agua,tempestade,100.0,1.7,210.85,9.22,2.8,43.23,1,3.0,2.0,24.25,81.28,928.2,24.93,2.59,2.38,NASA POWER Daily API,100.0
20251204,Ribeirao Preto - SP,-21.1775,-47.8103,transporte,garoa,100.0,6.41,144.36,11.18,1.8,0.88,0,4.0,1.0,24.79,72.18,928.1,14.68,5.8,1.82,NASA POWER Daily API,57.64
20251205,Ribeirao Preto - SP,-21.1775,-47.8103,transporte,garoa,100.0,6.79,255.01,17.52,1.8,2.04,0,4.0,1.0,25.19,65.3,929.2,38.71,5.36,2.28,NASA POWER Daily API,66.99
20251206,Ribeirao Preto - SP,-21.1775,-47.8103,campo,garoa,100.0,4.8,172.99,12.78,1.8,1.3,0,4.0,0.0,25.83,66.02,930.6,6.44,3.21,3.05,NASA POWER Daily API,58.18
20251207,Ribeirao Preto - SP,-21.1775,-47.8103,campo,sol,100.0,4.82,39.29,14.66,1.8,0.0,0,0.0,0.0,25.79,64.83,930.9,2.88,7.58,2.54,NASA POWER Daily API,80.51
20251208,Ribeirao Preto - SP,-21.1775,-47.8103,manutencao,chuva,100.0,5.32,17.15,7.59,2.8,10.13,1,2.0,3.0,23.29,79.13,930.6,3.67,4.62,3.92,NASA POWER Daily API,100.0
20251209,Ribeirao Preto - SP,-21.1775,-47.8103,transporte,chuva,100.0,9.57,189.23,13.65,3.8,17.14,1,2.0,1.0,22.06,85.51,927.5,8.39,3.59,6.68,NASA POWER Daily API,100.0
20251210,Ribeirao Preto - SP,-21.1775,-47.8103,transporte,chuva,91.15,3.51,210.75,19.39,2.8,5.58,1,2.0,1.0,23.53,80.73,925.4,17.18,1.98,8.21,NASA POWER Daily API,89.51
20251211,Ribeirao Preto - SP,-21.1775,-47.8103,campo,garoa,80.76,2.13,232.19,9.53,1.8,0.16,0,4.0,0.0,24.27,69.09,927.3,26.0,8.22,4.77,NASA POWER Daily API,44.69
20251212,Ribeirao Preto - SP,-21.1775,-47.8103,transporte,garoa,83.32,7.4,185.79,25.45,2.8,2.51,0,4.0,1.0,24.54,74.38,927.9,2.8,6.49,2.88,NASA POWER Daily API,81.23
20251213,Ribeirao Preto - SP,-21.1775,-47.8103,transporte,tempestade,100.0,6.85,139.89,18.89,3.8,31.06,1,3.0,1.0,23.39,88.03,928.9,4.9,5.19,2.98,NASA POWER Daily API,100.0
20251214,Ribeirao Preto - SP,-21.1775,-47.8103,campo,garoa,100.0,5.64,362.91,3.49,2.8,3.62,0,4.0,0.0,23.75,82.15,929.5,5.87,4.51,3.26,NASA POWER Daily API,51.88
20251215,Ribeirao Preto - SP,-21.1775,-47.8103,campo,chuva,100.0,0.0,156.52,6.77,2.8,6.5,1,2.0,0.0,24.14,82.79,928.8,4.69,3.86,3.0,NASA POWER Daily API,73.34
20251216,Ribeirao Preto - SP,-21.1775,-47.8103,campo,garoa,100.0,2.1,217.29,16.58,1.8,1.84,0,4.0,0.0,24.02,84.46,928.4,4.14,4.63,3.29,NASA POWER Daily API,60.76
20251217,Ribeirao Preto - SP,-21.1775,-47.8103,transporte,garoa,100.0,4.22,130.66,15.18,1.8,3.6,0,4.0,1.0,22.25,84.0,928.7,18.97,9.03,4.64,NASA POWER Daily API,62.89
20251218,Ribeirao Preto - SP,-21.1775,-47.8103,campo,garoa,100.0,3.92,278.81,12.46,2.8,1.6,0,4.0,0.0,22.01,82.63,928.6,4.19,10.49,5.11,NASA POWER Daily API,59.43
20251219,Ribeirao Preto - SP,-21.1775,-47.8103,campo,chuva,100.0,4.77,314.71,8.99,1.8,9.14,1,2.0,0.0,24.71,80.01,929.5,4.08,3.25,2.57,NASA POWER Daily API,81.43
20251220,Ribeirao Preto - SP,-21.1775,-47.8103,campo,garoa,74.8,8.13,239.89,7.82,3.8,2.04,0,4.0,0.0,24.43,79.29,930.6,44.41,4.04,2.35,NASA POWER Daily API,52.92
20251221,Ribeirao Preto - SP,-21.1775,-47.8103,campo,garoa,68.06,5.58,195.96,8.13,1.8,0.09,0,4.0,0.0,24.72,69.99,930.8,5.62,3.01,2.86,NASA POWER Daily API,42.44
20251222,Ribeirao Preto - SP,-21.1775,-47.8103,transporte,garoa,57.23,4.77,323.9,10.73,2.8,0.05,0,4.0,1.0,24.56,67.21,930.9,9.03,3.58,4.5,NASA POWER Daily API,43.69
20251223,Ribeirao Preto - SP,-21.1775,-47.8103,campo,sol,59.74,11.44,191.2,13.51,1.8,0.0,0,0.0,0.0,25.02,65.64,931.5,38.24,1.55,3.32,NASA POWER Daily API,52.69
20251224,Ribeirao Preto - SP,-21.1775,-47.8103,campo,garoa,43.15,0.0,179.35,20.26,1.8,0.43,0,4.0,0.0,26.69,61.16,930.8,15.66,9.58,2.13,NASA POWER Daily API,44.59
20251225,Ribeirao Preto - SP,-21.1775,-47.8103,transporte,garoa,44.67,0.01,149.13,23.03,1.8,0.45,0,4.0,1.0,27.74,58.88,930.5,10.47,5.33,1.66,NASA POWER Daily API,48.56
20251226,Ribeirao Preto - SP,-21.1775,-47.8103,proximidade_agua,garoa,30.89,10.64,221.35,15.51,2.8,0.97,0,4.0,2.0,28.38,61.61,931.1,5.08,5.35,1.64,NASA POWER Daily API,52.79
20251227,Ribeirao Preto - SP,-21.1775,-47.8103,transporte,garoa,41.13,9.41,153.03,14.91,2.8,3.23,0,4.0,1.0,28.02,66.85,931.3,6.19,2.92,1.75,NASA POWER Daily API,51.95
20251228,Ribeirao Preto - SP,-21.1775,-47.8103,proximidade_agua,chuva,58.0,10.06,211.08,9.79,1.8,9.42,0,2.0,2.0,27.84,67.41,930.2,3.38,6.06,1.93,NASA POWER Daily API,63.61
20251229,Ribeirao Preto - SP,-21.1775,-47.8103,campo,chuva,72.81,8.38,268.93,12.42,2.8,8.02,0,2.0,0.0,27.3,69.11,930.1,15.26,2.35,2.15,NASA POWER Daily API,66.4
20251230,Ribeirao Preto - SP,-21.1775,-47.8103,campo,garoa,63.66,4.25,320.16,8.64,3.8,0.5,0,4.0,0.0,27.32,67.67,930.8,1.18,8.16,2.42,NASA POWER Daily API,57.05
20251231,Ribeirao Preto - SP,-21.1775,-47.8103,campo,chuva,100.0,4.08,92.33,4.59,2.8,17.3,1,2.0,0.0,26.5,71.18,932.2,9.89,3.84,2.4,NASA POWER Daily API,84.92
20240101,Rio Verde - GO,-17.7923,-50.9192,proximidade_agua,chuva,56.07,5.74,302.46,5.36,1.4,9.14,0,2.0,2.0,25.64,77.25,940.9,9.25,1.3,1.55,NASA POWER Daily API,51.08
20240102,Rio Verde - GO,-17.7923,-50.9192,transporte,chuva,60.0,6.3,150.62,16.84,2.4,6.17,0,2.0,1.0,26.78,70.62,939.0,1.94,2.97,1.18,NASA POWER Daily API,68.66
20240103,Rio Verde - GO,-17.7923,-50.9192,campo,garoa,64.34,1.53,337.07,15.71,2.4,4.62,0,4.0,0.0,26.27,76.69,938.7,5.93,4.43,1.58,NASA POWER Daily API,51.59
20240104,Rio Verde - GO,-17.7923,-50.9192,proximidade_agua,chuva,80.89,2.81,223.19,9.85,1.4,7.12,1,2.0,2.0,26.51,74.67,939.6,10.79,13.29,1.44,NASA POWER Daily API,75.23
20240105,Rio Verde - GO,-17.7923,-50.9192,transporte,garoa,67.06,6.79,194.39,17.55,1.4,1.8,0,4.0,1.0,27.23,71.0,939.8,3.14,2.17,1.98,NASA POWER Daily API,55.32
20240106,Rio Verde - GO,-17.7923,-50.9192,campo,garoa,71.5,4.79,365.38,15.01,2.4,0.26,0,4.0,0.0,27.82,66.91,940.0,8.22,4.69,2.77,NASA POWER Daily API,52.05
20240107,Rio Verde - GO,-17.7923,-50.9192,transporte,garoa,80.36,2.29,244.5,24.05,2.4,2.33,0,4.0,1.0,27.6,67.6,940.4,6.97,2.66,2.28,NASA POWER Daily API,65.32
20240108,Rio Verde - GO,-17.7923,-50.9192,campo,garoa,74.11,9.14,256.72,12.33,1.4,3.92,0,4.0,0.0,26.83,74.93,940.7,11.2,5.21,2.27,NASA POWER Daily API,55.33
20240109,Rio Verde - GO,-17.7923,-50.9192,campo,garoa,69.28,5.04,169.94,13.15,1.4,2.87,0,4.0,0.0,26.75,71.72,941.2,5.95,3.07,1.99,NASA POWER Daily API,49.57
20240110,Rio Verde - GO,-17.7923,-50.9192,campo,garoa,66.34,0.58,309.18,8.74,2.4,1.7,0,4.0,0.0,27.03,70.13,941.0,4.31,11.45,3.78,NASA POWER Daily API,39.54
20240111,Rio Verde - GO,-17.7923,-50.9192,proximidade_agua,garoa,55.8,10.04,318.27,1.82,1.4,1.58,0,4.0,2.0,26.6,70.13,941.7,3.62,5.4,3.54,NASA POWER Daily API,39.35
20240112,Rio Verde - GO,-17.7923,-50.9192,campo,garoa,41.08,1.71,191.02,11.13,2.4,0.45,0,4.0,0.0,27.89,63.56,939.8,2.92,2.66,3.19,NASA POWER Daily API,41.03
20240113,Rio Verde - GO,-17.7923,-50.9192,proximidade_agua,garoa,55.29,1.63,229.16,4.13,2.4,2.58,0,4.0,2.0,26.93,69.35,941.1,12.47,4.71,1.89,NASA POWER Daily API,36.4
20240114,Rio Verde - GO,-17.7923,-50.9192,campo,chuva,100.0,6.85,317.75,6.97,2.4,24.4,1,2.0,0.0,26.99,69.92,943.1,15.43,5.83,1.36,NASA POWER Daily API,95.93
20240115,Rio Verde - GO,-17.7923,-50.9192,transporte,garoa,85.32,1.44,247.63,22.61,1.4,1.48,0,4.0,1.0,26.31,72.29,943.9,11.22,2.73,1.58,NASA POWER Daily API,60.91
20240116,Rio Verde - GO,-17.7923,-50.9192,campo,garoa,81.33,0.65,240.96,16.09,2.4,0.85,0,4.0,0.0,27.29,66.07,942.7,6.92,16.01,2.7,NASA POWER Daily API,52.45
20240117,Rio Verde - GO,-17.7923,-50.9192,campo,garoa,77.39,5.33,209.89,12.68,2.4,0.4,0,4.0,0.0,28.86,60.32,943.0,1.52,4.89,1.8,NASA POWER Daily API,57.39
20240118,Rio Verde - GO,-17.7923,-50.9192,campo,garoa,80.84,7.99,309.33,11.3,2.4,3.62,0,4.0,0.0,29.22,58.94,942.1,1.83,4.28,2.18,NASA POWER Daily API,62.62
20240119,Rio Verde - GO,-17.7923,-50.9192,transporte,chuva,100.0,6.19,186.49,11.08,1.4,12.04,1,2.0,1.0,28.56,67.25,941.9,15.98,4.39,1.53,NASA POWER Daily API,86.56
20240120,Rio Verde - GO,-17.7923,-50.9192,campo,chuva,100.0,6.79,124.23,18.51,2.4,5.88,1,2.0,0.0,28.26,68.84,940.8,5.71,4.65,2.21,NASA POWER Daily API,92.86
20240121,Rio Verde - GO,-17.7923,-50.9192,campo,chuva,79.51,5.96,349.96,17.69,1.4,5.4,1,2.0,0.0,28.4,64.56,941.5,37.64,5.21,2.04,NASA POWER Daily API,82.16
20240122,Rio Verde - GO,-17.7923,-50.9192,campo,garoa,75.74,2.74,275.4,14.2,1.4,0.53,0,4.0,0.0,27.82,68.03,941.4,10.94,7.97,2.27,NASA POWER Daily API,48.16
20240123,Rio Verde - GO,-17.7923,-50.9192,campo,garoa,66.54,9.87,234.7,7.95,1.4,2.91,0,4.0,0.0,26.84,73.3,939.5,5.37,3.63,1.88,NASA POWER Daily API,47.47
20240124,Rio Verde - GO,-17.7923,-50.9192,campo,chuva,96.45,6.2,432.58,14.69,2.4,8.35,1,2.0,0.0,26.14,75.94,937.6,8.16,6.26,1.89,NASA POWER Daily API,88.97
20240125,Rio Verde - GO,-17.7923,-50.9192,campo,garoa,76.85,7.23,352.67,12.3,1.4,0.03,0,4.0,0.0,26.12,58.3,938.2,5.58,2.24,3.46,NASA POWER Daily API,50.59
20240126,Rio Verde - GO,-17.7923,-50.9192,proximidade_agua,garoa,61.64,3.63,280.55,9.87,2.4,0.03,0,4.0,2.0,25.61,58.3,939.4,5.81,6.21,3.07,NASA POWER Daily API,45.27
20240127,Rio Verde - GO,-17.7923,-50.9192,campo,garoa,47.48,6.26,334.64,11.11,1.4,0.08,0,4.0,0.0,26.77,52.15,940.1,23.15,10.58,1.99,NASA POWER Daily API,39.18
20240128,Rio Verde - GO,-17.7923,-50.9192,campo,garoa,51.64,2.53,440.55,15.44,1.4,0.13,0,4.0,0.0,28.44,50.06,941.0,5.45,7.88,2.39,NASA POWER Daily API,41.91
20240129,Rio Verde - GO,-17.7923,-50.9192,transporte,garoa,38.29,3.98,77.99,18.15,1.4,0.38,0,4.0,1.0,27.67,59.3,942.3,6.01,24.73,3.54,NASA POWER Daily API,47.34
20240130,Rio Verde - GO,-17.7923,-50.9192,campo,garoa,29.51,6.28,327.91,10.44,3.4,0.37,0,4.0,0.0,28.25,51.98,941.7,2.77,5.45,1.92,NASA POWER Daily API,43.44
20240131,Rio Verde - GO,-17.7923,-50.9192,campo,garoa,24.22,1.96,252.37,15.78,1.4,1.75,0,4.0,0.0,28.73,51.92,941.9,34.52,3.38,1.51,NASA POWER Daily API,34.99
20240201,Rio Verde - GO,-17.7923,-50.9192,transporte,garoa,27.56,6.38,193.57,27.56,2.4,0.92,0,4.0,1.0,28.52,54.25,942.7,8.05,6.71,1.77,NASA POWER Daily API,56.66
20240202,Rio Verde - GO,-17.7923,-50.9192,campo,chuva,64.54,2.16,311.01,19.15,3.4,10.44,0,2.0,0.0,27.23,67.91,943.4,4.9,3.03,2.86,NASA POWER Daily API,68.46
20240203,Rio Verde - GO,-17.7923,-50.9192,transporte,garoa,49.77,3.17,237.65,13.69,2.4,4.0,0,4.0,1.0,26.28,66.33,943.7,4.04,4.14,2.74,NASA POWER Daily API,45.47
20240204,Rio Verde - GO,-17.7923,-50.9192,transporte,chuva,100.0,2.26,270.68,16.75,1.4,16.89,1,2.0,1.0,24.25,79.33,944.0,5.62,6.81,2.92,NASA POWER Daily API,93.99
20240205,Rio Verde - GO,-17.7923,-50.9192,campo,garoa,92.26,6.67,176.7,7.38,1.4,2.88,0,4.0,0.0,24.38,78.41,943.9,30.65,5.42,1.14,NASA POWER Daily API,50.78
20240206,Rio Verde - GO,-17.7923,-50.9192,transporte,garoa,100.0,3.58,449.95,16.47,1.4,1.9,0,4.0,1.0,25.55,74.38,944.2,6.31,4.32,1.64,NASA POWER Daily API,60.27
20240207,Rio Verde - GO,-17.7923,-50.9192,proximidade_agua,chuva,100.0,5.52,299.46,5.18,1.4,6.17,1,2.0,2.0,26.26,72.83,942.7,6.12,3.6,1.7,NASA POWER Daily API,76.85
20240208,Rio Verde - GO,-17.7923,-50.9192,campo,garoa,100.0,0.84,238.98,17.52,2.4,4.65,0,4.0,0.0,25.23,80.09,941.8,7.59,10.1,1.99,NASA POWER Daily API,63.63
20240209,Rio Verde - GO,-17.7923,-50.9192,campo,garoa,92.81,3.86,338.62,8.24,1.4,0.65,0,4.0,0.0,26.22,73.68,941.5,6.7,2.85,1.83,NASA POWER Daily API,47.12
20240210,Rio Verde - GO,-17.7923,-50.9192,proximidade_agua,garoa,85.58,4.92,195.66,6.16,1.4,2.99,0,4.0,2.0,26.93,70.57,942.2,5.2,8.7,3.33,NASA POWER Daily API,49.64
20240211,Rio Verde - GO,-17.7923,-50.9192,transporte,garoa,72.44,5.28,189.6,25.75,2.4,4.7,0,4.0,1.0,25.85,74.54,943.3,80.0,3.41,4.27,NASA POWER Daily API,70.26
20240212,Rio Verde - GO,-17.7923,-50.9192,transporte,garoa,57.81,3.8,456.53,17.71,1.4,0.24,0,4.0,1.0,26.67,66.95,944.9,3.15,9.27,3.67,NASA POWER Daily API,47.77
20240213,Rio Verde - GO,-17.7923,-50.9192,campo,garoa,53.57,0.0,164.07,19.73,1.4,0.16,0,4.0,0.0,27.92,60.79,944.9,7.86,13.84,2.12,NASA POWER Daily API,44.95
20240214,Rio Verde - GO,-17.7923,-50.9192,campo,garoa,45.12,4.44,210.53,10.65,1.4,0.58,0,4.0,0.0,28.83,54.98,943.9,1.79,1.92,1.93,NASA POWER Daily API,42.2
20240215,Rio Verde - GO,-17.7923,-50.9192,manutencao,garoa,37.09,10.74,197.92,15.52,2.4,2.46,0,4.0,3.0,28.55,57.87,943.6,25.02,10.71,1.77,NASA POWER Daily API,50.45
20240216,Rio Verde - GO,-17.7923,-50.9192,campo,chuva,83.67,1.6,249.76,10.67,1.4,15.09,1,2.0,0.0,25.88,72.27,943.4,1.31,3.6,1.41,NASA POWER Daily API,91.13
20240217,Rio Verde - GO,-17.7923,-50.9192,transporte,garoa,66.38,3.45,180.88,16.15,1.4,0.85,0,4.0,1.0,27.48,69.75,940.9,2.5,7.36,2.62,NASA POWER Daily API,54.88
20240218,Rio Verde - GO,-17.7923,-50.9192,campo,chuva,98.64,2.16,230.1,10.33,2.4,13.67,1,2.0,0.0,26.2,79.05,939.9,11.41,16.36,2.87,NASA POWER Daily API,84.93
20240219,Rio Verde - GO,-17.7923,-50.9192,campo,chuva,92.08,8.22,242.67,20.12,2.4,7.81,1,2.0,0.0,26.49,74.43,938.5,14.67,3.57,2.15,NASA POWER Daily API,95.99
20240220,Rio Verde - GO,-17.7923,-50.9192,transporte,chuva,100.0,8.06,336.09,18.13,3.4,10.09,1,2.0,1.0,26.19,77.94,936.3,1.93,11.14,2.73,NASA POWER Daily API,100.0
20240221,Rio Verde - GO,-17.7923,-50.9192,transporte,garoa,100.0,2.76,221.52,15.18,2.4,2.34,0,4.0,1.0,26.69,69.55,936.8,11.17,5.97,1.98,NASA POWER Daily API,60.88
20240222,Rio Verde - GO,-17.7923,-50.9192,campo,garoa,100.0,0.0,517.27,18.57,1.4,0.66,0,4.0,0.0,27.03,69.28,938.5,3.89,4.98,2.77,NASA POWER Daily API,58.35
20240223,Rio Verde - GO,-17.7923,-50.9192,campo,garoa,83.01,2.62,372.73,15.62,2.4,1.34,0,4.0,0.0,26.8,74.56,942.1,15.05,3.62,2.55,NASA POWER Daily API,54.87
20240224,Rio Verde - GO,-17.7923,-50.9192,transporte,garoa,95.55,5.75,281.6,15.72,2.4,2.84,0,4.0,1.0,26.42,73.29,944.8,1.68,4.65,2.17,NASA POWER Daily API,69.27
20240225,Rio Verde - GO,-17.7923,-50.9192,transporte,garoa,59.26,5.37,326.69,10.71,1.4,0.17,0,4.0,1.0,27.77,63.97,945.0,35.3,6.71,2.32,NASA POWER Daily API,41.03
20240226,Rio Verde - GO,-17.7923,-50.9192,campo,garoa,60.52,2.11,318.76,8.83,1.4,0.54,0,4.0,0.0,27.73,68.67,943.2,4.43,4.96,2.03,NASA POWER Daily API,36.11
20240227,Rio Verde - GO,-17.7923,-50.9192,campo,sol,36.4,0.74,301.71,12.79,1.4,0.0,0,0.0,0.0,27.25,60.21,941.9,18.98,4.5,3.16,NASA POWER Daily API,31.96
20240228,Rio Verde - GO,-17.7923,-50.9192,campo,sol,35.74,5.55,359.04,10.68,1.4,0.0,0,0.0,0.0,28.46,55.52,941.7,8.3,6.55,2.93,NASA POWER Daily API,34.19
20240229,Rio Verde - GO,-17.7923,-50.9192,campo,garoa,36.17,6.81,222.35,9.11,1.4,0.03,0,4.0,0.0,29.54,53.13,942.1,3.59,2.78,2.4,NASA POWER Daily API,33.68
20240301,Rio Verde - GO,-17.7923,-50.9192,campo,garoa,18.66,10.85,204.2,20.56,1.4,0.01,0,4.0,0.0,30.85,51.33,941.5,7.05,2.17,1.63,NASA POWER Daily API,47.01
20240302,Rio Verde - GO,-17.7923,-50.9192,campo,garoa,39.15,9.48,283.31,6.55,2.4,2.34,0,4.0,0.0,30.47,54.94,940.9,24.88,12.15,2.2,NASA POWER Daily API,38.61
20240303,Rio Verde - GO,-17.7923,-50.9192,campo,garoa,26.8,9.46,176.82,12.21,1.4,0.21,0,4.0,0.0,29.93,55.38,940.5,3.26,3.49,1.84,NASA POWER Daily API,37.81
20240304,Rio Verde - GO,-17.7923,-50.9192,campo,garoa,32.69,10.63,269.76,10.76,2.4,0.24,0,4.0,0.0,29.95,49.97,940.6,4.38,4.7,1.52,NASA POWER Daily API,41.16
20240305,Rio Verde - GO,-17.7923,-50.9192,campo,chuva,44.56,3.89,244.24,9.85,3.4,5.99,0,2.0,0.0,27.55,64.82,942.3,32.97,5.34,3.47,NASA POWER Daily API,48.5
20240306,Rio Verde - GO,-17.7923,-50.9192,proximidade_agua,garoa,55.21,2.23,182.28,2.94,1.4,3.44,0,4.0,2.0,27.34,69.79,942.4,14.36,3.59,2.08,NASA POWER Daily API,34.09
20240307,Rio Verde - GO,-17.7923,-50.9192,transporte,garoa,44.07,3.27,359.21,17.91,1.4,2.7,0,4.0,1.0,26.56,71.92,943.7,3.96,0.94,2.45,NASA POWER Daily API,45.76
20240308,Rio Verde - GO,-17.7923,-50.9192,campo,garoa,66.9,2.64,220.51,1.0,1.4,4.26,0,4.0,0.0,28.35,66.28,943.0,22.89,6.96,2.19,NASA POWER Daily API,32.34
20240309,Rio Verde - GO,-17.7923,-50.9192,campo,chuva,77.59,4.41,158.33,1.64,1.4,11.15,0,2.0,0.0,29.34,63.74,942.0,12.73,6.86,1.34,NASA POWER Daily API,49.32
20240310,Rio Verde - GO,-17.7923,-50.9192,manutencao,garoa,69.83,4.69,237.18,7.38,1.4,1.92,0,4.0,3.0,27.53,70.8,942.6,3.95,0.94,0.89,NASA POWER Daily API,41.15
20240311,Rio Verde - GO,-17.7923,-50.9192,transporte,garoa,81.26,0.0,300.22,16.7,2.4,2.41,0,4.0,1.0,28.67,66.48,942.2,12.31,3.19,1.75,NASA POWER Daily API,53.95
20240312,Rio Verde - GO,-17.7923,-50.9192,campo,garoa,83.52,3.93,247.46,14.69,1.4,3.58,0,4.0,0.0,29.1,68.57,942.3,4.74,5.86,1.6,NASA POWER Daily API,55.2
20240313,Rio Verde - GO,-17.7923,-50.9192,transporte,garoa,71.56,2.08,332.72,21.4,1.4,0.48,0,4.0,1.0,28.75,68.87,942.3,1.61,4.68,1.62,NASA POWER Daily API,61.11
20240314,Rio Verde - GO,-17.7923,-50.9192,campo,garoa,75.64,0.0,129.03,16.85,2.4,4.19,0,4.0,0.0,28.75,67.75,942.2,3.12,2.73,2.04,NASA POWER Daily API,54.14
20240315,Rio Verde - GO,-17.7923,-50.9192,manutencao,garoa,66.1,5.14,230.79,14.87,1.4,0.77,0,4.0,3.0,29.0,67.15,940.7,7.81,2.31,2.28,NASA POWER Daily API,48.91
20240316,Rio Verde - GO,-17.7923,-50.9192,campo,garoa,59.81,3.31,218.72,12.99,3.4,4.05,0,4.0,0.0,28.94,66.93,940.0,13.34,8.99,2.51,NASA POWER Daily API,50.21
20240317,Rio Verde - GO,-17.7923,-50.9192,campo,chuva,66.86,3.85,306.43,14.81,1.4,6.29,0,2.0,0.0,28.72,67.09,941.3,16.99,3.63,2.47,NASA POWER Daily API,57.41
20240318,Rio Verde - GO,-17.7923,-50.9192,campo,chuva,77.02,6.67,271.4,14.56,1.4,5.39,0,2.0,0.0,28.74,67.76,941.4,8.92,5.84,1.81,NASA POWER Daily API,62.24
20240319,Rio Verde - GO,-17.7923,-50.9192,manutencao,chuva,83.9,0.5,223.63,7.12,1.4,8.84,1,2.0,3.0,29.38,63.37,940.4,7.99,5.14,1.85,NASA POWER Daily API,67.88
20240320,Rio Verde - GO,-17.7923,-50.9192,campo,garoa,80.47,2.05,454.48,11.32,1.4,1.54,0,4.0,0.0,28.88,66.68,939.1,58.09,2.6,2.1,NASA POWER Daily API,46.38
20240321,Rio Verde - GO,-17.7923,-50.9192,campo,chuva,100.0,3.19,144.08,14.63,1.4,10.11,1,2.0,0.0,26.84,76.33,941.0,13.75,8.29,2.26,NASA POWER Daily API,86.08
20240322,Rio Verde - GO,-17.7923,-50.9192,transporte,garoa,100.0,0.0,190.47,17.33,2.4,4.3,0,4.0,1.0,26.39,75.17,941.3,25.13,3.2,1.82,NASA POWER Daily API,62.22
20240323,Rio Verde - GO,-17.7923,-50.9192,campo,chuva,100.0,1.99,386.88,9.31,1.4,13.27,1,2.0,0.0,24.36,86.56,941.9,15.42,1.98,2.91,NASA POWER Daily API,81.45
20240324,Rio Verde - GO,-17.7923,-50.9192,campo,garoa,100.0,3.56,210.15,8.69,1.4,3.7,0,4.0,0.0,25.2,80.65,941.8,9.12,4.39,1.78,NASA POWER Daily API,52.4
20240325,Rio Verde - GO,-17.7923,-50.9192,campo,chuva,100.0,6.68,242.47,8.77,2.4,8.79,1,2.0,0.0,24.43,84.33,941.0,43.69,4.78,2.0,NASA POWER Daily API,83.32
20240326,Rio Verde - GO,-17.7923,-50.9192,campo,chuva,100.0,2.99,284.12,7.7,1.4,13.09,1,2.0,0.0,22.57,87.74,942.4,4.22,10.68,1.63,NASA POWER Daily API,80.54
20240327,Rio Verde - GO,-17.7923,-50.9192,manutencao,chuva,100.0,8.98,274.29,16.73,1.4,12.46,1,2.0,3.0,22.08,91.28,943.2,10.27,4.27,2.83,NASA POWER Daily API,98.25
20240328,Rio Verde - GO,-17.7923,-50.9192,campo,chuva,100.0,0.0,120.79,7.61,1.4,6.72,1,2.0,0.0,23.34,86.57,944.7,1.6,6.88,1.78,NASA POWER Daily API,76.82
20240329,Rio Verde - GO,-17.7923,-50.9192,transporte,garoa,100.0,7.85,290.94,24.62,2.4,4.16,0,4.0,1.0,24.83,82.73,944.6,2.49,3.62,2.25,NASA POWER Daily API,85.21
20240330,Rio Verde - GO,-17.7923,-50.9192,proximidade_agua,chuva,100.0,0.0,241.34,7.39,3.4,6.17,1,2.0,2.0,25.91,78.55,943.6,3.11,1.82,1.15,NASA POWER Daily API,78.06
20240331,Rio Verde - GO,-17.7923,-50.9192,manutencao,garoa,100.0,7.27,378.78,0.63,1.4,3.51,0,4.0,3.0,25.47,81.9,943.1,25.23,8.68,1.59,NASA POWER Daily API,45.95
20240401,Rio Verde - GO,-17.7923,-50.9192,proximidade_agua,chuva,100.0,0.4,304.5,9.03,1.4,6.91,1,2.0,2.0,25.96,79.43,942.0,5.55,7.69,2.08,NASA POWER Daily API,77.04
20240402,Rio Verde - GO,-17.7923,-50.9192,campo,garoa,100.0,3.33,169.99,11.33,2.4,4.96,0,4.0,0.0,25.92,79.35,941.5,14.32,5.19,1.37,NASA POWER Daily API,58.83
20240403,Rio Verde - GO,-17.7923,-50.9192,campo,garoa,81.74,0.0,300.55,12.55,2.4,0.19,0,4.0,0.0,25.71,78.27,941.1,40.5,7.32,1.63,NASA POWER Daily API,46.87
20240404,Rio Verde - GO,-17.7923,-50.9192,campo,chuva,89.75,3.58,180.49,16.16,1.4,5.76,1,2.0,0.0,26.59,72.16,942.4,63.33,3.54,1.29,NASA POWER Daily API,81.1
20240405,Rio Verde - GO,-17.7923,-50.9192,campo,garoa,80.77,9.56,197.54,11.73,1.4,2.97,0,4.0,0.0,26.57,75.35,942.5,13.86,9.07,1.5,NASA POWER Daily API,55.99
20240406,Rio Verde - GO,-17.7923,-50.9192,transporte,chuva,82.76,8.49,200.05,20.97,1.4,5.04,1,2.0,1.0,26.35,76.35,941.8,8.99,5.19,1.59,NASA POWER Daily API,89.53
20240407,Rio Verde - GO,-17.7923,-50.9192,proximidade_agua,chuva,84.27,4.96,251.27,14.43,1.4,5.4,1,2.0,2.0,25.75,76.29,942.6,9.73,3.26,2.47,NASA POWER Daily API,82.38
20240408,Rio Verde - GO,-17.7923,-50.9192,campo,garoa,87.98,1.27,269.68,13.3,1.4,2.69,0,4.0,0.0,24.91,80.22,942.5,2.85,3.22,2.6,NASA POWER Daily API,57.14
20240409,Rio Verde - GO,-17.7923,-50.9192,campo,chuva,98.49,8.75,259.22,8.12,1.4,12.73,1,2.0,0.0,23.63,85.8,942.7,13.94,4.1,1.93,NASA POWER Daily API,85.88
20240410,Rio Verde - GO,-17.7923,-50.9192,transporte,chuva,100.0,8.25,259.24,17.62,1.4,9.69,1,2.0,1.0,23.77,85.03,941.4,2.3,1.98,2.33,NASA POWER Daily API,100.0
20240411,Rio Verde - GO,-17.7923,-50.9192,campo,chuva,100.0,1.42,128.38,7.12,1.4,6.61,1,2.0,0.0,24.36,85.13,942.1,5.32,4.61,1.91,NASA POWER Daily API,71.46
20240412,Rio Verde - GO,-17.7923,-50.9192,campo,chuva,100.0,10.92,121.88,7.34,2.4,6.7,1,2.0,0.0,24.92,83.44,942.8,16.74,5.55,1.55,NASA POWER Daily API,83.87
20240413,Rio Verde - GO,-17.7923,-50.9192,transporte,garoa,100.0,7.9,224.99,18.2,2.4,3.05,0,4.0,1.0,24.51,83.57,942.7,29.91,7.46,2.01,NASA POWER Daily API,70.31
20240414,Rio Verde - GO,-17.7923,-50.9192,campo,chuva,100.0,2.48,103.76,15.5,1.4,8.61,1,2.0,0.0,24.32,82.36,941.9,6.14,5.55,2.66,NASA POWER Daily API,84.94
20240415,Rio Verde - GO,-17.7923,-50.9192,transporte,garoa,100.0,6.36,306.74,15.36,1.4,0.66,0,4.0,1.0,24.1,80.11,942.0,1.77,11.7,2.61,NASA POWER Daily API,66.78
20240416,Rio Verde - GO,-17.7923,-50.9192,transporte,garoa,86.43,0.28,197.94,18.97,2.4,0.74,0,4.0,1.0,25.26,75.16,943.5,9.17,3.84,2.24,NASA POWER Daily API,56.95
20240417,Rio Verde - GO,-17.7923,-50.9192,campo,garoa,79.63,7.41,163.2,8.92,2.4,0.14,0,4.0,0.0,24.73,76.93,943.2,2.72,7.48,1.76,NASA POWER Daily API,55.29
20240418,Rio Verde - GO,-17.7923,-50.9192,manutencao,garoa,78.32,6.19,163.79,5.32,2.4,2.5,0,4.0,3.0,24.65,82.64,942.9,6.09,2.64,3.04,NASA POWER Daily API,45.38
20240419,Rio Verde - GO,-17.7923,-50.9192,campo,garoa,59.51,5.42,268.97,13.21,2.4,0.03,0,4.0,0.0,25.0,77.04,942.9,80.0,9.45,2.23,NASA POWER Daily API,46.44
20240420,Rio Verde - GO,-17.7923,-50.9192,proximidade_agua,garoa,48.11,0.0,350.84,11.53,1.4,0.04,0,4.0,2.0,25.13,73.74,943.8,1.9,2.62,2.21,NASA POWER Daily API,43.03
20240421,Rio Verde - GO,-17.7923,-50.9192,transporte,garoa,34.51,6.71,267.35,23.35,2.4,0.04,0,4.0,1.0,24.15,67.82,943.8,1.01,2.51,2.0,NASA POWER Daily API,64.92
20240422,Rio Verde - GO,-17.7923,-50.9192,proximidade_agua,garoa,30.34,7.95,419.85,7.26,2.4,0.02,0,4.0,2.0,23.68,59.37,943.1,16.78,3.66,1.47,NASA POWER Daily API,36.89
20240423,Rio Verde - GO,-17.7923,-50.9192,manutencao,garoa,24.01,11.24,323.61,3.37,2.4,0.06,0,4.0,3.0,24.74,55.38,943.3,5.97,7.85,1.32,NASA POWER Daily API,29.6
20240424,Rio Verde - GO,-17.7923,-50.9192,manutencao,garoa,31.72,4.45,160.13,7.63,1.4,0.21,0,4.0,3.0,25.97,57.24,943.6,1.24,5.44,1.26,NASA POWER Daily API,40.08
20240425,Rio Verde - GO,-17.7923,-50.9192,campo,garoa,20.73,3.43,233.49,20.68,2.4,0.03,0,4.0,0.0,25.89,63.13,942.8,6.61,1.77,2.35,NASA POWER Daily API,42.06
20240426,Rio Verde - GO,-17.7923,-50.9192,campo,garoa,23.15,3.43,170.5,12.33,1.4,0.01,0,4.0,0.0,26.41,61.42,942.2,17.92,11.85,2.37,NASA POWER Daily API,30.22
20240427,Rio Verde - GO,-17.7923,-50.9192,campo,garoa,16.82,0.68,106.3,14.84,2.4,0.01,0,4.0,0.0,25.34,62.97,942.1,6.01,6.11,2.25,NASA POWER Daily API,30.73
20240428,Rio Verde - GO,-17.7923,-50.9192,transporte,garoa,17.24,4.5,361.89,18.88,2.4,0.01,0,4.0,1.0,26.38,54.73,942.2,18.27,3.3,1.43,NASA POWER Daily API,39.91
20240429,Rio Verde - GO,-17.7923,-50.9192,manutencao,garoa,15.94,0.0,178.3,6.92,1.4,0.01,0,4.0,3.0,26.32,57.1,942.6,8.81,4.33,1.95,NASA POWER Daily API,17.67
20240430,Rio Verde - GO,-17.7923,-50.9192,transporte,sol,15.97,5.02,274.79,14.36,1.4,0.0,0,0.0,1.0,25.91,57.28,942.7,15.35,5.22,2.23,NASA POWER Daily API,32.23
20240501,Rio Verde - GO,-17.7923,-50.9192,transporte,sol,11.75,1.8,385.38,23.1,1.4,0.0,0,0.0,1.0,26.13,53.64,942.2,23.84,1.73,1.61,NASA POWER Daily API,38.55
20240502,Rio Verde - GO,-17.7923,-50.9192,campo,garoa,28.57,2.39,483.49,12.88,1.4,0.01,0,4.0,0.0,25.86,55.15,940.8,10.61,3.33,1.97,NASA POWER Daily API,31.54
20240503,Rio Verde - GO,-17.7923,-50.9192,campo,garoa,25.69,2.59,387.71,16.23,2.4,0.01,0,4.0,0.0,26.2,54.43,941.4,12.07,4.05,1.76,NASA POWER Daily API,37.19
20240504,Rio Verde - GO,-17.7923,-50.9192,transporte,sol,22.31,1.09,70.21,20.08,1.4,0.0,0,0.0,1.0,26.15,52.54,943.3,2.88,1.87,2.07,NASA POWER Daily API,49.05
20240505,Rio Verde - GO,-17.7923,-50.9192,campo,garoa,24.2,3.79,238.04,6.08,1.4,0.01,0,4.0,0.0,24.25,52.37,944.3,10.57,4.81,2.64,NASA POWER Daily API,22.96
20240506,Rio Verde - GO,-17.7923,-50.9192,proximidade_agua,garoa,30.04,3.69,102.56,4.59,1.4,0.01,0,4.0,2.0,24.43,59.87,942.9,3.53,2.77,3.12,NASA POWER Daily API,26.84
20240507,Rio Verde - GO,-17.7923,-50.9192,transporte,garoa,37.46,2.94,259.76,13.09,1.4,0.01,0,4.0,1.0,25.16,60.06,942.2,16.96,7.71,2.85,NASA POWER Daily API,34.95
20240508,Rio Verde - GO,-17.7923,-50.9192,transporte,garoa,22.38,3.53,405.34,21.85,3.4,0.01,0,4.0,1.0,24.75,58.14,943.5,17.34,6.2,2.64,NASA POWER Daily API,46.21
20240509,Rio Verde - GO,-17.7923,-50.9192,campo,garoa,21.78,5.17,290.89,14.59,1.4,0.01,0,4.0,0.0,25.38,48.42,944.2,10.95,5.02,1.71,NASA POWER Daily API,34.33
20240510,Rio Verde - GO,-17.7923,-50.9192,campo,sol,30.83,7.43,277.53,13.95,1.4,0.0,0,0.0,0.0,24.73,46.52,943.4,7.52,16.29,2.01,NASA POWER Daily API,38.76
20240511,Rio Verde - GO,-17.7923,-50.9192,campo,garoa,25.31,4.1,134.16,11.15,3.4,0.04,0,4.0,0.0,24.36,46.1,943.3,2.8,11.12,1.62,NASA POWER Daily API,40.35
20240512,Rio Verde - GO,-17.7923,-50.9192,transporte,garoa,28.22,5.26,256.96,22.16,2.4,0.01,0,4.0,1.0,24.29,47.96,942.3,6.25,2.22,2.29,NASA POWER Daily API,48.1
20240513,Rio Verde - GO,-17.7923,-50.9192,transporte,garoa,16.87,3.72,290.92,24.72,1.4,0.02,0,4.0,1.0,24.94,45.01,943.2,5.37,3.25,2.07,NASA POWER Daily API,44.07
20240514,Rio Verde - GO,-17.7923,-50.9192,campo,garoa,19.43,3.87,309.8,13.44,1.4,0.02,0,4.0,0.0,23.86,52.89,944.1,25.27,8.33,3.16,NASA POWER Daily API,30.83
20240515,Rio Verde - GO,-17.7923,-50.9192,transporte,garoa,28.3,5.55,246.7,20.61,1.4,0.04,0,4.0,1.0,24.61,52.19,943.7,12.4,5.49,2.2,NASA POWER Daily API,44.27
20240516,Rio Verde - GO,-17.7923,-50.9192,transporte,garoa,7.72,6.19,228.24,22.49,1.4,0.05,0,4.0,1.0,25.12,41.73,943.5,5.31,8.69,2.21,NASA POWER Daily API,41.14
20240517,Rio Verde - GO,-17.7923,-50.9192,transporte,garoa,17.89,4.06,403.1,15.79,1.4,0.01,0,4.0,1.0,24.38,39.92,945.0,2.28,7.39,2.01,NASA POWER Daily API,39.44
20240518,Rio Verde - GO,-17.7923,-50.9192,transporte,garoa,16.44,2.85,265.33,13.37,1.4,0.01,0,4.0,1.0,24.28,44.13,945.3,11.41,1.55,2.22,NASA POWER Daily API,28.69
20240519,Rio Verde - GO,-17.7923,-50.9192,transporte,sol,24.9,3.97,370.46,18.89,1.4,0.0,0,0.0,1.0,25.07,40.17,945.3,4.79,1.35,1.68,NASA POWER Daily API,39.29
20240520,Rio Verde - GO,-17.7923,-50.9192,campo,garoa,32.94,6.21,216.2,13.48,1.4,0.02,0,4.0,0.0,23.77,57.49,945.2,6.81,21.0,2.78,NASA POWER Daily API,37.8
20240521,Rio Verde - GO,-17.7923,-50.9192,campo,sol,25.9,6.94,200.51,10.09,1.4,0.0,0,0.0,0.0,24.45,49.25,945.0,2.4,8.67,2.54,NASA POWER Daily API,37.73
20240522,Rio Verde - GO,-17.7923,-50.9192,campo,sol,21.7,0.0,315.76,13.29,2.4,0.0,0,0.0,0.0,24.32,47.31,945.5,5.01,3.58,2.66,NASA POWER Daily API,29.3
20240523,Rio Verde - GO,-17.7923,-50.9192,campo,garoa,17.56,11.48,337.51,7.64,1.4,0.02,0,4.0,0.0,24.06,47.08,944.4,4.9,5.03,2.58,NASA POWER Daily API,30.99
20240524,Rio Verde - GO,-17.7923,-50.9192,transporte,garoa,9.07,3.74,211.27,19.92,4.4,0.02,0,4.0,1.0,26.17,44.75,943.6,9.84,5.07,2.48,NASA POWER Daily API,42.17
20240525,Rio Verde - GO,-17.7923,-50.9192,campo,garoa,36.4,5.05,216.27,3.39,2.4,0.17,0,4.0,0.0,24.48,63.58,945.4,6.67,3.65,3.25,NASA POWER Daily API,26.8
20240526,Rio Verde - GO,-17.7923,-50.9192,proximidade_agua,garoa,22.08,1.57,312.07,14.16,2.4,0.01,0,4.0,2.0,24.08,58.44,945.9,1.21,2.2,2.69,NASA POWER Daily API,48.13
20240527,Rio Verde - GO,-17.7923,-50.9192,manutencao,garoa,24.87,2.62,356.47,4.49,3.4,0.01,0,4.0,3.0,24.68,57.77,946.0,3.5,14.77,2.18,NASA POWER Daily API,24.12
20240528,Rio Verde - GO,-17.7923,-50.9192,transporte,garoa,26.8,3.21,297.4,24.55,1.4,0.07,0,4.0,1.0,22.19,61.19,947.7,3.58,9.07,4.02,NASA POWER Daily API,46.04
20240529,Rio Verde - GO,-17.7923,-50.9192,transporte,sol,28.83,4.21,244.1,23.21,1.4,0.0,0,0.0,1.0,20.58,55.93,947.7,32.7,5.52,3.47,NASA POWER Daily API,45.95
20240530,Rio Verde - GO,-17.7923,-50.9192,transporte,garoa,8.59,0.0,226.49,14.04,3.4,0.01,0,4.0,1.0,21.11,48.64,947.2,4.76,9.61,2.73,NASA POWER Daily API,28.34
20240531,Rio Verde - GO,-17.7923,-50.9192,proximidade_agua,garoa,20.19,5.13,336.78,11.82,1.4,0.02,0,4.0,2.0,21.22,41.57,947.2,1.47,4.36,2.66,NASA POWER Daily API,46.14
20240601,Rio Verde - GO,-17.7923,-50.9192,transporte,garoa,21.12,2.14,356.98,19.06,1.4,0.02,0,4.0,1.0,21.76,46.31,947.3,4.78,14.31,3.47,NASA POWER Daily API,36.33
20240602,Rio Verde - GO,-17.7923,-50.9192,campo,sol,26.2,1.17,201.45,8.93,1.4,0.0,0,0.0,0.0,22.53,49.41,947.2,6.26,3.78,3.12,NASA POWER Daily API,24.16
20240603,Rio Verde - GO,-17.7923,-50.9192,campo,sol,16.87,3.92,354.62,5.19,2.4,0.0,0,0.0,0.0,23.0,49.17,948.4,6.21,3.7,2.24,NASA POWER Daily API,21.64
20240604,Rio Verde - GO,-17.7923,-50.9192,transporte,sol,14.37,4.43,171.61,10.58,2.4,0.0,0,0.0,1.0,22.94,45.75,946.9,2.23,4.92,2.92,NASA POWER Daily API,34.26
20240605,Rio Verde - GO,-17.7923,-50.9192,campo,sol,27.45,4.8,346.63,13.8,1.4,0.0,0,0.0,0.0,23.27,43.1,946.7,1.19,12.12,2.41,NASA POWER Daily API,46.47
20240606,Rio Verde - GO,-17.7923,-50.9192,transporte,sol,26.66,6.22,177.04,20.4,5.4,0.0,0,0.0,1.0,22.91,46.86,946.7,6.31,9.58,2.73,NASA POWER Daily API,52.57
20240607,Rio Verde - GO,-17.7923,-50.9192,transporte,sol,12.38,5.97,244.78,19.17,1.4,0.0,0,0.0,1.0,23.21,49.56,947.5,23.08,8.48,2.87,NASA POWER Daily API,37.83
20240608,Rio Verde - GO,-17.7923,-50.9192,transporte,garoa,19.92,3.06,117.04,18.49,2.4,0.11,0,4.0,1.0,23.89,47.46,947.3,7.22,4.8,3.16,NASA POWER Daily API,38.45
20240609,Rio Verde - GO,-17.7923,-50.9192,transporte,garoa,15.18,0.0,142.82,24.99,2.4,0.01,0,4.0,1.0,23.37,47.15,946.0,54.57,3.31,3.12,NASA POWER Daily API,41.94
20240610,Rio Verde - GO,-17.7923,-50.9192,campo,garoa,23.35,7.75,146.82,8.79,1.4,0.04,0,4.0,0.0,23.23,42.24,945.9,46.18,3.26,2.59,NASA POWER Daily API,30.17
20240611,Rio Verde - GO,-17.7923,-50.9192,campo,sol,20.16,6.48,317.82,8.19,2.4,0.0,0,0.0,0.0,23.22,42.42,946.5,24.51,4.34,2.16,NASA POWER Daily API,29.19
20240612,Rio Verde - GO,-17.7923,-50.9192,campo,sol,13.3,10.46,273.11,16.85,2.4,0.0,0,0.0,0.0,23.42,43.29,945.7,1.78,1.52,2.99,NASA POWER Daily API,48.2
20240613,Rio Verde - GO,-17.7923,-50.9192,manutencao,sol,17.63,5.16,153.83,3.94,2.4,0.0,0,0.0,3.0,22.63,40.46,945.0,4.1,7.17,3.88,NASA POWER Daily API,21.84
20240614,Rio Verde - GO,-17.7923,-50.9192,campo,sol,19.78,10.43,221.48,17.58,1.4,0.0,0,0.0,0.0,23.72,47.93,945.0,3.08,6.11,3.55,NASA POWER Daily API,42.92
20240615,Rio Verde - GO,-17.7923,-50.9192,campo,sol,23.9,5.43,251.8,18.21,1.4,0.0,0,0.0,0.0,24.18,40.38,946.7,23.15,0.6,1.97,NASA POWER Daily API,39.57
20240616,Rio Verde - GO,-17.7923,-50.9192,transporte,sol,19.99,4.39,311.83,20.17,2.4,0.0,0,0.0,1.0,22.93,44.93,945.8,30.67,7.6,3.2,NASA POWER Daily API,41.97
20240617,Rio Verde - GO,-17.7923,-50.9192,proximidade_agua,sol,19.87,8.2,346.84,7.49,1.4,0.0,0,0.0,2.0,22.1,41.43,944.3,8.72,14.22,2.5,NASA POWER Daily API,32.04
20240618,Rio Verde - GO,-17.7923,-50.9192,manutencao,sol,12.82,11.96,81.33,10.87,1.4,0.0,0,0.0,3.0,22.24,37.98,943.6,44.17,5.69,2.73,NASA POWER Daily API,36.75
20240619,Rio Verde - GO,-17.7923,-50.9192,transporte,sol,13.52,2.22,234.01,17.52,1.4,0.0,0,0.0,1.0,22.69,35.37,944.6,9.55,6.14,2.52,NASA POWER Daily API,32.37
20240620,Rio Verde - GO,-17.7923,-50.9192,campo,sol,9.81,5.5,305.21,15.29,3.4,0.0,0,0.0,0.0,22.57,43.09,945.1,80.0,27.26,2.79,NASA POWER Daily API,37.16
20240621,Rio Verde - GO,-17.7923,-50.9192,transporte,sol,8.22,4.48,302.86,18.66,1.4,0.0,0,0.0,1.0,23.56,45.72,943.8,5.72,3.38,3.13,NASA POWER Daily API,34.64
20240622,Rio Verde - GO,-17.7923,-50.9192,transporte,sol,16.62,7.2,218.63,17.7,2.4,0.0,0,0.0,1.0,23.68,41.96,943.9,21.35,2.99,3.2,NASA POWER Daily API,40.96
20240623,Rio Verde - GO,-17.7923,-50.9192,campo,garoa,19.89,5.79,186.48,18.04,3.4,0.01,0,4.0,0.0,23.87,43.66,943.8,0.77,8.95,2.6,NASA POWER Daily API,55.05
20240624,Rio Verde - GO,-17.7923,-50.9192,campo,sol,22.39,1.42,254.18,8.35,3.4,0.0,0,0.0,0.0,24.74,41.66,944.4,54.86,4.01,2.25,NASA POWER Daily API,27.05
20240625,Rio Verde - GO,-17.7923,-50.9192,campo,sol,8.98,3.58,214.43,18.92,1.4,0.0,0,0.0,0.0,25.04,40.7,944.9,1.02,2.41,2.22,NASA POWER Daily API,46.17
20240626,Rio Verde - GO,-17.7923,-50.9192,transporte,sol,21.45,7.08,234.47,16.53,1.4,0.0,0,0.0,1.0,25.0,39.92,944.8,2.53,6.37,1.73,NASA POWER Daily API,44.61
20240627,Rio Verde - GO,-17.7923,-50.9192,transporte,sol,14.88,5.77,268.68,21.24,1.4,0.0,0,0.0,1.0,24.81,38.65,943.0,13.25,8.71,1.41,NASA POWER Daily API,41.27
20240628,Rio Verde - GO,-17.7923,-50.9192,campo,sol,18.71,4.15,335.76,12.29,2.4,0.0,0,0.0,0.0,24.0,37.36,943.0,1.56,5.79,2.78,NASA POWER Daily API,37.68
20240629,Rio Verde - GO,-17.7923,-50.9192,campo,sol,12.96,5.05,199.71,14.3,2.4,0.0,0,0.0,0.0,24.01,36.16,944.7,26.34,5.54,2.62,NASA POWER Daily API,33.3
20240630,Rio Verde - GO,-17.7923,-50.9192,campo,sol,24.19,8.98,309.28,10.64,2.4,0.0,0,0.0,0.0,24.75,40.73,944.7,20.9,6.02,2.46,NASA POWER Daily API,36.22
20240701,Rio Verde - GO,-17.7923,-50.9192,campo,sol,25.19,7.48,234.4,16.45,1.4,0.0,0,0.0,0.0,23.99,49.61,945.8,3.85,9.97,3.09,NASA POWER Daily API,39.98
20240702,Rio Verde - GO,-17.7923,-50.9192,transporte,sol,18.78,4.0,189.84,20.37,2.4,0.0,0,0.0,1.0,23.36,45.39,946.0,14.69,1.95,3.2,NASA POWER Daily API,41.44
20240703,Rio Verde - GO,-17.7923,-50.9192,transporte,garoa,16.0,4.39,217.66,27.57,1.4,0.06,0,4.0,1.0,23.49,35.75,944.7,12.37,8.53,2.21,NASA POWER Daily API,48.01
20240704,Rio Verde - GO,-17.7923,-50.9192,campo,garoa,28.86,1.49,208.48,7.75,1.4,0.04,0,4.0,0.0,23.32,37.4,944.3,15.83,3.67,1.73,NASA POWER Daily API,24.06
20240705,Rio Verde - GO,-17.7923,-50.9192,transporte,sol,23.46,5.66,379.89,18.73,1.4,0.0,0,0.0,1.0,23.35,39.0,945.7,9.83,3.51,1.74,NASA POWER Daily API,40.4
20240706,Rio Verde - GO,-17.7923,-50.9192,proximidade_agua,sol,9.85,6.08,324.71,12.46,1.4,0.0,0,0.0,2.0,23.69,37.19,946.1,6.54,11.63,2.1,NASA POWER Daily API,32.9
20240707,Rio Verde - GO,-17.7923,-50.9192,campo,sol,22.87,9.14,249.32,13.75,1.4,0.0,0,0.0,0.0,24.01,37.55,945.2,2.48,2.66,2.64,NASA POWER Daily API,43.69
20240708,Rio Verde - GO,-17.7923,-50.9192,campo,sol,15.78,3.43,137.97,12.67,1.4,0.0,0,0.0,0.0,24.83,38.48,944.2,22.72,14.99,2.25,NASA POWER Daily API,28.29
20240709,Rio Verde - GO,-17.7923,-50.9192,transporte,sol,15.84,6.57,260.79,17.92,2.4,0.0,0,0.0,1.0,24.44,45.63,943.1,6.24,7.71,2.82,NASA POWER Daily API,40.39
20240710,Rio Verde - GO,-17.7923,-50.9192,campo,sol,29.45,6.66,296.07,10.62,1.4,0.0,0,0.0,0.0,24.28,48.25,943.4,4.3,3.37,2.86,NASA POWER Daily API,33.27
20240711,Rio Verde - GO,-17.7923,-50.9192,transporte,sol,11.98,9.63,291.33,17.31,2.4,0.0,0,0.0,1.0,26.01,40.52,945.3,9.66,10.0,2.15,NASA POWER Daily API,41.53
20240712,Rio Verde - GO,-17.7923,-50.9192,transporte,sol,6.67,3.18,368.74,20.16,1.4,0.0,0,0.0,1.0,25.34,36.98,948.2,70.05,2.49,2.83,NASA POWER Daily API,34.38
20240713,Rio Verde - GO,-17.7923,-50.9192,campo,sol,14.88,1.18,221.57,14.86,1.4,0.0,0,0.0,0.0,23.95,47.78,947.7,5.12,2.84,2.72,NASA POWER Daily API,28.15
20240714,Rio Verde - GO,-17.7923,-50.9192,campo,sol,17.27,5.27,283.44,11.49,1.4,0.0,0,0.0,0.0,22.3,35.08,947.7,6.22,8.92,2.55,NASA POWER Daily API,28.95
20240715,Rio Verde - GO,-17.7923,-50.9192,proximidade_agua,sol,18.56,4.48,281.75,5.04,3.4,0.0,0,0.0,2.0,22.09,42.04,948.6,17.41,5.01,2.66,NASA POWER Daily API,28.68
20240716,Rio Verde - GO,-17.7923,-50.9192,campo,sol,19.56,5.26,341.64,15.74,1.4,0.0,0,0.0,0.0,22.61,42.39,948.8,4.72,4.96,2.57,NASA POWER Daily API,34.86
20240717,Rio Verde - GO,-17.7923,-50.9192,proximidade_agua,garoa,20.66,5.46,252.29,12.43,2.4,0.45,0,4.0,2.0,22.73,40.76,949.1,15.26,2.66,2.38,NASA POWER Daily API,37.82
20240718,Rio Verde - GO,-17.7923,-50.9192,campo,sol,21.5,3.38,132.91,7.32,1.4,0.0,0,0.0,0.0,23.43,40.32,947.4,1.4,2.23,2.71,NASA POWER Daily API,35.04
20240719,Rio Verde - GO,-17.7923,-50.9192,campo,sol,15.62,2.27,217.95,5.38,1.4,0.0,0,0.0,0.0,23.55,38.18,948.5,3.43,3.69,2.98,NASA POWER Daily API,17.61
20240720,Rio Verde - GO,-17.7923,-50.9192,campo,sol,14.75,2.25,90.9,13.65,1.4,0.0,0,0.0,0.0,22.81,36.51,948.1,4.52,2.8,2.88,NASA POWER Daily API,27.69
20240721,Rio Verde - GO,-17.7923,-50.9192,campo,sol,19.03,4.81,399.24,15.17,2.4,0.0,0,0.0,0.0,22.25,37.93,947.1,7.74,5.08,3.23,NASA POWER Daily API,35.78
20240722,Rio Verde - GO,-17.7923,-50.9192,transporte,sol,11.96,4.57,361.13,20.39,1.4,0.0,0,0.0,1.0,22.11,37.51,948.4,1.46,1.42,2.95,NASA POWER Daily API,49.7
20240723,Rio Verde - GO,-17.7923,-50.9192,transporte,sol,17.35,2.63,289.7,14.74,1.4,0.0,0,0.0,1.0,22.54,35.98,948.4,3.02,2.28,3.09,NASA POWER Daily API,30.21
20240724,Rio Verde - GO,-17.7923,-50.9192,campo,sol,5.0,7.77,176.12,14.41,3.4,0.0,0,0.0,0.0,23.03,29.76,948.3,8.38,3.94,3.09,NASA POWER Daily API,35.8
20240725,Rio Verde - GO,-17.7923,-50.9192,transporte,garoa,23.06,9.14,77.12,17.02,1.4,0.07,0,4.0,1.0,22.46,32.15,947.7,11.47,1.92,2.09,NASA POWER Daily API,45.59
20240726,Rio Verde - GO,-17.7923,-50.9192,campo,sol,19.04,2.71,133.57,7.03,3.4,0.0,0,0.0,0.0,22.59,29.52,945.9,2.92,1.9,2.74,NASA POWER Daily API,31.64
20240727,Rio Verde - GO,-17.7923,-50.9192,campo,sol,14.82,3.43,215.68,18.59,2.4,0.0,0,0.0,0.0,23.3,30.28,946.2,4.24,5.09,2.12,NASA POWER Daily API,37.41
20240728,Rio Verde - GO,-17.7923,-50.9192,transporte,garoa,11.29,4.19,210.39,20.79,2.4,0.01,0,4.0,1.0,24.93,33.12,946.8,9.93,4.43,2.05,NASA POWER Daily API,39.87
20240729,Rio Verde - GO,-17.7923,-50.9192,campo,sol,11.69,2.36,306.22,14.64,1.4,0.0,0,0.0,0.0,25.76,31.89,946.8,4.21,4.48,1.56,NASA POWER Daily API,28.22
20240730,Rio Verde - GO,-17.7923,-50.9192,transporte,sol,20.25,5.51,261.24,14.8,1.4,0.0,0,0.0,1.0,26.11,29.76,946.5,4.13,3.46,1.88,NASA POWER Daily API,34.32
20240731,Rio Verde - GO,-17.7923,-50.9192,campo,sol,18.29,0.0,246.59,12.56,1.4,0.0,0,0.0,0.0,24.89,38.64,946.7,8.61,1.83,3.58,NASA POWER Daily API,25.13
20240801,Rio Verde - GO,-17.7923,-50.9192,campo,sol,10.91,5.4,5.0,8.2,1.4,0.0,0,0.0,0.0,24.9,37.56,947.1,5.87,14.54,4.4,NASA POWER Daily API,48.61
20240802,Rio Verde - GO,-17.7923,-50.9192,transporte,garoa,15.61,7.19,261.81,18.03,3.4,0.01,0,4.0,1.0,24.61,38.35,946.1,6.48,4.09,4.14,NASA POWER Daily API,43.06
20240803,Rio Verde - GO,-17.7923,-50.9192,transporte,sol,13.94,8.44,170.99,25.45,1.4,0.0,0,0.0,1.0,25.3,37.12,945.9,2.94,6.55,4.28,NASA POWER Daily API,54.85
20240804,Rio Verde - GO,-17.7923,-50.9192,manutencao,sol,16.73,2.94,248.7,12.24,1.4,0.0,0,0.0,3.0,24.24,39.4,946.7,2.54,2.75,3.6,NASA POWER Daily API,33.35
20240805,Rio Verde - GO,-17.7923,-50.9192,transporte,sol,17.34,2.34,395.26,22.66,4.4,0.0,0,0.0,1.0,24.57,37.16,946.7,24.37,8.51,3.71,NASA POWER Daily API,46.38
20240806,Rio Verde - GO,-17.7923,-50.9192,proximidade_agua,sol,19.01,7.13,264.95,9.81,1.4,0.0,0,0.0,2.0,24.72,37.15,945.0,11.74,3.23,4.12,NASA POWER Daily API,33.51
20240807,Rio Verde - GO,-17.7923,-50.9192,campo,sol,13.75,2.24,134.79,15.04,1.4,0.0,0,0.0,0.0,25.43,36.13,943.3,2.07,4.34,3.05,NASA POWER Daily API,35.46
20240808,Rio Verde - GO,-17.7923,-50.9192,campo,sol,13.64,1.04,144.91,14.34,2.4,0.0,0,0.0,0.0,26.06,30.27,942.7,5.42,4.63,3.11,NASA POWER Daily API,29.48
20240809,Rio Verde - GO,-17.7923,-50.9192,campo,sol,23.91,0.0,334.51,0.7,1.4,0.0,0,0.0,0.0,24.81,37.9,944.4,1.06,18.92,3.2,NASA POWER Daily API,24.46
20240810,Rio Verde - GO,-17.7923,-50.9192,transporte,sol,25.51,7.97,222.9,17.38,1.4,0.0,0,0.0,1.0,17.09,45.38,946.7,15.61,3.92,5.7,NASA POWER Daily API,41.69
20240811,Rio Verde - GO,-17.7923,-50.9192,transporte,sol,14.96,1.63,232.04,19.48,1.4,0.0,0,0.0,1.0,18.5,29.23,945.7,4.63,11.52,2.64,NASA POWER Daily API,34.56
20240812,Rio Verde - GO,-17.7923,-50.9192,transporte,sol,10.46,3.94,298.63,14.35,1.4,0.0,0,0.0,1.0,18.33,29.18,947.8,9.42,1.85,3.61,NASA POWER Daily API,29.08
20240813,Rio Verde - GO,-17.7923,-50.9192,transporte,sol,18.79,1.94,164.59,20.03,2.4,0.0,0,0.0,1.0,19.22,27.34,947.3,4.73,12.09,3.5,NASA POWER Daily API,38.76
20240814,Rio Verde - GO,-17.7923,-50.9192,manutencao,sol,8.7,8.56,232.52,9.22,2.4,0.0,0,0.0,3.0,23.65,22.05,946.0,2.23,2.22,2.1,NASA POWER Daily API,35.26
20240815,Rio Verde - GO,-17.7923,-50.9192,campo,sol,11.26,7.9,236.71,5.56,3.4,0.0,0,0.0,0.0,26.89,22.18,945.6,8.41,5.77,1.95,NASA POWER Daily API,26.94
20240816,Rio Verde - GO,-17.7923,-50.9192,transporte,sol,9.23,10.08,315.96,15.56,2.4,0.0,0,0.0,1.0,26.33,31.44,945.8,5.48,15.29,2.7,NASA POWER Daily API,38.98
20240817,Rio Verde - GO,-17.7923,-50.9192,campo,sol,6.53,4.31,282.47,6.24,2.4,0.0,0,0.0,0.0,27.16,29.72,945.0,8.43,3.2,2.71,NASA POWER Daily API,20.49
20240818,Rio Verde - GO,-17.7923,-50.9192,campo,sol,5.0,4.07,286.42,7.97,1.4,0.0,0,0.0,0.0,26.55,25.37,944.9,15.68,1.85,2.98,NASA POWER Daily API,19.8
20240819,Rio Verde - GO,-17.7923,-50.9192,campo,sol,5.0,9.53,335.73,19.31,1.4,0.0,0,0.0,0.0,26.7,22.2,944.8,6.06,2.49,2.41,NASA POWER Daily API,39.72
20240820,Rio Verde - GO,-17.7923,-50.9192,transporte,sol,9.11,3.75,397.53,18.43,2.4,0.0,0,0.0,1.0,26.19,24.02,945.2,80.0,4.03,2.59,NASA POWER Daily API,35.9
20240821,Rio Verde - GO,-17.7923,-50.9192,campo,sol,12.95,2.91,329.62,15.92,1.4,0.0,0,0.0,0.0,26.0,20.53,944.2,3.8,5.08,3.46,NASA POWER Daily API,30.96
20240822,Rio Verde - GO,-17.7923,-50.9192,transporte,sol,16.4,6.75,254.01,21.73,1.4,0.0,0,0.0,1.0,26.03,22.46,943.0,4.12,5.8,3.77,NASA POWER Daily API,43.37
20240823,Rio Verde - GO,-17.7923,-50.9192,proximidade_agua,sol,11.99,9.17,333.77,5.8,2.4,0.0,0,0.0,2.0,27.97,26.18,942.1,4.82,11.5,3.52,NASA POWER Daily API,30.89
20240824,Rio Verde - GO,-17.7923,-50.9192,campo,sol,13.09,6.85,233.36,9.58,1.4,0.0,0,0.0,0.0,28.78,27.4,943.4,15.98,3.76,3.58,NASA POWER Daily API,27.27
20240825,Rio Verde - GO,-17.7923,-50.9192,campo,garoa,28.53,5.78,345.67,15.42,1.4,0.01,0,4.0,0.0,20.22,54.17,949.0,21.31,3.33,6.99,NASA POWER Daily API,37.69
20240826,Rio Verde - GO,-17.7923,-50.9192,transporte,sol,12.25,3.05,139.94,17.71,1.4,0.0,0,0.0,1.0,19.29,35.77,948.5,6.94,2.71,4.58,NASA POWER Daily API,32.83
20240827,Rio Verde - GO,-17.7923,-50.9192,transporte,sol,24.55,5.54,189.95,21.08,1.4,0.0,0,0.0,1.0,23.15,33.28,947.6,13.32,1.07,3.3,NASA POWER Daily API,43.41
20240828,Rio Verde - GO,-17.7923,-50.9192,transporte,sol,5.0,3.84,163.66,15.67,1.4,0.0,0,0.0,1.0,25.11,25.77,947.1,1.03,4.71,3.15,NASA POWER Daily API,41.03
20240829,Rio Verde - GO,-17.7923,-50.9192,campo,sol,9.61,0.05,248.16,10.48,1.4,0.0,0,0.0,0.0,26.14,32.88,947.5,2.39,6.59,4.22,NASA POWER Daily API,25.92
20240830,Rio Verde - GO,-17.7923,-50.9192,campo,sol,7.93,1.53,271.6,7.66,1.4,0.0,0,0.0,0.0,25.95,31.53,946.8,29.8,4.79,3.62,NASA POWER Daily API,17.49
20240831,Rio Verde - GO,-17.7923,-50.9192,proximidade_agua,sol,12.16,3.93,247.24,10.14,1.4,0.0,0,0.0,2.0,26.09,24.24,945.8,7.64,4.79,2.94,NASA POWER Daily API,28.45
20240901,Rio Verde - GO,-17.7923,-50.9192,campo,sol,13.48,7.17,271.15,7.47,1.4,0.0,0,0.0,0.0,26.71,17.8,945.4,8.47,3.61,2.42,NASA POWER Daily API,24.94
20240902,Rio Verde - GO,-17.7923,-50.9192,campo,sol,5.0,7.88,318.06,12.82,1.4,0.0,0,0.0,0.0,27.51,15.76,942.9,2.97,4.84,2.21,NASA POWER Daily API,36.01
20240903,Rio Verde - GO,-17.7923,-50.9192,campo,garoa,5.0,0.0,196.88,7.98,1.4,0.04,0,4.0,0.0,27.56,17.57,942.5,15.97,4.62,3.53,NASA POWER Daily API,15.75
20240904,Rio Verde - GO,-17.7923,-50.9192,campo,sol,5.0,4.07,255.67,16.91,1.4,0.0,0,0.0,0.0,28.91,16.84,942.8,8.39,1.99,2.99,NASA POWER Daily API,31.13
20240905,Rio Verde - GO,-17.7923,-50.9192,campo,sol,12.96,0.0,374.15,14.25,1.4,0.0,0,0.0,0.0,29.41,17.66,943.2,3.35,14.05,2.38,NASA POWER Daily API,25.89
20240906,Rio Verde - GO,-17.7923,-50.9192,transporte,sol,13.83,4.93,205.07,19.61,2.4,0.0,0,0.0,1.0,28.32,34.21,942.3,41.26,4.7,3.07,NASA POWER Daily API,40.24
20240907,Rio Verde - GO,-17.7923,-50.9192,campo,sol,5.0,4.91,195.32,13.11,1.4,0.0,0,0.0,0.0,28.73,25.58,943.3,14.24,2.76,4.16,NASA POWER Daily API,27.22
20240908,Rio Verde - GO,-17.7923,-50.9192,campo,garoa,11.42,10.0,274.58,20.72,1.4,0.31,0,4.0,0.0,27.61,29.23,945.4,28.62,4.42,4.46,NASA POWER Daily API,44.15
20240909,Rio Verde - GO,-17.7923,-50.9192,campo,sol,17.06,7.4,305.13,10.52,1.4,0.0,0,0.0,0.0,26.66,24.83,944.6,21.78,10.38,3.84,NASA POWER Daily API,30.13
20240910,Rio Verde - GO,-17.7923,-50.9192,campo,garoa,6.77,1.61,330.52,7.79,1.4,0.2,0,4.0,0.0,26.5,22.63,943.1,12.41,3.67,3.18,NASA POWER Daily API,17.84
20240911,Rio Verde - GO,-17.7923,-50.9192,campo,sol,5.0,9.81,287.11,2.67,2.4,0.0,0,0.0,0.0,27.1,26.15,942.6,4.92,2.91,3.64,NASA POWER Daily API,21.52
20240912,Rio Verde - GO,-17.7923,-50.9192,transporte,sol,23.48,1.55,152.59,20.21,1.4,0.0,0,0.0,1.0,28.16,25.26,943.0,2.91,8.56,2.79,NASA POWER Daily API,44.13
20240913,Rio Verde - GO,-17.7923,-50.9192,campo,sol,9.37,4.56,222.39,11.72,1.4,0.0,0,0.0,0.0,28.9,25.03,942.5,4.26,3.54,2.73,NASA POWER Daily API,26.48
20240914,Rio Verde - GO,-17.7923,-50.9192,proximidade_agua,sol,17.8,6.96,180.75,2.63,2.4,0.0,0,0.0,2.0,29.21,28.06,942.4,2.78,4.53,2.74,NASA POWER Daily API,32.33
20240915,Rio Verde - GO,-17.7923,-50.9192,campo,sol,9.56,3.03,358.18,14.05,2.4,0.0,0,0.0,0.0,30.23,23.79,942.6,17.27,11.84,2.37,NASA POWER Daily API,29.99
20240916,Rio Verde - GO,-17.7923,-50.9192,campo,sol,26.84,8.4,203.1,15.81,1.4,0.0,0,0.0,0.0,28.32,35.48,944.1,45.8,2.91,4.12,NASA POWER Daily API,40.76
20240917,Rio Verde - GO,-17.7923,-50.9192,campo,garoa,15.1,6.14,241.75,14.16,1.4,0.01,0,4.0,0.0,27.61,43.99,943.4,15.7,5.55,3.72,NASA POWER Daily API,32.86
20240918,Rio Verde - GO,-17.7923,-50.9192,transporte,garoa,22.76,3.28,289.09,19.44,1.4,0.12,0,4.0,1.0,30.15,30.53,942.1,60.99,5.13,3.33,NASA POWER Daily API,38.95
20240919,Rio Verde - GO,-17.7923,-50.9192,campo,garoa,22.16,3.52,123.56,8.57,1.4,0.81,0,4.0,0.0,31.67,28.56,941.3,1.34,4.06,3.65,NASA POWER Daily API,38.15
20240920,Rio Verde - GO,-17.7923,-50.9192,campo,garoa,17.13,6.51,309.63,7.98,2.4,0.01,0,4.0,0.0,31.15,25.52,941.2,10.75,6.25,3.97,NASA POWER Daily API,28.43
20240921,Rio Verde - GO,-17.7923,-50.9192,campo,sol,17.96,10.2,287.45,9.33,1.4,0.0,0,0.0,0.0,30.1,26.91,941.3,4.96,4.06,2.49,NASA POWER Daily API,32.08
20240922,Rio Verde - GO,-17.7923,-50.9192,campo,sol,13.68,7.71,291.53,8.11,2.4,0.0,0,0.0,0.0,30.77,27.29,940.6,6.19,13.29,3.31,NASA POWER Daily API,28.85
20240923,Rio Verde - GO,-17.7923,-50.9192,transporte,sol,16.82,4.88,144.26,19.99,1.4,0.0,0,0.0,1.0,30.76,28.13,940.5,34.78,2.05,2.71,NASA POWER Daily API,39.53
20240924,Rio Verde - GO,-17.7923,-50.9192,campo,sol,6.04,4.47,316.62,16.6,1.4,0.0,0,0.0,0.0,31.26,23.86,940.4,15.23,3.44,2.29,NASA POWER Daily API,31.64
20240925,Rio Verde - GO,-17.7923,-50.9192,campo,garoa,14.54,5.56,215.01,10.74,3.4,0.01,0,4.0,0.0,32.25,24.16,939.9,13.09,3.89,3.2,NASA POWER Daily API,32.53
20240926,Rio Verde - GO,-17.7923,-50.9192,campo,sol,15.0,0.98,243.05,9.21,1.4,0.0,0,0.0,0.0,32.21,24.03,940.1,3.19,7.34,2.42,NASA POWER Daily API,21.59
20240927,Rio Verde - GO,-17.7923,-50.9192,transporte,sol,18.82,2.55,441.31,10.43,1.4,0.0,0,0.0,1.0,31.12,35.32,941.1,39.07,6.43,3.87,NASA POWER Daily API,25.69
20240928,Rio Verde - GO,-17.7923,-50.9192,campo,garoa,20.25,6.33,285.48,7.6,1.4,0.48,0,4.0,0.0,30.52,41.24,941.8,13.84,10.87,3.66,NASA POWER Daily API,26.96
20240929,Rio Verde - GO,-17.7923,-50.9192,campo,garoa,19.78,0.57,410.66,7.26,1.4,1.32,0,4.0,0.0,30.5,34.51,941.9,5.79,3.91,3.47,NASA POWER Daily API,21.14
20240930,Rio Verde - GO,-17.7923,-50.9192,campo,sol,16.83,6.14,190.67,11.22,1.4,0.0,0,0.0,0.0,31.06,32.63,941.6,6.12,4.64,4.25,NASA POWER Daily API,29.82
20241001,Rio Verde - GO,-17.7923,-50.9192,proximidade_agua,sol,12.93,0.0,378.58,10.02,2.4,0.0,0,0.0,2.0,31.01,29.24,940.3,3.01,14.38,3.07,NASA POWER Daily API,26.94
20241002,Rio Verde - GO,-17.7923,-50.9192,campo,sol,5.0,5.55,362.52,12.7,1.4,0.0,0,0.0,0.0,32.16,23.22,939.2,2.88,2.99,2.05,NASA POWER Daily API,33.78
20241003,Rio Verde - GO,-17.7923,-50.9192,proximidade_agua,sol,10.46,0.0,292.65,8.63,2.4,0.0,0,0.0,2.0,33.59,26.37,939.6,2.69,9.0,2.8,NASA POWER Daily API,31.63
20241004,Rio Verde - GO,-17.7923,-50.9192,campo,garoa,17.86,5.28,287.85,9.89,3.4,0.01,0,4.0,0.0,32.77,35.72,941.0,2.31,4.42,4.82,NASA POWER Daily API,38.45
20241005,Rio Verde - GO,-17.7923,-50.9192,transporte,sol,24.66,10.2,192.36,24.74,2.4,0.0,0,0.0,1.0,31.09,33.61,941.5,15.62,2.47,4.58,NASA POWER Daily API,55.49
20241006,Rio Verde - GO,-17.7923,-50.9192,campo,garoa,13.35,4.44,239.06,4.93,2.4,0.02,0,4.0,0.0,30.99,21.65,940.4,3.08,4.14,3.01,NASA POWER Daily API,21.38
20241007,Rio Verde - GO,-17.7923,-50.9192,proximidade_agua,sol,5.0,4.51,111.26,14.07,1.4,0.0,0,0.0,2.0,31.88,19.73,938.5,2.6,1.28,1.84,NASA POWER Daily API,38.34
20241008,Rio Verde - GO,-17.7923,-50.9192,campo,garoa,13.31,5.17,333.41,15.8,1.4,0.61,0,4.0,0.0,33.14,27.67,939.1,5.8,3.94,3.63,NASA POWER Daily API,35.02
20241009,Rio Verde - GO,-17.7923,-50.9192,campo,garoa,36.21,4.17,385.5,13.13,1.4,4.54,0,4.0,0.0,31.02,42.26,941.4,72.59,12.29,2.49,NASA POWER Daily API,40.28
20241010,Rio Verde - GO,-17.7923,-50.9192,transporte,garoa,36.49,11.51,253.01,17.5,2.4,3.99,0,4.0,1.0,29.41,53.5,941.6,2.64,6.2,2.52,NASA POWER Daily API,61.15
20241011,Rio Verde - GO,-17.7923,-50.9192,campo,garoa,42.99,6.27,453.79,7.37,1.4,0.18,0,4.0,0.0,30.06,46.21,940.4,1.33,5.55,3.7,NASA POWER Daily API,45.25
20241012,Rio Verde - GO,-17.7923,-50.9192,campo,garoa,44.28,2.85,182.25,5.89,1.4,3.66,0,4.0,0.0,29.19,54.5,943.3,8.25,9.39,2.8,NASA POWER Daily API,31.3
20241013,Rio Verde - GO,-17.7923,-50.9192,campo,garoa,47.02,0.0,223.2,15.2,1.4,0.02,0,4.0,0.0,29.85,50.05,945.2,3.26,8.28,2.2,NASA POWER Daily API,37.17
20241014,Rio Verde - GO,-17.7923,-50.9192,transporte,chuva,62.48,6.06,260.52,15.4,2.4,10.43,0,2.0,1.0,30.39,48.74,944.5,5.07,9.07,3.16,NASA POWER Daily API,65.01
20241015,Rio Verde - GO,-17.7923,-50.9192,proximidade_agua,chuva,100.0,6.15,207.96,0.0,3.4,22.04,1,2.0,2.0,24.2,84.33,943.7,18.76,8.45,2.99,NASA POWER Daily API,90.35
20241016,Rio Verde - GO,-17.7923,-50.9192,manutencao,garoa,87.73,9.61,395.26,6.9,1.4,0.49,0,4.0,3.0,27.09,66.25,941.2,24.02,4.8,2.15,NASA POWER Daily API,49.83
20241017,Rio Verde - GO,-17.7923,-50.9192,campo,garoa,83.78,0.0,265.99,8.53,1.4,2.29,0,4.0,0.0,28.36,57.42,940.9,11.04,2.23,2.55,NASA POWER Daily API,42.32
20241018,Rio Verde - GO,-17.7923,-50.9192,proximidade_agua,chuva,100.0,3.22,254.62,0.51,1.4,17.81,1,2.0,2.0,26.25,68.09,940.7,8.83,5.72,2.71,NASA POWER Daily API,79.8
20241019,Rio Verde - GO,-17.7923,-50.9192,campo,chuva,100.0,0.0,341.37,14.37,2.4,6.05,1,2.0,0.0,25.2,75.18,938.3,24.41,9.27,2.97,NASA POWER Daily API,80.89
20241020,Rio Verde - GO,-17.7923,-50.9192,campo,chuva,100.0,0.28,233.5,17.87,1.4,5.91,1,2.0,0.0,23.55,82.61,938.4,4.19,3.53,3.57,NASA POWER Daily API,83.27
20241021,Rio Verde - GO,-17.7923,-50.9192,transporte,chuva,100.0,0.4,352.17,17.26,1.4,9.08,1,2.0,1.0,24.48,81.04,941.8,2.42,11.87,2.87,NASA POWER Daily API,91.41
20241022,Rio Verde - GO,-17.7923,-50.9192,transporte,chuva,100.0,8.95,225.01,16.48,2.4,6.17,1,2.0,1.0,25.7,75.71,943.3,7.38,5.01,2.27,NASA POWER Daily API,92.69
20241023,Rio Verde - GO,-17.7923,-50.9192,campo,chuva,100.0,3.67,265.58,8.55,1.4,5.26,1,2.0,0.0,26.61,73.99,941.2,5.26,4.95,2.84,NASA POWER Daily API,74.36
20241024,Rio Verde - GO,-17.7923,-50.9192,transporte,chuva,100.0,5.23,319.86,16.66,2.4,19.12,1,2.0,1.0,26.77,74.93,939.3,19.16,5.91,3.26,NASA POWER Daily API,100.0
20241025,Rio Verde - GO,-17.7923,-50.9192,proximidade_agua,tempestade,100.0,4.15,262.59,3.29,1.4,37.14,1,3.0,2.0,25.73,83.68,939.9,15.28,7.81,4.22,NASA POWER Daily API,100.0
20241026,Rio Verde - GO,-17.7923,-50.9192,transporte,tempestade,100.0,6.63,97.72,17.73,1.4,46.52,1,3.0,1.0,24.62,88.49,941.7,2.9,5.95,1.98,NASA POWER Daily API,100.0
20241027,Rio Verde - GO,-17.7923,-50.9192,manutencao,garoa,100.0,2.95,322.02,3.21,2.4,4.92,0,4.0,3.0,24.99,86.63,943.0,16.1,7.9,2.4,NASA POWER Daily API,48.49
20241028,Rio Verde - GO,-17.7923,-50.9192,transporte,chuva,100.0,2.55,280.08,14.07,2.4,5.84,1,2.0,1.0,24.47,84.82,943.9,8.34,3.85,1.58,NASA POWER Daily API,82.6
20241029,Rio Verde - GO,-17.7923,-50.9192,campo,chuva,100.0,9.14,286.6,6.47,1.4,6.79,1,2.0,0.0,24.54,83.62,942.4,7.5,8.27,1.62,NASA POWER Daily API,78.88
20241030,Rio Verde - GO,-17.7923,-50.9192,transporte,chuva,100.0,4.21,180.93,16.13,4.4,6.38,1,2.0,1.0,25.82,77.89,940.2,9.08,3.21,2.16,NASA POWER Daily API,91.99
20241031,Rio Verde - GO,-17.7923,-50.9192,campo,garoa,100.0,5.56,207.95,9.75,1.4,1.54,0,4.0,0.0,24.86,78.96,939.7,2.12,10.28,2.76,NASA POWER Daily API,59.92
20241101,Rio Verde - GO,-17.7923,-50.9192,transporte,garoa,100.0,5.64,360.79,27.7,1.4,0.82,0,4.0,1.0,24.14,80.99,940.6,1.42,4.16,3.12,NASA POWER Daily API,87.69
20241102,Rio Verde - GO,-17.7923,-50.9192,campo,garoa,84.7,2.92,411.54,19.03,2.4,2.52,0,4.0,0.0,24.36,81.83,941.6,3.63,4.45,2.8,NASA POWER Daily API,61.11
20241103,Rio Verde - GO,-17.7923,-50.9192,campo,garoa,81.7,1.66,37.58,4.5,1.4,2.33,0,4.0,0.0,24.58,81.13,940.2,3.96,5.49,1.37,NASA POWER Daily API,54.21
20241104,Rio Verde - GO,-17.7923,-50.9192,campo,chuva,96.84,1.53,165.17,7.83,1.4,13.92,1,2.0,0.0,24.66,86.93,939.9,14.22,2.87,2.39,NASA POWER Daily API,79.01
20241105,Rio Verde - GO,-17.7923,-50.9192,campo,garoa,85.54,7.09,246.89,16.32,2.4,3.36,0,4.0,0.0,23.86,88.63,941.0,4.28,2.52,3.24,NASA POWER Daily API,63.99
20241106,Rio Verde - GO,-17.7923,-50.9192,campo,garoa,95.57,1.77,249.17,5.52,1.4,4.82,0,4.0,0.0,22.98,87.84,940.8,3.5,3.87,3.33,NASA POWER Daily API,46.99
20241107,Rio Verde - GO,-17.7923,-50.9192,campo,chuva,97.7,0.0,206.79,13.37,1.4,7.39,1,2.0,0.0,23.16,88.84,939.3,5.27,5.82,3.45,NASA POWER Daily API,78.85
20241108,Rio Verde - GO,-17.7923,-50.9192,transporte,garoa,95.71,0.0,335.52,20.36,1.4,2.4,0,4.0,1.0,24.4,82.8,938.3,21.51,4.13,4.08,NASA POWER Daily API,60.97
20241109,Rio Verde - GO,-17.7923,-50.9192,campo,garoa,100.0,10.39,201.06,10.89,2.4,4.97,0,4.0,0.0,24.98,81.08,939.6,13.0,7.61,2.07,NASA POWER Daily API,65.83
20241110,Rio Verde - GO,-17.7923,-50.9192,campo,garoa,94.87,4.48,156.57,7.44,1.4,0.87,0,4.0,0.0,25.2,79.67,939.7,17.85,8.4,2.17,NASA POWER Daily API,47.72
20241111,Rio Verde - GO,-17.7923,-50.9192,manutencao,garoa,72.48,5.82,283.59,9.75,2.4,0.7,0,4.0,3.0,26.04,75.3,939.2,3.49,2.81,1.88,NASA POWER Daily API,47.32
20241112,Rio Verde - GO,-17.7923,-50.9192,campo,garoa,80.69,0.0,393.01,11.98,2.4,3.43,0,4.0,0.0,26.07,73.95,938.6,29.03,5.56,1.96,NASA POWER Daily API,49.1
20241113,Rio Verde - GO,-17.7923,-50.9192,proximidade_agua,chuva,100.0,6.15,241.64,9.14,2.4,15.15,1,2.0,2.0,23.75,84.65,939.1,2.63,3.99,2.97,NASA POWER Daily API,99.4
20241114,Rio Verde - GO,-17.7923,-50.9192,proximidade_agua,garoa,70.87,2.0,90.28,5.0,3.4,1.84,0,4.0,2.0,24.74,79.54,939.0,80.0,11.02,2.34,NASA POWER Daily API,44.14
20241115,Rio Verde - GO,-17.7923,-50.9192,campo,chuva,95.21,0.12,126.26,11.46,2.4,5.6,1,2.0,0.0,24.07,83.64,939.8,4.3,5.51,3.98,NASA POWER Daily API,75.41
20241116,Rio Verde - GO,-17.7923,-50.9192,campo,garoa,84.28,4.27,187.35,12.91,2.4,2.89,0,4.0,0.0,24.19,83.22,941.2,13.91,8.72,3.66,NASA POWER Daily API,55.13
20241117,Rio Verde - GO,-17.7923,-50.9192,proximidade_agua,chuva,100.0,4.82,182.53,6.42,3.4,16.77,1,2.0,2.0,24.19,84.67,941.7,22.09,8.83,2.46,NASA POWER Daily API,92.11
20241118,Rio Verde - GO,-17.7923,-50.9192,campo,garoa,100.0,10.07,245.96,5.53,2.4,3.13,0,4.0,0.0,25.44,79.44,940.4,30.9,5.66,1.4,NASA POWER Daily API,56.99
20241119,Rio Verde - GO,-17.7923,-50.9192,proximidade_agua,garoa,100.0,9.38,129.23,4.96,1.4,3.35,0,4.0,2.0,25.8,81.9,939.6,0.92,8.01,1.9,NASA POWER Daily API,69.67
20241120,Rio Verde - GO,-17.7923,-50.9192,transporte,garoa,92.58,5.75,311.61,16.81,1.4,1.15,0,4.0,1.0,26.53,78.88,940.6,8.05,8.21,2.09,NASA POWER Daily API,60.28
20241121,Rio Verde - GO,-17.7923,-50.9192,campo,tempestade,100.0,0.66,277.35,6.46,3.4,25.42,1,3.0,0.0,25.66,84.04,940.7,9.77,6.72,2.17,NASA POWER Daily API,95.58
20241122,Rio Verde - GO,-17.7923,-50.9192,campo,chuva,100.0,9.6,190.42,3.15,1.4,13.7,1,2.0,0.0,25.18,84.95,940.4,16.7,7.28,1.85,NASA POWER Daily API,81.91
20241123,Rio Verde - GO,-17.7923,-50.9192,campo,tempestade,100.0,8.51,288.51,1.65,1.4,28.35,1,3.0,0.0,25.2,84.53,940.1,8.68,6.11,1.83,NASA POWER Daily API,96.33
20241124,Rio Verde - GO,-17.7923,-50.9192,campo,garoa,100.0,0.0,247.84,4.5,1.4,1.85,0,4.0,0.0,25.04,80.84,941.3,27.88,2.5,2.95,NASA POWER Daily API,41.7
20241125,Rio Verde - GO,-17.7923,-50.9192,campo,garoa,100.0,3.05,295.06,10.0,2.4,0.03,0,4.0,0.0,24.67,79.56,942.3,21.05,2.68,3.88,NASA POWER Daily API,52.13
20241126,Rio Verde - GO,-17.7923,-50.9192,transporte,garoa,100.0,9.47,246.59,15.51,1.4,0.9,0,4.0,1.0,25.0,79.95,941.8,2.59,4.98,3.3,NASA POWER Daily API,70.47
20241127,Rio Verde - GO,-17.7923,-50.9192,campo,garoa,100.0,2.95,256.71,11.48,2.4,0.43,0,4.0,0.0,25.92,79.69,940.3,10.43,5.35,2.75,NASA POWER Daily API,54.39
20241128,Rio Verde - GO,-17.7923,-50.9192,campo,garoa,100.0,6.44,188.73,15.86,2.4,1.48,0,4.0,0.0,26.14,80.2,939.8,9.23,5.99,3.07,NASA POWER Daily API,64.57
20241129,Rio Verde - GO,-17.7923,-50.9192,transporte,garoa,88.19,8.74,261.97,16.37,1.4,2.9,0,4.0,1.0,25.52,83.24,941.5,2.85,1.9,2.24,NASA POWER Daily API,69.16
20241130,Rio Verde - GO,-17.7923,-50.9192,campo,garoa,67.84,0.0,179.21,14.89,1.4,4.11,0,4.0,0.0,25.36,85.46,941.0,16.33,4.68,2.41,NASA POWER Daily API,47.31
20241201,Rio Verde - GO,-17.7923,-50.9192,transporte,garoa,61.5,0.0,162.8,22.69,2.4,4.81,0,4.0,1.0,24.85,84.14,940.0,11.23,1.43,3.13,NASA POWER Daily API,57.94
20241202,Rio Verde - GO,-17.7923,-50.9192,proximidade_agua,garoa,67.07,9.69,375.83,6.8,1.4,1.13,0,4.0,2.0,24.86,83.21,939.8,7.11,4.99,3.93,NASA POWER Daily API,48.29
20241203,Rio Verde - GO,-17.7923,-50.9192,manutencao,chuva,76.27,4.55,266.25,8.97,2.4,6.88,0,2.0,3.0,25.05,83.1,940.2,2.71,10.53,1.62,NASA POWER Daily API,62.45
20241204,Rio Verde - GO,-17.7923,-50.9192,campo,chuva,100.0,0.0,210.31,14.68,2.4,14.09,1,2.0,0.0,24.28,86.21,940.3,11.08,5.14,1.01,NASA POWER Daily API,89.04
20241205,Rio Verde - GO,-17.7923,-50.9192,transporte,garoa,97.15,4.39,210.54,29.43,2.4,4.38,0,4.0,1.0,23.94,87.49,940.3,4.42,13.16,2.27,NASA POWER Daily API,81.79
20241206,Rio Verde - GO,-17.7923,-50.9192,transporte,garoa,92.56,3.73,139.01,15.23,1.4,0.67,0,4.0,1.0,25.42,81.47,940.8,3.25,5.71,2.83,NASA POWER Daily API,55.71
20241207,Rio Verde - GO,-17.7923,-50.9192,campo,garoa,84.31,0.0,188.02,10.62,1.4,0.77,0,4.0,0.0,25.84,76.18,941.0,8.54,5.88,3.23,NASA POWER Daily API,43.64
20241208,Rio Verde - GO,-17.7923,-50.9192,transporte,garoa,76.97,0.81,358.07,24.54,1.4,1.17,0,4.0,1.0,26.62,73.3,941.4,5.85,6.98,2.7,NASA POWER Daily API,60.04
20241209,Rio Verde - GO,-17.7923,-50.9192,campo,garoa,65.79,6.3,335.84,18.42,1.4,0.57,0,4.0,0.0,26.0,74.54,941.4,4.39,3.31,1.63,NASA POWER Daily API,54.23
20241210,Rio Verde - GO,-17.7923,-50.9192,transporte,garoa,75.47,4.77,269.76,18.77,3.4,3.35,0,4.0,1.0,26.14,76.89,940.3,3.6,4.51,2.11,NASA POWER Daily API,62.98
20241211,Rio Verde - GO,-17.7923,-50.9192,campo,garoa,51.14,0.0,262.06,13.91,1.4,2.06,0,4.0,0.0,26.29,75.96,938.9,7.33,6.23,1.85,NASA POWER Daily API,39.17
20241212,Rio Verde - GO,-17.7923,-50.9192,transporte,chuva,100.0,0.75,252.31,24.56,1.4,24.28,1,2.0,1.0,24.95,84.4,939.6,13.7,9.36,3.26,NASA POWER Daily API,100.0
20241213,Rio Verde - GO,-17.7923,-50.9192,campo,garoa,87.14,6.43,237.28,8.98,1.4,0.9,0,4.0,0.0,24.57,78.41,939.8,5.41,4.19,1.83,NASA POWER Daily API,49.4
20241214,Rio Verde - GO,-17.7923,-50.9192,campo,chuva,100.0,8.31,156.77,3.07,1.4,8.8,1,2.0,0.0,24.25,83.57,939.4,6.16,4.0,2.66,NASA POWER Daily API,75.88
20241215,Rio Verde - GO,-17.7923,-50.9192,transporte,garoa,100.0,2.82,303.0,14.21,1.4,3.81,0,4.0,1.0,24.86,81.28,939.3,0.9,9.44,3.42,NASA POWER Daily API,70.8
20241216,Rio Verde - GO,-17.7923,-50.9192,transporte,garoa,100.0,6.03,306.73,18.78,1.4,1.51,0,4.0,1.0,25.37,79.78,941.3,2.96,2.6,2.97,NASA POWER Daily API,71.56
20241217,Rio Verde - GO,-17.7923,-50.9192,campo,chuva,100.0,9.06,291.89,8.05,3.4,6.08,1,2.0,0.0,25.64,78.75,942.5,9.57,5.14,2.6,NASA POWER Daily API,84.39
20241218,Rio Verde - GO,-17.7923,-50.9192,transporte,garoa,95.33,3.3,307.64,17.21,2.4,1.34,0,4.0,1.0,25.8,77.14,942.1,26.83,9.33,2.39,NASA POWER Daily API,61.26
20241219,Rio Verde - GO,-17.7923,-50.9192,manutencao,garoa,61.67,4.55,363.94,9.14,1.4,0.73,0,4.0,3.0,26.41,74.01,941.8,1.98,14.23,1.94,NASA POWER Daily API,45.68
20241220,Rio Verde - GO,-17.7923,-50.9192,campo,garoa,59.05,3.38,51.96,7.0,2.4,0.97,0,4.0,0.0,26.23,76.37,940.4,1.9,5.02,2.16,NASA POWER Daily API,54.88
20241221,Rio Verde - GO,-17.7923,-50.9192,manutencao,garoa,68.12,1.65,283.01,2.57,2.4,2.22,0,4.0,3.0,24.73,85.4,941.1,6.44,4.22,3.65,NASA POWER Daily API,34.06
20241222,Rio Verde - GO,-17.7923,-50.9192,transporte,garoa,59.87,1.98,402.66,16.05,1.4,3.82,0,4.0,1.0,24.97,81.44,942.3,2.44,8.25,2.96,NASA POWER Daily API,53.98
20241223,Rio Verde - GO,-17.7923,-50.9192,campo,garoa,58.5,8.24,193.94,14.67,1.4,1.45,0,4.0,0.0,25.67,76.31,941.3,12.77,3.99,1.45,NASA POWER Daily API,50.24
20241224,Rio Verde - GO,-17.7923,-50.9192,campo,garoa,49.37,7.12,323.58,11.04,1.4,1.77,0,4.0,0.0,25.39,78.59,940.0,33.76,6.85,2.34,NASA POWER Daily API,42.18
20241225,Rio Verde - GO,-17.7923,-50.9192,campo,chuva,69.24,7.78,269.81,10.33,1.4,7.8,0,2.0,0.0,23.68,85.75,938.9,10.18,4.8,3.39,NASA POWER Daily API,58.42
20241226,Rio Verde - GO,-17.7923,-50.9192,proximidade_agua,garoa,80.16,6.2,376.85,7.6,2.4,3.67,0,4.0,2.0,23.43,87.49,939.2,19.45,8.2,5.01,NASA POWER Daily API,54.71
20241227,Rio Verde - GO,-17.7923,-50.9192,campo,garoa,83.25,2.77,246.81,10.74,1.4,2.45,0,4.0,0.0,24.11,83.84,940.7,1.12,10.55,4.04,NASA POWER Daily API,60.0
20241228,Rio Verde - GO,-17.7923,-50.9192,campo,garoa,76.03,0.0,312.76,8.06,2.4,3.4,0,4.0,0.0,24.97,81.42,941.0,3.8,3.61,2.67,NASA POWER Daily API,42.6
20241229,Rio Verde - GO,-17.7923,-50.9192,campo,garoa,76.23,1.88,175.75,11.72,3.4,3.19,0,4.0,0.0,25.84,77.18,939.4,5.46,9.46,2.28,NASA POWER Daily API,51.28
20241230,Rio Verde - GO,-17.7923,-50.9192,transporte,chuva,77.86,2.14,292.39,15.66,1.4,6.15,0,2.0,1.0,25.62,78.37,939.5,9.32,11.61,2.85,NASA POWER Daily API,59.97
20241231,Rio Verde - GO,-17.7923,-50.9192,campo,chuva,100.0,2.66,289.39,18.02,1.4,9.48,1,2.0,0.0,25.49,79.7,940.4,5.57,7.35,3.4,NASA POWER Daily API,89.21
20250101,Rio Verde - GO,-17.7923,-50.9192,transporte,garoa,87.26,3.85,333.2,12.36,1.4,3.07,0,4.0,1.0,25.73,78.69,940.4,1.94,4.8,2.6,NASA POWER Daily API,58.97
20250102,Rio Verde - GO,-17.7923,-50.9192,transporte,garoa,79.14,0.96,385.77,14.24,1.4,2.51,0,4.0,1.0,25.57,79.35,940.7,9.36,12.53,3.37,NASA POWER Daily API,49.3
20250103,Rio Verde - GO,-17.7923,-50.9192,campo,garoa,77.83,8.63,334.65,13.79,1.4,1.02,0,4.0,0.0,25.7,77.1,940.5,11.39,2.34,3.32,NASA POWER Daily API,54.99
20250104,Rio Verde - GO,-17.7923,-50.9192,proximidade_agua,chuva,93.61,8.67,297.19,0.0,2.4,5.16,1,2.0,2.0,24.92,81.31,940.0,6.28,2.49,2.95,NASA POWER Daily API,73.15
20250105,Rio Verde - GO,-17.7923,-50.9192,campo,chuva,100.0,5.78,278.6,6.06,3.4,11.36,1,2.0,0.0,25.16,82.6,939.7,7.94,6.12,1.84,NASA POWER Daily API,83.67
20250106,Rio Verde - GO,-17.7923,-50.9192,manutencao,chuva,100.0,9.2,426.4,9.77,3.4,14.11,1,2.0,3.0,25.42,83.91,939.6,1.1,11.19,2.71,NASA POWER Daily API,100.0
20250107,Rio Verde - GO,-17.7923,-50.9192,transporte,chuva,100.0,3.36,287.21,12.56,3.4,12.01,1,2.0,1.0,25.02,85.16,939.2,10.61,4.14,3.33,NASA POWER Daily API,89.94
20250108,Rio Verde - GO,-17.7923,-50.9192,proximidade_agua,chuva,100.0,7.69,296.35,11.15,2.4,8.92,1,2.0,2.0,24.12,90.38,938.6,23.5,4.72,3.03,NASA POWER Daily API,92.83
20250109,Rio Verde - GO,-17.7923,-50.9192,campo,garoa,100.0,3.44,303.47,8.55,1.4,2.46,0,4.0,0.0,25.03,82.1,937.5,1.97,2.02,3.31,NASA POWER Daily API,57.22
20250110,Rio Verde - GO,-17.7923,-50.9192,campo,garoa,100.0,0.47,205.85,8.5,1.4,0.61,0,4.0,0.0,25.87,74.78,938.3,4.1,3.68,2.08,NASA POWER Daily API,46.23
20250111,Rio Verde - GO,-17.7923,-50.9192,campo,garoa,100.0,9.21,272.56,12.5,2.4,4.31,0,4.0,0.0,26.1,73.66,938.8,10.7,10.27,1.96,NASA POWER Daily API,66.03
20250112,Rio Verde - GO,-17.7923,-50.9192,campo,garoa,100.0,5.59,257.77,7.34,1.4,3.61,0,4.0,0.0,25.85,76.09,938.4,15.9,3.27,2.07,NASA POWER Daily API,53.0
20250113,Rio Verde - GO,-17.7923,-50.9192,proximidade_agua,garoa,93.89,5.97,250.15,3.46,1.4,3.55,0,4.0,2.0,25.69,74.43,937.5,23.45,2.04,1.21,NASA POWER Daily API,50.72
20250114,Rio Verde - GO,-17.7923,-50.9192,manutencao,garoa,69.19,4.41,217.82,10.6,2.4,2.4,0,4.0,3.0,25.85,71.35,937.1,12.58,5.75,1.68,NASA POWER Daily API,47.68
20250115,Rio Verde - GO,-17.7923,-50.9192,campo,garoa,53.12,1.21,145.17,11.16,1.4,1.43,0,4.0,0.0,25.49,70.85,937.6,1.86,5.15,1.65,NASA POWER Daily API,43.09
20250116,Rio Verde - GO,-17.7923,-50.9192,transporte,chuva,72.9,2.5,164.76,20.85,3.4,7.34,0,2.0,1.0,24.33,83.9,939.0,5.03,13.88,2.69,NASA POWER Daily API,70.81
20250117,Rio Verde - GO,-17.7923,-50.9192,transporte,garoa,85.91,9.79,325.09,17.13,1.4,3.15,0,4.0,1.0,24.2,86.95,941.1,5.44,3.36,4.32,NASA POWER Daily API,65.22
20250118,Rio Verde - GO,-17.7923,-50.9192,campo,garoa,64.72,1.47,354.35,8.49,1.4,0.26,0,4.0,0.0,25.13,80.06,942.2,1.87,5.04,3.97,NASA POWER Daily API,42.07
20250119,Rio Verde - GO,-17.7923,-50.9192,campo,garoa,57.63,4.15,349.84,13.83,1.4,1.24,0,4.0,0.0,25.36,76.99,941.5,6.53,4.12,2.79,NASA POWER Daily API,44.42
20250120,Rio Verde - GO,-17.7923,-50.9192,transporte,garoa,56.03,7.17,365.06,15.04,2.4,1.41,0,4.0,1.0,25.38,73.34,941.5,1.83,3.83,3.74,NASA POWER Daily API,56.93
20250121,Rio Verde - GO,-17.7923,-50.9192,transporte,garoa,47.02,8.74,223.16,28.5,1.4,0.08,0,4.0,1.0,25.59,69.19,942.5,6.44,3.0,3.57,NASA POWER Daily API,63.22
20250122,Rio Verde - GO,-17.7923,-50.9192,transporte,chuva,70.32,6.02,347.45,12.4,1.4,5.66,0,2.0,1.0,26.6,68.07,943.7,2.94,2.37,2.0,NASA POWER Daily API,62.94
20250123,Rio Verde - GO,-17.7923,-50.9192,campo,garoa,47.19,4.67,320.99,15.92,2.4,0.12,0,4.0,0.0,27.7,65.38,943.7,30.78,13.95,1.77,NASA POWER Daily API,45.38
20250124,Rio Verde - GO,-17.7923,-50.9192,transporte,garoa,31.64,0.07,220.74,28.06,1.4,0.03,0,4.0,1.0,28.05,62.66,942.3,4.11,3.4,2.62,NASA POWER Daily API,48.92
20250125,Rio Verde - GO,-17.7923,-50.9192,campo,garoa,45.77,4.21,438.49,14.8,1.4,0.2,0,4.0,0.0,27.41,65.86,942.6,5.87,2.72,1.58,NASA POWER Daily API,41.07
20250126,Rio Verde - GO,-17.7923,-50.9192,manutencao,garoa,35.85,7.41,227.28,12.11,1.4,1.48,0,4.0,3.0,27.15,65.16,942.3,5.59,2.6,1.71,NASA POWER Daily API,39.33
20250127,Rio Verde - GO,-17.7923,-50.9192,proximidade_agua,garoa,42.64,7.39,199.19,10.62,2.4,1.28,0,4.0,2.0,26.98,68.58,941.7,15.58,6.78,1.52,NASA POWER Daily API,45.48
20250128,Rio Verde - GO,-17.7923,-50.9192,transporte,garoa,41.98,6.74,256.92,15.49,1.4,0.2,0,4.0,1.0,28.27,61.98,941.3,24.62,2.84,1.32,NASA POWER Daily API,43.54
20250129,Rio Verde - GO,-17.7923,-50.9192,manutencao,garoa,36.44,7.44,216.25,4.29,1.4,1.25,0,4.0,3.0,28.32,62.16,940.8,5.6,2.52,1.36,NASA POWER Daily API,29.65
20250130,Rio Verde - GO,-17.7923,-50.9192,campo,chuva,63.62,1.32,239.42,16.21,1.4,11.87,0,2.0,0.0,26.47,73.85,940.1,22.45,3.0,2.19,NASA POWER Daily API,60.91
20250131,Rio Verde - GO,-17.7923,-50.9192,proximidade_agua,chuva,98.88,10.87,270.59,2.92,1.4,15.81,1,2.0,2.0,23.49,89.3,939.6,8.05,5.46,3.09,NASA POWER Daily API,89.63
20250201,Rio Verde - GO,-17.7923,-50.9192,campo,chuva,100.0,0.09,231.08,13.62,2.4,9.22,1,2.0,0.0,24.43,81.88,938.5,7.62,4.39,3.72,NASA POWER Daily API,83.04
20250202,Rio Verde - GO,-17.7923,-50.9192,manutencao,garoa,93.54,2.34,364.76,15.92,1.4,2.66,0,4.0,3.0,24.15,81.32,938.6,7.75,6.37,4.27,NASA POWER Daily API,57.45
20250203,Rio Verde - GO,-17.7923,-50.9192,transporte,garoa,100.0,5.5,338.72,20.77,3.4,2.49,0,4.0,1.0,23.39,83.71,940.2,4.5,2.58,4.49,NASA POWER Daily API,72.8
20250204,Rio Verde - GO,-17.7923,-50.9192,manutencao,garoa,100.0,3.66,268.93,10.39,1.4,0.9,0,4.0,3.0,24.31,78.11,941.2,5.79,2.99,3.67,NASA POWER Daily API,52.01
20250205,Rio Verde - GO,-17.7923,-50.9192,transporte,garoa,100.0,3.11,244.15,15.49,1.4,1.81,0,4.0,1.0,24.16,78.32,941.8,4.33,4.23,2.37,NASA POWER Daily API,58.63
20250206,Rio Verde - GO,-17.7923,-50.9192,campo,garoa,83.01,9.45,363.0,20.73,1.4,0.63,0,4.0,0.0,26.21,67.66,942.6,12.38,3.79,1.69,NASA POWER Daily API,65.56
20250207,Rio Verde - GO,-17.7923,-50.9192,campo,garoa,56.95,0.0,389.74,6.25,1.4,1.09,0,4.0,0.0,25.67,71.55,942.1,3.2,9.2,2.63,NASA POWER Daily API,30.2
20250208,Rio Verde - GO,-17.7923,-50.9192,campo,garoa,50.67,8.49,260.62,21.87,1.4,1.57,0,4.0,0.0,25.9,69.65,941.6,3.14,5.15,3.06,NASA POWER Daily API,57.24
20250209,Rio Verde - GO,-17.7923,-50.9192,proximidade_agua,garoa,45.93,0.0,292.88,1.54,1.4,1.83,0,4.0,2.0,25.59,70.12,942.5,5.33,3.27,2.74,NASA POWER Daily API,25.68
20250210,Rio Verde - GO,-17.7923,-50.9192,campo,garoa,31.43,1.78,245.24,8.86,2.4,2.42,0,4.0,0.0,25.21,68.47,942.2,12.07,8.71,2.69,NASA POWER Daily API,31.08
20250211,Rio Verde - GO,-17.7923,-50.9192,proximidade_agua,chuva,70.18,5.91,344.59,4.64,4.4,11.63,0,2.0,2.0,24.07,75.49,941.4,3.92,6.35,2.71,NASA POWER Daily API,63.37
20250212,Rio Verde - GO,-17.7923,-50.9192,campo,garoa,71.06,1.55,177.08,14.13,1.4,1.91,0,4.0,0.0,24.62,74.79,942.3,4.16,1.78,1.73,NASA POWER Daily API,46.67
20250213,Rio Verde - GO,-17.7923,-50.9192,transporte,garoa,76.55,1.21,346.84,18.57,1.4,1.36,0,4.0,1.0,23.46,80.34,943.7,3.16,2.93,1.7,NASA POWER Daily API,52.89
20250214,Rio Verde - GO,-17.7923,-50.9192,campo,garoa,65.81,10.42,138.35,9.67,2.4,1.23,0,4.0,0.0,25.91,67.92,941.6,8.09,4.96,1.44,NASA POWER Daily API,50.39
20250215,Rio Verde - GO,-17.7923,-50.9192,transporte,garoa,63.1,0.64,261.01,24.45,2.4,2.19,0,4.0,1.0,27.42,61.78,940.4,4.47,5.14,1.88,NASA POWER Daily API,58.78
20250216,Rio Verde - GO,-17.7923,-50.9192,transporte,garoa,59.75,4.18,278.48,13.07,1.4,0.03,0,4.0,1.0,27.69,60.01,941.2,14.47,7.87,2.87,NASA POWER Daily API,43.01
20250217,Rio Verde - GO,-17.7923,-50.9192,proximidade_agua,garoa,65.11,6.13,240.18,2.45,1.4,0.51,0,4.0,2.0,26.64,66.66,942.2,15.36,13.32,2.66,NASA POWER Daily API,37.77
20250218,Rio Verde - GO,-17.7923,-50.9192,campo,garoa,32.86,0.39,16.63,16.02,1.4,0.9,0,4.0,0.0,27.67,61.51,942.2,8.11,2.52,1.68,NASA POWER Daily API,57.41
20250219,Rio Verde - GO,-17.7923,-50.9192,campo,garoa,37.13,7.0,283.2,14.93,1.4,0.46,0,4.0,0.0,28.11,60.52,941.9,22.7,7.01,1.8,NASA POWER Daily API,41.87
20250220,Rio Verde - GO,-17.7923,-50.9192,transporte,garoa,36.18,8.42,299.57,20.26,1.4,0.05,0,4.0,1.0,29.02,49.67,942.7,1.57,9.8,2.45,NASA POWER Daily API,55.29
20250221,Rio Verde - GO,-17.7923,-50.9192,transporte,garoa,38.63,4.89,154.35,16.52,2.4,2.01,0,4.0,1.0,29.69,51.7,943.2,4.09,3.51,2.07,NASA POWER Daily API,45.62
20250222,Rio Verde - GO,-17.7923,-50.9192,transporte,garoa,52.86,0.0,498.06,19.34,2.4,4.81,0,4.0,1.0,28.77,61.76,942.7,7.36,5.51,2.32,NASA POWER Daily API,50.97
20250223,Rio Verde - GO,-17.7923,-50.9192,proximidade_agua,chuva,62.77,8.29,128.05,8.74,1.4,10.35,0,2.0,2.0,27.26,65.19,942.2,2.97,14.65,2.17,NASA POWER Daily API,67.05
20250224,Rio Verde - GO,-17.7923,-50.9192,transporte,garoa,61.27,3.9,194.67,18.62,1.4,3.41,0,4.0,1.0,26.64,70.47,942.2,12.52,5.64,2.22,NASA POWER Daily API,53.25
20250225,Rio Verde - GO,-17.7923,-50.9192,transporte,chuva,98.4,6.56,250.51,15.06,1.4,14.24,1,2.0,1.0,24.71,80.06,943.6,6.58,9.03,2.66,NASA POWER Daily API,93.42
20250226,Rio Verde - GO,-17.7923,-50.9192,transporte,garoa,100.0,6.71,259.95,18.21,1.4,4.2,0,4.0,1.0,25.86,73.38,943.9,0.94,7.35,1.74,NASA POWER Daily API,79.94
20250227,Rio Verde - GO,-17.7923,-50.9192,manutencao,chuva,100.0,4.13,316.51,0.22,1.4,13.15,1,2.0,3.0,25.42,74.0,943.0,0.7,4.6,2.31,NASA POWER Daily API,83.8
20250228,Rio Verde - GO,-17.7923,-50.9192,campo,garoa,100.0,5.57,223.83,5.21,1.4,2.81,0,4.0,0.0,26.03,67.18,942.4,7.13,2.73,2.84,NASA POWER Daily API,49.27
20250301,Rio Verde - GO,-17.7923,-50.9192,transporte,garoa,100.0,3.94,370.68,18.51,1.4,1.12,0,4.0,1.0,26.26,64.28,942.8,4.9,6.26,3.11,NASA POWER Daily API,62.55
20250302,Rio Verde - GO,-17.7923,-50.9192,transporte,garoa,94.61,8.7,236.88,18.94,1.4,0.28,0,4.0,1.0,26.19,65.7,943.3,6.13,9.03,3.55,NASA POWER Daily API,65.64
20250303,Rio Verde - GO,-17.7923,-50.9192,campo,garoa,80.68,9.94,227.36,8.77,3.4,0.02,0,4.0,0.0,25.59,60.88,943.3,9.72,6.93,2.28,NASA POWER Daily API,54.1
20250304,Rio Verde - GO,-17.7923,-50.9192,campo,garoa,58.4,0.0,291.98,12.44,1.4,0.04,0,4.0,0.0,26.11,59.85,941.7,6.69,4.3,2.79,NASA POWER Daily API,37.4
20250305,Rio Verde - GO,-17.7923,-50.9192,campo,garoa,46.64,5.56,167.28,9.49,1.4,0.01,0,4.0,0.0,26.46,59.33,942.2,6.04,4.94,2.91,NASA POWER Daily API,35.96
20250306,Rio Verde - GO,-17.7923,-50.9192,campo,sol,31.47,7.33,234.03,11.56,2.4,0.0,0,0.0,0.0,25.89,65.0,943.7,13.63,5.9,3.31,NASA POWER Daily API,37.89
20250307,Rio Verde - GO,-17.7923,-50.9192,campo,sol,26.02,1.08,138.65,4.48,2.4,0.0,0,0.0,0.0,26.04,60.4,944.2,22.97,3.15,3.36,NASA POWER Daily API,20.81
20250308,Rio Verde - GO,-17.7923,-50.9192,campo,sol,12.73,3.75,383.59,15.21,2.4,0.0,0,0.0,0.0,26.46,55.23,943.4,2.1,10.63,2.15,NASA POWER Daily API,39.09
20250309,Rio Verde - GO,-17.7923,-50.9192,campo,sol,21.99,5.41,149.26,13.83,1.4,0.0,0,0.0,0.0,27.4,52.96,942.3,9.77,3.6,1.98,NASA POWER Daily API,33.81
20250310,Rio Verde - GO,-17.7923,-50.9192,campo,garoa,19.35,6.55,293.5,12.12,1.4,0.12,0,4.0,0.0,28.36,50.25,941.3,6.09,5.11,1.73,NASA POWER Daily API,32.27
20250311,Rio Verde - GO,-17.7923,-50.9192,transporte,garoa,28.86,5.43,212.66,12.22,2.4,0.68,0,4.0,1.0,28.69,52.81,942.7,7.91,18.06,1.83,NASA POWER Daily API,36.9
20250312,Rio Verde - GO,-17.7923,-50.9192,transporte,garoa,32.75,2.78,351.03,19.05,1.4,0.56,0,4.0,1.0,29.12,52.5,943.7,50.39,4.25,1.98,NASA POWER Daily API,41.24
20250313,Rio Verde - GO,-17.7923,-50.9192,transporte,chuva,42.96,7.34,212.35,22.63,2.4,8.09,0,2.0,1.0,28.1,59.87,942.9,4.01,7.4,1.89,NASA POWER Daily API,67.42
20250314,Rio Verde - GO,-17.7923,-50.9192,campo,garoa,38.41,3.26,187.72,15.66,1.4,0.9,0,4.0,0.0,28.59,57.6,941.8,5.73,5.99,1.92,NASA POWER Daily API,39.66
20250315,Rio Verde - GO,-17.7923,-50.9192,campo,garoa,38.01,3.72,283.26,2.67,1.4,0.03,0,4.0,0.0,29.79,52.23,941.5,5.17,3.35,2.35,NASA POWER Daily API,22.98
20250316,Rio Verde - GO,-17.7923,-50.9192,transporte,garoa,55.04,5.33,271.92,15.39,1.4,4.05,0,4.0,1.0,29.74,58.43,942.6,12.05,4.28,2.37,NASA POWER Daily API,49.42
20250317,Rio Verde - GO,-17.7923,-50.9192,campo,tempestade,100.0,4.81,357.11,14.41,2.4,26.08,1,3.0,0.0,26.51,73.99,944.2,7.61,3.87,1.69,NASA POWER Daily API,100.0
20250318,Rio Verde - GO,-17.7923,-50.9192,campo,chuva,100.0,3.96,250.8,16.98,3.4,11.48,1,2.0,0.0,25.49,78.54,943.2,4.7,7.21,1.15,NASA POWER Daily API,95.28
20250319,Rio Verde - GO,-17.7923,-50.9192,transporte,chuva,100.0,2.92,346.22,8.79,3.4,14.83,1,2.0,1.0,26.08,73.0,942.3,1.07,4.0,1.2,NASA POWER Daily API,99.19
20250320,Rio Verde - GO,-17.7923,-50.9192,campo,garoa,100.0,6.78,262.94,16.51,3.4,2.26,0,4.0,0.0,26.01,72.06,943.0,33.82,6.51,1.96,NASA POWER Daily API,68.4
20250321,Rio Verde - GO,-17.7923,-50.9192,campo,garoa,100.0,8.21,329.42,13.24,1.4,1.59,0,4.0,0.0,26.24,67.99,943.4,15.25,1.49,1.46,NASA POWER Daily API,60.85
20250322,Rio Verde - GO,-17.7923,-50.9192,campo,garoa,100.0,2.9,243.39,4.57,1.4,3.57,0,4.0,0.0,25.77,74.05,943.4,24.15,6.39,2.26,NASA POWER Daily API,46.32
20250323,Rio Verde - GO,-17.7923,-50.9192,campo,garoa,100.0,7.32,236.2,17.28,1.4,2.72,0,4.0,0.0,26.33,70.86,942.1,2.04,4.58,1.54,NASA POWER Daily API,72.13
20250324,Rio Verde - GO,-17.7923,-50.9192,campo,chuva,93.8,0.0,191.49,8.38,1.4,6.1,1,2.0,0.0,26.39,69.05,942.0,19.93,6.57,1.2,NASA POWER Daily API,69.18
20250325,Rio Verde - GO,-17.7923,-50.9192,campo,garoa,77.72,6.43,247.39,9.91,1.4,0.89,0,4.0,0.0,26.75,68.27,942.4,0.81,1.77,1.52,NASA POWER Daily API,59.54
20250326,Rio Verde - GO,-17.7923,-50.9192,proximidade_agua,chuva,74.72,0.0,170.36,2.91,1.4,7.73,0,2.0,2.0,26.37,71.84,942.2,23.38,12.2,1.64,NASA POWER Daily API,46.15
20250327,Rio Verde - GO,-17.7923,-50.9192,transporte,garoa,68.09,0.0,143.79,12.45,1.4,0.77,0,4.0,1.0,26.56,70.45,941.3,10.98,5.18,1.83,NASA POWER Daily API,41.04
20250328,Rio Verde - GO,-17.7923,-50.9192,campo,garoa,63.07,0.91,303.62,11.13,3.4,0.31,0,4.0,0.0,26.53,68.62,940.7,9.17,4.62,1.85,NASA POWER Daily API,42.74
20250329,Rio Verde - GO,-17.7923,-50.9192,campo,garoa,58.25,1.67,287.37,13.51,2.4,0.68,0,4.0,0.0,27.79,63.68,940.5,4.12,7.15,1.86,NASA POWER Daily API,43.29
20250330,Rio Verde - GO,-17.7923,-50.9192,campo,garoa,55.82,3.62,383.07,11.15,3.4,1.22,0,4.0,0.0,26.89,66.26,940.3,3.31,19.33,2.76,NASA POWER Daily API,44.68
20250331,Rio Verde - GO,-17.7923,-50.9192,transporte,garoa,46.56,4.91,124.89,16.6,1.4,0.26,0,4.0,1.0,26.49,65.62,942.4,8.02,1.4,1.29,NASA POWER Daily API,44.36
20250401,Rio Verde - GO,-17.7923,-50.9192,campo,garoa,55.35,6.38,363.53,7.28,1.4,2.33,0,4.0,0.0,27.16,65.28,943.1,7.08,11.89,2.29,NASA POWER Daily API,38.81
20250402,Rio Verde - GO,-17.7923,-50.9192,transporte,garoa,25.86,7.22,222.3,17.27,2.4,0.29,0,4.0,1.0,27.75,63.66,942.2,4.5,11.78,2.13,NASA POWER Daily API,43.61
20250403,Rio Verde - GO,-17.7923,-50.9192,transporte,garoa,29.52,8.72,253.77,18.71,1.4,0.07,0,4.0,1.0,27.57,62.13,942.3,4.78,6.27,1.83,NASA POWER Daily API,45.72
20250404,Rio Verde - GO,-17.7923,-50.9192,transporte,chuva,71.64,3.15,265.65,23.78,1.4,15.66,0,2.0,1.0,27.03,65.87,943.4,3.83,22.43,2.89,NASA POWER Daily API,78.67
20250405,Rio Verde - GO,-17.7923,-50.9192,campo,garoa,68.79,3.35,236.47,11.93,1.4,3.49,0,4.0,0.0,25.7,72.09,944.6,10.85,8.96,3.64,NASA POWER Daily API,46.47
20250406,Rio Verde - GO,-17.7923,-50.9192,transporte,garoa,76.87,5.7,354.24,13.45,1.4,4.55,0,4.0,1.0,25.09,71.9,945.0,4.54,4.08,3.54,NASA POWER Daily API,54.24
20250407,Rio Verde - GO,-17.7923,-50.9192,campo,garoa,64.94,7.62,452.97,9.42,1.4,0.25,0,4.0,0.0,25.09,69.81,943.6,9.11,8.59,2.48,NASA POWER Daily API,43.65
20250408,Rio Verde - GO,-17.7923,-50.9192,campo,garoa,71.48,3.74,304.95,14.82,1.4,0.02,0,4.0,0.0,25.81,62.26,943.2,2.61,3.19,1.87,NASA POWER Daily API,54.1
20250409,Rio Verde - GO,-17.7923,-50.9192,manutencao,garoa,80.12,3.84,282.19,12.9,2.4,4.07,0,4.0,3.0,26.75,62.93,943.4,50.25,5.84,1.13,NASA POWER Daily API,54.38
20250410,Rio Verde - GO,-17.7923,-50.9192,manutencao,garoa,73.3,7.77,43.54,8.77,3.4,0.16,0,4.0,3.0,25.88,68.69,942.2,6.49,4.89,1.86,NASA POWER Daily API,63.76
20250411,Rio Verde - GO,-17.7923,-50.9192,campo,garoa,40.73,0.0,201.29,15.86,1.4,0.05,0,4.0,0.0,26.67,62.55,941.2,6.92,2.8,1.85,NASA POWER Daily API,36.42
20250412,Rio Verde - GO,-17.7923,-50.9192,campo,garoa,42.5,6.12,219.44,0.21,1.4,0.3,0,4.0,0.0,27.06,57.05,941.3,4.67,3.01,1.66,NASA POWER Daily API,24.04
20250413,Rio Verde - GO,-17.7923,-50.9192,transporte,chuva,49.47,4.38,344.12,11.61,2.4,5.03,0,2.0,1.0,26.88,60.22,942.1,4.93,2.79,1.03,NASA POWER Daily API,49.64
20250414,Rio Verde - GO,-17.7923,-50.9192,campo,garoa,46.99,7.75,223.51,7.26,1.4,1.3,0,4.0,0.0,26.47,63.73,941.9,9.51,13.4,1.5,NASA POWER Daily API,36.82
20250415,Rio Verde - GO,-17.7923,-50.9192,campo,chuva,76.77,3.9,257.34,19.55,1.4,13.11,0,2.0,0.0,26.47,68.95,941.9,9.46,5.26,1.23,NASA POWER Daily API,72.79
20250416,Rio Verde - GO,-17.7923,-50.9192,campo,chuva,87.93,3.18,188.25,15.6,3.4,8.69,1,2.0,0.0,25.33,78.13,941.6,12.12,6.03,2.02,NASA POWER Daily API,86.57
20250417,Rio Verde - GO,-17.7923,-50.9192,campo,garoa,79.3,1.01,236.1,18.89,3.4,0.76,0,4.0,0.0,25.19,76.71,942.5,5.71,4.66,1.57,NASA POWER Daily API,57.72
20250418,Rio Verde - GO,-17.7923,-50.9192,transporte,garoa,82.71,0.0,141.94,21.09,2.4,4.39,0,4.0,1.0,26.16,71.6,943.0,2.46,4.27,1.49,NASA POWER Daily API,67.7
20250419,Rio Verde - GO,-17.7923,-50.9192,campo,garoa,81.41,2.38,158.81,10.12,1.4,1.87,0,4.0,0.0,26.33,69.84,942.0,55.11,5.58,1.95,NASA POWER Daily API,45.62
20250420,Rio Verde - GO,-17.7923,-50.9192,transporte,garoa,83.04,6.73,210.9,29.32,1.4,0.29,0,4.0,1.0,25.7,74.55,940.8,9.25,6.71,1.62,NASA POWER Daily API,73.26
20250421,Rio Verde - GO,-17.7923,-50.9192,campo,garoa,82.1,2.61,326.59,12.74,1.4,0.03,0,4.0,0.0,26.03,69.71,940.3,6.02,4.08,2.28,NASA POWER Daily API,47.71
20250422,Rio Verde - GO,-17.7923,-50.9192,campo,garoa,54.77,1.88,374.38,15.29,1.4,0.02,0,4.0,0.0,25.58,66.87,940.9,4.74,6.05,2.04,NASA POWER Daily API,41.88
20250423,Rio Verde - GO,-17.7923,-50.9192,transporte,garoa,36.64,5.7,315.47,8.17,2.4,2.07,0,4.0,1.0,25.94,66.73,941.4,12.83,7.7,1.7,NASA POWER Daily API,35.62
20250424,Rio Verde - GO,-17.7923,-50.9192,transporte,garoa,40.57,0.0,352.84,22.06,1.4,0.84,0,4.0,1.0,25.6,71.97,941.2,3.71,7.71,2.04,NASA POWER Daily API,44.87
20250425,Rio Verde - GO,-17.7923,-50.9192,campo,garoa,35.85,4.9,316.37,19.43,2.4,1.08,0,4.0,0.0,25.92,70.39,940.1,3.09,3.39,1.51,NASA POWER Daily API,47.77
20250426,Rio Verde - GO,-17.7923,-50.9192,proximidade_agua,chuva,54.73,8.06,239.69,7.36,1.4,5.28,0,2.0,2.0,26.0,73.9,940.3,4.57,4.22,1.71,NASA POWER Daily API,51.99
20250427,Rio Verde - GO,-17.7923,-50.9192,campo,garoa,51.52,4.66,190.15,12.92,1.4,3.04,0,4.0,0.0,25.73,75.5,940.8,6.23,3.14,1.49,NASA POWER Daily API,43.74
20250428,Rio Verde - GO,-17.7923,-50.9192,campo,garoa,60.45,4.65,353.34,5.9,1.4,3.87,0,4.0,0.0,24.46,81.39,941.4,6.9,6.21,2.17,NASA POWER Daily API,38.38
20250429,Rio Verde - GO,-17.7923,-50.9192,campo,garoa,68.06,4.1,226.5,9.15,2.4,2.15,0,4.0,0.0,24.48,75.93,941.1,8.71,4.85,2.14,NASA POWER Daily API,44.69
20250430,Rio Verde - GO,-17.7923,-50.9192,campo,garoa,50.77,3.03,299.12,14.98,1.4,0.02,0,4.0,0.0,23.29,69.92,942.2,7.38,6.12,2.62,NASA POWER Daily API,41.41
20250501,Rio Verde - GO,-17.7923,-50.9192,campo,sol,42.61,3.81,228.1,7.32,3.4,0.0,0,0.0,0.0,23.23,65.21,942.8,3.76,11.6,2.55,NASA POWER Daily API,34.45
20250502,Rio Verde - GO,-17.7923,-50.9192,campo,garoa,48.94,0.77,196.11,11.1,3.4,0.09,0,4.0,0.0,23.94,65.18,943.6,16.44,8.7,2.34,NASA POWER Daily API,37.91
20250503,Rio Verde - GO,-17.7923,-50.9192,campo,garoa,39.64,6.0,334.05,19.89,1.4,0.01,0,4.0,0.0,24.2,63.37,944.3,17.32,21.08,2.23,NASA POWER Daily API,47.66
20250504,Rio Verde - GO,-17.7923,-50.9192,campo,sol,32.28,5.07,182.22,12.3,1.4,0.0,0,0.0,0.0,23.58,57.64,944.3,4.47,4.65,2.27,NASA POWER Daily API,34.49
20250505,Rio Verde - GO,-17.7923,-50.9192,campo,garoa,33.69,1.42,436.46,12.67,4.4,0.02,0,4.0,0.0,22.5,58.48,944.7,8.68,5.26,2.46,NASA POWER Daily API,37.99
20250506,Rio Verde - GO,-17.7923,-50.9192,campo,sol,16.49,4.19,379.71,16.89,2.4,0.0,0,0.0,0.0,23.77,55.93,943.4,2.23,2.9,1.91,NASA POWER Daily API,42.78
20250507,Rio Verde - GO,-17.7923,-50.9192,campo,garoa,26.03,3.58,255.3,8.37,1.4,0.03,0,4.0,0.0,25.17,54.48,943.3,8.91,5.01,1.86,NASA POWER Daily API,26.24
20250508,Rio Verde - GO,-17.7923,-50.9192,campo,garoa,26.16,2.81,176.19,17.7,4.4,0.01,0,4.0,0.0,25.4,58.52,943.5,6.91,6.19,2.51,NASA POWER Daily API,43.55
20250509,Rio Verde - GO,-17.7923,-50.9192,proximidade_agua,garoa,31.17,0.0,234.86,11.6,1.4,0.01,0,4.0,2.0,25.23,58.2,943.7,5.88,6.87,2.44,NASA POWER Daily API,32.01
20250510,Rio Verde - GO,-17.7923,-50.9192,proximidade_agua,sol,15.23,0.12,179.59,1.08,5.4,0.0,0,0.0,2.0,26.07,51.41,945.1,2.98,7.02,1.59,NASA POWER Daily API,28.7
20250511,Rio Verde - GO,-17.7923,-50.9192,proximidade_agua,garoa,20.7,10.02,290.98,8.07,1.4,0.04,0,4.0,2.0,24.85,59.36,945.9,10.71,13.76,2.18,NASA POWER Daily API,34.85
20250512,Rio Verde - GO,-17.7923,-50.9192,transporte,garoa,35.48,3.15,331.32,14.4,2.4,2.48,0,4.0,1.0,25.09,62.95,945.5,0.68,5.63,2.67,NASA POWER Daily API,52.48
20250513,Rio Verde - GO,-17.7923,-50.9192,campo,garoa,30.9,3.85,267.77,10.78,2.4,0.68,0,4.0,0.0,24.76,62.76,945.4,50.46,4.31,2.85,NASA POWER Daily API,33.62
20250514,Rio Verde - GO,-17.7923,-50.9192,campo,garoa,26.58,7.49,322.34,13.88,1.4,0.02,0,4.0,0.0,23.71,59.24,945.5,3.62,12.52,3.25,NASA POWER Daily API,37.23
20250515,Rio Verde - GO,-17.7923,-50.9192,campo,garoa,33.37,1.48,345.71,8.91,1.4,0.01,0,4.0,0.0,22.9,59.85,945.9,3.76,3.65,3.2,NASA POWER Daily API,26.71
20250516,Rio Verde - GO,-17.7923,-50.9192,campo,garoa,30.52,1.0,257.62,6.83,1.4,0.18,0,4.0,0.0,22.9,58.86,946.3,16.21,4.89,3.12,NASA POWER Daily API,22.88
20250517,Rio Verde - GO,-17.7923,-50.9192,campo,sol,38.25,4.0,179.74,14.61,1.4,0.0,0,0.0,0.0,23.59,57.64,945.3,6.05,3.56,3.46,NASA POWER Daily API,37.98
20250518,Rio Verde - GO,-17.7923,-50.9192,campo,garoa,26.87,7.38,353.98,16.17,1.4,0.01,0,4.0,0.0,23.83,54.46,945.5,5.78,1.35,3.48,NASA POWER Daily API,40.06
20250519,Rio Verde - GO,-17.7923,-50.9192,transporte,sol,11.53,0.0,246.26,20.19,2.4,0.0,0,0.0,1.0,23.03,51.26,945.6,6.51,6.39,2.93,NASA POWER Daily API,34.86
20250520,Rio Verde - GO,-17.7923,-50.9192,campo,garoa,28.42,9.51,303.57,8.51,1.4,0.01,0,4.0,0.0,22.84,50.3,945.9,1.87,4.84,2.71,NASA POWER Daily API,39.16
20250521,Rio Verde - GO,-17.7923,-50.9192,manutencao,garoa,17.49,5.33,91.38,2.31,2.4,0.02,0,4.0,3.0,22.55,44.66,945.5,4.62,4.27,2.06,NASA POWER Daily API,19.92
20250522,Rio Verde - GO,-17.7923,-50.9192,manutencao,garoa,11.57,2.79,241.88,6.6,1.4,0.02,0,4.0,3.0,22.82,43.87,945.4,11.0,7.21,2.15,NASA POWER Daily API,18.7
20250523,Rio Verde - GO,-17.7923,-50.9192,campo,garoa,9.68,8.57,292.76,7.7,1.4,0.02,0,4.0,0.0,22.8,41.46,945.7,20.38,12.82,2.0,NASA POWER Daily API,25.56
20250524,Rio Verde - GO,-17.7923,-50.9192,campo,sol,23.09,0.63,256.95,10.49,1.4,0.0,0,0.0,0.0,22.95,42.06,946.3,34.15,5.68,1.92,NASA POWER Daily API,24.67
20250525,Rio Verde - GO,-17.7923,-50.9192,campo,sol,12.56,9.77,303.67,14.02,1.4,0.0,0,0.0,0.0,23.14,44.68,946.3,9.53,2.88,2.39,NASA POWER Daily API,35.52
20250526,Rio Verde - GO,-17.7923,-50.9192,transporte,garoa,13.4,3.35,205.35,4.34,1.4,0.02,0,4.0,1.0,22.96,45.52,945.3,3.15,4.41,2.99,NASA POWER Daily API,17.02
20250527,Rio Verde - GO,-17.7923,-50.9192,campo,garoa,28.85,5.48,288.4,14.23,1.4,0.01,0,4.0,0.0,22.44,47.3,945.0,11.38,5.78,3.18,NASA POWER Daily API,36.27
20250528,Rio Verde - GO,-17.7923,-50.9192,campo,garoa,17.5,11.18,395.13,12.55,3.4,3.59,0,4.0,0.0,24.13,48.92,946.1,12.27,2.45,3.67,NASA POWER Daily API,44.37
20250529,Rio Verde - GO,-17.7923,-50.9192,manutencao,garoa,34.04,4.72,79.61,7.65,1.4,1.41,0,4.0,3.0,17.46,76.4,948.5,21.77,3.92,3.25,NASA POWER Daily API,33.0
20250530,Rio Verde - GO,-17.7923,-50.9192,transporte,sol,26.48,3.6,237.74,21.23,1.4,0.0,0,0.0,1.0,18.63,56.68,947.2,14.67,5.74,2.2,NASA POWER Daily API,42.17
20250531,Rio Verde - GO,-17.7923,-50.9192,transporte,garoa,26.77,5.74,396.7,11.43,1.4,0.11,0,4.0,1.0,20.67,55.22,946.9,14.05,11.06,2.04,NASA POWER Daily API,32.38
20250601,Rio Verde - GO,-17.7923,-50.9192,transporte,garoa,27.0,5.88,197.52,17.25,2.4,0.01,0,4.0,1.0,22.67,44.07,947.5,11.33,2.99,2.8,NASA POWER Daily API,41.88
20250602,Rio Verde - GO,-17.7923,-50.9192,transporte,garoa,32.47,7.68,181.15,4.89,1.4,0.08,0,4.0,1.0,23.84,44.11,947.4,3.18,6.97,2.91,NASA POWER Daily API,27.89
20250603,Rio Verde - GO,-17.7923,-50.9192,proximidade_agua,garoa,38.23,10.08,365.09,15.81,2.4,0.52,0,4.0,2.0,24.78,55.47,945.8,7.11,2.44,2.18,NASA POWER Daily API,52.46
20250604,Rio Verde - GO,-17.7923,-50.9192,manutencao,garoa,24.73,8.43,213.23,12.34,1.4,0.02,0,4.0,3.0,25.42,50.15,944.7,5.0,4.69,2.66,NASA POWER Daily API,35.8
20250605,Rio Verde - GO,-17.7923,-50.9192,campo,garoa,25.4,1.0,316.1,17.52,1.4,0.02,0,4.0,0.0,25.62,44.87,944.9,14.46,3.85,2.23,NASA POWER Daily API,34.66
20250606,Rio Verde - GO,-17.7923,-50.9192,transporte,sol,28.62,6.86,258.13,11.71,1.4,0.0,0,0.0,1.0,24.48,43.57,945.2,13.46,6.02,1.66,NASA POWER Daily API,34.47
20250607,Rio Verde - GO,-17.7923,-50.9192,transporte,garoa,22.32,0.0,375.09,19.93,1.4,0.04,0,4.0,1.0,24.52,42.97,944.2,18.93,6.02,1.94,NASA POWER Daily API,35.76
20250608,Rio Verde - GO,-17.7923,-50.9192,campo,garoa,16.28,4.94,235.75,13.18,1.4,0.01,0,4.0,0.0,24.88,35.24,943.0,4.58,7.07,2.22,NASA POWER Daily API,30.76
20250609,Rio Verde - GO,-17.7923,-50.9192,transporte,garoa,19.26,5.16,291.48,18.26,1.4,2.07,0,4.0,1.0,23.51,55.88,943.9,9.87,5.73,3.62,NASA POWER Daily API,40.12
20250610,Rio Verde - GO,-17.7923,-50.9192,campo,garoa,26.73,3.69,315.5,13.82,2.4,0.44,0,4.0,0.0,21.76,69.16,945.7,17.16,2.6,3.28,NASA POWER Daily API,35.75
20250611,Rio Verde - GO,-17.7923,-50.9192,campo,sol,34.48,0.42,358.22,19.29,2.4,0.0,0,0.0,0.0,20.52,56.62,946.2,19.72,4.47,3.3,NASA POWER Daily API,41.02
20250612,Rio Verde - GO,-17.7923,-50.9192,transporte,sol,23.36,6.01,322.91,15.04,2.4,0.0,0,0.0,1.0,19.14,47.34,945.4,6.98,2.14,2.92,NASA POWER Daily API,38.3
20250613,Rio Verde - GO,-17.7923,-50.9192,transporte,sol,21.59,7.99,141.39,18.46,1.4,0.0,0,0.0,1.0,20.63,44.51,945.7,6.8,2.58,2.47,NASA POWER Daily API,41.95
20250614,Rio Verde - GO,-17.7923,-50.9192,transporte,sol,33.48,5.29,359.18,23.18,1.4,0.0,0,0.0,1.0,22.5,52.27,946.9,5.45,6.48,3.64,NASA POWER Daily API,48.5
20250615,Rio Verde - GO,-17.7923,-50.9192,transporte,garoa,27.56,10.59,132.55,11.73,2.4,0.36,0,4.0,1.0,22.54,53.23,947.0,51.48,10.34,2.98,NASA POWER Daily API,40.46
20250616,Rio Verde - GO,-17.7923,-50.9192,campo,garoa,26.07,1.55,118.96,18.73,1.4,0.01,0,4.0,0.0,22.7,48.54,947.9,33.3,7.16,3.51,NASA POWER Daily API,36.73
20250617,Rio Verde - GO,-17.7923,-50.9192,campo,garoa,22.56,5.99,242.8,18.41,1.4,0.04,0,4.0,0.0,21.45,46.85,947.6,8.57,3.56,3.51,NASA POWER Daily API,39.99
20250618,Rio Verde - GO,-17.7923,-50.9192,campo,sol,13.85,5.92,322.86,8.27,2.4,0.0,0,0.0,0.0,21.32,55.53,947.4,4.4,8.41,2.56,NASA POWER Daily API,26.75
20250619,Rio Verde - GO,-17.7923,-50.9192,transporte,garoa,25.26,0.0,284.28,19.2,1.4,0.01,0,4.0,1.0,22.95,48.23,947.3,10.7,4.74,2.24,NASA POWER Daily API,35.49
20250620,Rio Verde - GO,-17.7923,-50.9192,manutencao,garoa,21.49,5.95,284.81,5.87,1.4,0.01,0,4.0,3.0,24.32,42.89,946.0,9.35,4.5,2.01,NASA POWER Daily API,24.03
20250621,Rio Verde - GO,-17.7923,-50.9192,campo,sol,16.99,5.7,140.77,16.24,3.4,0.0,0,0.0,0.0,24.86,37.76,943.5,14.34,8.48,1.74,NASA POWER Daily API,39.85
20250622,Rio Verde - GO,-17.7923,-50.9192,proximidade_agua,sol,16.46,3.61,326.22,13.1,1.4,0.0,0,0.0,2.0,25.2,40.03,941.2,52.93,4.44,3.84,NASA POWER Daily API,33.43
20250623,Rio Verde - GO,-17.7923,-50.9192,transporte,garoa,18.1,0.0,224.83,17.66,2.4,2.43,0,4.0,1.0,25.95,48.9,941.3,16.46,5.08,5.0,NASA POWER Daily API,36.28
20250624,Rio Verde - GO,-17.7923,-50.9192,campo,garoa,30.47,9.05,129.82,13.13,3.4,1.91,0,4.0,0.0,17.33,59.02,947.2,7.45,4.28,4.99,NASA POWER Daily API,45.08
20250625,Rio Verde - GO,-17.7923,-50.9192,transporte,garoa,26.9,10.8,283.14,19.1,1.4,0.01,0,4.0,1.0,19.14,47.86,945.6,12.63,3.58,2.48,NASA POWER Daily API,47.31
20250626,Rio Verde - GO,-17.7923,-50.9192,campo,garoa,28.05,5.54,289.75,13.81,1.4,0.01,0,4.0,0.0,24.11,50.55,945.5,32.8,6.25,2.93,NASA POWER Daily API,35.53
20250627,Rio Verde - GO,-17.7923,-50.9192,transporte,garoa,27.57,7.57,198.29,25.3,1.4,0.01,0,4.0,1.0,23.96,48.89,946.4,11.39,4.28,1.8,NASA POWER Daily API,51.82
20250628,Rio Verde - GO,-17.7923,-50.9192,proximidade_agua,garoa,26.17,1.97,236.91,14.93,1.4,0.02,0,4.0,2.0,23.56,48.87,945.6,2.17,9.05,3.69,NASA POWER Daily API,42.62
20250629,Rio Verde - GO,-17.7923,-50.9192,campo,sol,29.87,6.27,312.39,20.34,1.4,0.0,0,0.0,0.0,23.17,46.07,946.0,13.2,9.9,2.21,NASA POWER Daily API,44.96
20250630,Rio Verde - GO,-17.7923,-50.9192,proximidade_agua,sol,19.43,3.58,287.6,1.65,2.4,0.0,0,0.0,2.0,23.08,47.91,947.2,25.25,6.57,2.66,NASA POWER Daily API,21.71
20250701,Rio Verde - GO,-17.7923,-50.9192,campo,garoa,30.2,3.52,192.11,13.07,1.4,0.07,0,4.0,0.0,20.35,63.34,949.2,22.8,2.97,4.42,NASA POWER Daily API,32.93
20250702,Rio Verde - GO,-17.7923,-50.9192,campo,garoa,31.68,3.85,412.81,8.47,1.4,0.02,0,4.0,0.0,20.95,59.73,949.8,2.2,13.68,4.15,NASA POWER Daily API,33.88
20250703,Rio Verde - GO,-17.7923,-50.9192,campo,sol,18.05,2.47,372.4,16.3,1.4,0.0,0,0.0,0.0,20.86,59.69,950.0,19.45,4.65,4.38,NASA POWER Daily API,32.09
20250704,Rio Verde - GO,-17.7923,-50.9192,campo,sol,31.69,3.71,194.86,14.12,1.4,0.0,0,0.0,0.0,20.93,55.38,948.9,8.21,8.6,3.65,NASA POWER Daily API,34.84
20250705,Rio Verde - GO,-17.7923,-50.9192,campo,sol,22.6,5.7,284.43,19.26,1.4,0.0,0,0.0,0.0,20.46,51.96,948.8,5.54,6.62,3.01,NASA POWER Daily API,40.63
20250706,Rio Verde - GO,-17.7923,-50.9192,campo,sol,24.88,6.8,132.67,0.78,1.4,0.0,0,0.0,0.0,20.55,49.68,947.9,11.21,4.89,2.45,NASA POWER Daily API,19.44
20250707,Rio Verde - GO,-17.7923,-50.9192,campo,sol,29.39,9.02,341.79,8.01,1.4,0.0,0,0.0,0.0,20.75,46.69,948.3,0.77,7.02,2.72,NASA POWER Daily API,44.13
20250708,Rio Verde - GO,-17.7923,-50.9192,transporte,sol,26.95,6.66,246.9,16.46,1.4,0.0,0,0.0,1.0,20.7,49.92,948.7,6.33,2.89,2.7,NASA POWER Daily API,39.45
20250709,Rio Verde - GO,-17.7923,-50.9192,transporte,sol,13.64,3.87,95.42,20.33,1.4,0.0,0,0.0,1.0,21.4,47.97,948.3,5.26,2.97,2.79,NASA POWER Daily API,37.4
20250710,Rio Verde - GO,-17.7923,-50.9192,transporte,sol,15.55,4.06,426.38,19.77,1.4,0.0,0,0.0,1.0,21.56,43.51,948.8,4.75,3.22,3.11,NASA POWER Daily API,37.43
20250711,Rio Verde - GO,-17.7923,-50.9192,transporte,sol,30.43,3.58,290.72,15.27,1.4,0.0,0,0.0,1.0,21.57,42.64,949.3,3.49,18.35,3.3,NASA POWER Daily API,36.0
20250712,Rio Verde - GO,-17.7923,-50.9192,campo,sol,27.94,3.39,59.67,7.01,1.4,0.0,0,0.0,0.0,21.84,46.99,948.4,9.26,4.92,3.09,NASA POWER Daily API,33.62
20250713,Rio Verde - GO,-17.7923,-50.9192,transporte,sol,23.23,2.9,286.16,19.88,1.4,0.0,0,0.0,1.0,22.96,44.13,948.6,3.2,3.92,2.91,NASA POWER Daily API,38.67
20250714,Rio Verde - GO,-17.7923,-50.9192,campo,sol,23.8,7.77,193.15,5.53,1.4,0.0,0,0.0,0.0,22.81,43.42,949.1,17.45,5.34,2.74,NASA POWER Daily API,25.98
20250715,Rio Verde - GO,-17.7923,-50.9192,transporte,sol,9.52,7.28,360.82,15.94,1.4,0.0,0,0.0,1.0,22.25,40.1,947.4,24.02,3.48,3.03,NASA POWER Daily API,34.32
20250716,Rio Verde - GO,-17.7923,-50.9192,transporte,sol,16.55,3.26,263.83,17.26,1.4,0.0,0,0.0,1.0,21.83,40.7,946.2,1.44,8.06,2.36,NASA POWER Daily API,45.94
20250717,Rio Verde - GO,-17.7923,-50.9192,proximidade_agua,sol,16.63,3.04,259.23,6.08,1.4,0.0,0,0.0,2.0,22.12,37.41,946.6,19.15,4.71,2.07,NASA POWER Daily API,23.73
20250718,Rio Verde - GO,-17.7923,-50.9192,campo,sol,27.1,4.94,248.94,18.97,1.4,0.0,0,0.0,0.0,20.29,46.19,946.9,5.46,4.36,2.69,NASA POWER Daily API,40.96
20250719,Rio Verde - GO,-17.7923,-50.9192,manutencao,sol,23.49,2.06,211.49,4.83,2.4,0.0,0,0.0,3.0,21.23,52.16,947.4,9.35,4.55,2.88,NASA POWER Daily API,21.29
20250720,Rio Verde - GO,-17.7923,-50.9192,campo,sol,29.32,4.0,311.42,15.23,3.4,0.0,0,0.0,0.0,22.62,41.8,946.3,8.96,3.59,2.3,NASA POWER Daily API,40.3
20250721,Rio Verde - GO,-17.7923,-50.9192,transporte,sol,16.26,0.0,387.17,28.72,1.4,0.0,0,0.0,1.0,23.46,38.51,945.0,29.56,5.44,2.17,NASA POWER Daily API,44.84
20250722,Rio Verde - GO,-17.7923,-50.9192,transporte,sol,22.16,0.26,338.9,17.08,1.4,0.0,0,0.0,1.0,23.85,39.9,945.1,6.18,8.16,2.3,NASA POWER Daily API,32.32
20250723,Rio Verde - GO,-17.7923,-50.9192,campo,sol,27.99,2.86,359.03,14.82,1.4,0.0,0,0.0,0.0,23.82,40.48,946.5,9.18,3.43,2.55,NASA POWER Daily API,33.88
20250724,Rio Verde - GO,-17.7923,-50.9192,manutencao,sol,21.42,2.94,359.42,9.58,2.4,0.0,0,0.0,3.0,25.0,38.22,945.4,0.71,6.95,2.04,NASA POWER Daily API,39.67
20250725,Rio Verde - GO,-17.7923,-50.9192,proximidade_agua,sol,20.04,6.39,311.25,6.77,1.4,0.0,0,0.0,2.0,26.21,33.85,943.9,4.9,1.84,1.15,NASA POWER Daily API,29.32
20250726,Rio Verde - GO,-17.7923,-50.9192,campo,sol,8.53,0.0,269.9,14.4,1.4,0.0,0,0.0,0.0,25.14,37.74,944.1,4.6,2.94,2.04,NASA POWER Daily API,24.68
20250727,Rio Verde - GO,-17.7923,-50.9192,campo,sol,11.19,4.3,130.67,15.16,2.4,0.0,0,0.0,0.0,25.14,36.42,943.6,17.16,5.93,3.43,NASA POWER Daily API,33.13
20250728,Rio Verde - GO,-17.7923,-50.9192,campo,garoa,5.02,2.92,353.76,14.28,3.4,0.13,0,4.0,0.0,26.73,35.78,944.5,5.82,2.92,4.06,NASA POWER Daily API,30.94
20250729,Rio Verde - GO,-17.7923,-50.9192,transporte,garoa,25.05,2.6,181.94,20.69,3.4,1.0,0,4.0,1.0,20.98,58.08,947.2,5.44,8.65,4.94,NASA POWER Daily API,45.26
20250730,Rio Verde - GO,-17.7923,-50.9192,proximidade_agua,sol,27.52,5.61,256.54,7.54,1.4,0.0,0,0.0,2.0,19.58,35.96,947.2,13.72,5.35,2.89,NASA POWER Daily API,31.48
20250731,Rio Verde - GO,-17.7923,-50.9192,campo,sol,9.01,5.48,296.44,10.59,1.4,0.0,0,0.0,0.0,21.21,26.54,947.1,24.25,8.77,2.61,NASA POWER Daily API,25.61
20250801,Rio Verde - GO,-17.7923,-50.9192,transporte,sol,23.83,3.83,276.15,24.12,1.4,0.0,0,0.0,1.0,23.4,36.62,947.7,19.16,5.66,3.02,NASA POWER Daily API,45.19
20250802,Rio Verde - GO,-17.7923,-50.9192,transporte,sol,6.11,7.31,374.07,15.33,1.4,0.0,0,0.0,1.0,23.84,34.49,947.5,4.35,3.59,3.53,NASA POWER Daily API,32.56
20250803,Rio Verde - GO,-17.7923,-50.9192,campo,sol,14.19,3.77,485.89,5.55,2.4,0.0,0,0.0,0.0,23.3,27.01,946.8,6.36,5.37,3.04,NASA POWER Daily API,21.24
20250804,Rio Verde - GO,-17.7923,-50.9192,proximidade_agua,sol,11.46,3.33,236.28,3.14,1.4,0.0,0,0.0,2.0,21.94,26.71,947.0,9.65,6.29,3.04,NASA POWER Daily API,18.78
20250805,Rio Verde - GO,-17.7923,-50.9192,campo,sol,11.41,8.26,346.85,18.37,2.4,0.0,0,0.0,0.0,22.77,29.47,947.5,4.98,4.44,3.49,NASA POWER Daily API,41.09
20250806,Rio Verde - GO,-17.7923,-50.9192,manutencao,sol,21.38,3.57,171.07,7.08,1.4,0.0,0,0.0,3.0,23.19,40.86,945.9,38.03,7.52,2.89,NASA POWER Daily API,23.01
20250807,Rio Verde - GO,-17.7923,-50.9192,transporte,sol,10.4,2.01,212.5,18.25,1.4,0.0,0,0.0,1.0,24.98,37.21,944.0,2.95,17.45,2.12,NASA POWER Daily API,38.37
20250808,Rio Verde - GO,-17.7923,-50.9192,transporte,sol,8.69,9.9,372.31,18.18,2.4,0.0,0,0.0,1.0,24.98,37.47,943.6,8.41,2.43,4.47,NASA POWER Daily API,42.03
20250809,Rio Verde - GO,-17.7923,-50.9192,campo,sol,18.45,10.31,417.71,10.82,1.4,0.0,0,0.0,0.0,20.24,53.98,946.1,9.62,6.31,5.06,NASA POWER Daily API,33.87
20250810,Rio Verde - GO,-17.7923,-50.9192,proximidade_agua,sol,5.0,14.6,356.26,7.11,1.4,0.0,0,0.0,2.0,18.79,39.06,946.4,18.88,6.5,3.81,NASA POWER Daily API,33.68
20250811,Rio Verde - GO,-17.7923,-50.9192,proximidade_agua,sol,13.92,4.14,294.16,11.27,1.4,0.0,0,0.0,2.0,17.73,27.69,946.0,9.74,10.66,3.86,NASA POWER Daily API,30.6
20250812,Rio Verde - GO,-17.7923,-50.9192,campo,sol,10.75,4.58,197.96,10.22,1.4,0.0,0,0.0,0.0,17.71,35.09,944.8,6.41,1.81,3.06,NASA POWER Daily API,24.88
20250813,Rio Verde - GO,-17.7923,-50.9192,campo,sol,11.58,4.63,307.26,14.13,1.4,0.0,0,0.0,0.0,20.25,26.87,945.0,2.38,3.89,2.6,NASA POWER Daily API,36.06
20250814,Rio Verde - GO,-17.7923,-50.9192,transporte,sol,8.62,6.71,294.35,22.71,2.4,0.0,0,0.0,1.0,21.89,23.91,946.4,14.0,5.27,2.98,NASA POWER Daily API,44.13
20250815,Rio Verde - GO,-17.7923,-50.9192,transporte,sol,8.2,0.0,208.43,22.36,2.4,0.0,0,0.0,1.0,23.33,27.56,946.3,3.3,1.69,2.97,NASA POWER Daily API,36.53
20250816,Rio Verde - GO,-17.7923,-50.9192,campo,sol,11.82,3.13,202.91,17.65,2.4,0.0,0,0.0,0.0,26.01,30.61,944.6,22.34,4.57,2.57,NASA POWER Daily API,35.13
20250817,Rio Verde - GO,-17.7923,-50.9192,transporte,sol,11.32,1.99,147.73,22.49,2.4,0.0,0,0.0,1.0,26.63,30.44,944.5,9.71,6.7,3.04,NASA POWER Daily API,39.84
20250818,Rio Verde - GO,-17.7923,-50.9192,transporte,sol,9.12,6.32,151.64,20.68,3.4,0.0,0,0.0,1.0,25.77,32.03,944.9,15.42,1.79,3.05,NASA POWER Daily API,43.59
20250819,Rio Verde - GO,-17.7923,-50.9192,transporte,sol,20.7,13.45,300.38,12.86,2.4,0.0,0,0.0,1.0,25.77,27.59,943.3,6.19,8.79,4.07,NASA POWER Daily API,42.74
20250820,Rio Verde - GO,-17.7923,-50.9192,campo,garoa,14.54,0.0,179.22,11.97,1.4,0.03,0,4.0,0.0,26.82,30.01,943.8,2.15,3.76,3.42,NASA POWER Daily API,29.5
20250821,Rio Verde - GO,-17.7923,-50.9192,campo,sol,11.87,4.7,322.22,10.46,1.4,0.0,0,0.0,0.0,27.31,29.17,943.8,2.89,14.3,3.05,NASA POWER Daily API,31.72
20250822,Rio Verde - GO,-17.7923,-50.9192,campo,sol,7.65,3.57,277.57,14.69,1.4,0.0,0,0.0,0.0,26.17,22.35,942.6,2.07,6.3,4.27,NASA POWER Daily API,34.63
20250823,Rio Verde - GO,-17.7923,-50.9192,campo,sol,8.06,9.15,139.5,4.8,1.4,0.0,0,0.0,0.0,25.98,21.2,943.5,27.61,5.92,3.28,NASA POWER Daily API,22.19
20250824,Rio Verde - GO,-17.7923,-50.9192,campo,sol,5.0,4.81,159.76,12.62,1.4,0.0,0,0.0,0.0,27.46,21.7,944.5,4.64,13.44,2.03,NASA POWER Daily API,26.42
20250825,Rio Verde - GO,-17.7923,-50.9192,campo,sol,23.73,7.45,247.24,11.12,2.4,0.0,0,0.0,0.0,24.76,41.96,946.9,3.98,12.79,4.05,NASA POWER Daily API,34.92
20250826,Rio Verde - GO,-17.7923,-50.9192,campo,sol,18.12,3.77,221.68,21.78,1.4,0.0,0,0.0,0.0,26.08,40.48,946.5,5.53,3.44,3.26,NASA POWER Daily API,40.57
20250827,Rio Verde - GO,-17.7923,-50.9192,campo,garoa,16.6,0.92,223.93,14.74,2.4,0.03,0,4.0,0.0,26.74,40.55,946.5,7.82,4.06,3.44,NASA POWER Daily API,30.5
20250828,Rio Verde - GO,-17.7923,-50.9192,manutencao,garoa,13.32,0.0,200.29,12.0,1.4,0.55,0,4.0,3.0,27.59,39.28,946.1,5.32,4.05,3.02,NASA POWER Daily API,23.5
20250829,Rio Verde - GO,-17.7923,-50.9192,campo,garoa,17.03,5.39,254.18,12.09,2.4,1.79,0,4.0,0.0,26.92,38.81,944.4,15.7,4.87,4.23,NASA POWER Daily API,33.83
20250830,Rio Verde - GO,-17.7923,-50.9192,transporte,garoa,19.91,0.0,314.26,20.76,1.4,0.01,0,4.0,1.0,25.99,38.08,944.6,5.77,1.55,3.37,NASA POWER Daily API,36.02
20250831,Rio Verde - GO,-17.7923,-50.9192,campo,sol,26.81,2.63,342.08,4.79,2.4,0.0,0,0.0,0.0,26.45,35.43,944.7,6.7,6.66,2.98,NASA POWER Daily API,23.02
20250901,Rio Verde - GO,-17.7923,-50.9192,transporte,sol,17.63,3.84,202.2,13.63,2.4,0.0,0,0.0,1.0,27.0,31.42,945.7,2.75,2.7,3.78,NASA POWER Daily API,38.52
20250902,Rio Verde - GO,-17.7923,-50.9192,transporte,garoa,20.33,3.92,302.46,18.77,1.4,0.03,0,4.0,1.0,26.61,35.39,945.8,73.14,3.71,4.68,NASA POWER Daily API,37.71
20250903,Rio Verde - GO,-17.7923,-50.9192,proximidade_agua,sol,25.85,6.11,96.28,8.14,3.4,0.0,0,0.0,2.0,26.2,35.53,945.5,15.16,8.51,4.51,NASA POWER Daily API,36.67
20250904,Rio Verde - GO,-17.7923,-50.9192,campo,sol,15.64,1.11,289.89,19.9,1.4,0.0,0,0.0,0.0,25.87,35.03,944.7,11.36,4.35,3.22,NASA POWER Daily API,34.81
20250905,Rio Verde - GO,-17.7923,-50.9192,proximidade_agua,garoa,18.44,4.16,294.3,10.26,1.4,0.2,0,4.0,2.0,26.02,34.74,944.0,12.55,3.1,2.29,NASA POWER Daily API,31.05
20250906,Rio Verde - GO,-17.7923,-50.9192,transporte,garoa,13.05,4.44,215.6,20.08,1.4,0.01,0,4.0,1.0,27.56,30.66,944.0,22.83,10.77,2.96,NASA POWER Daily API,37.82
20250907,Rio Verde - GO,-17.7923,-50.9192,manutencao,sol,6.54,3.57,266.82,6.93,1.4,0.0,0,0.0,3.0,28.78,28.52,944.4,5.53,6.46,3.07,NASA POWER Daily API,18.48
20250908,Rio Verde - GO,-17.7923,-50.9192,transporte,sol,21.55,4.57,349.32,16.39,1.4,0.0,0,0.0,1.0,28.19,22.53,943.5,8.13,7.93,3.54,NASA POWER Daily API,35.92
20250909,Rio Verde - GO,-17.7923,-50.9192,transporte,sol,19.67,0.0,340.7,19.53,3.4,0.0,0,0.0,1.0,28.55,27.58,944.1,1.03,5.46,3.56,NASA POWER Daily API,50.74
20250910,Rio Verde - GO,-17.7923,-50.9192,proximidade_agua,garoa,15.89,9.35,371.15,9.19,2.4,0.03,0,4.0,2.0,27.94,31.63,944.7,5.29,3.66,3.21,NASA POWER Daily API,36.33
20250911,Rio Verde - GO,-17.7923,-50.9192,transporte,garoa,5.0,3.19,239.64,20.6,3.4,0.02,0,4.0,1.0,28.55,18.02,944.7,5.03,15.04,3.34,NASA POWER Daily API,39.0
20250912,Rio Verde - GO,-17.7923,-50.9192,proximidade_agua,garoa,15.43,6.52,371.78,10.56,1.4,0.04,0,4.0,2.0,28.66,21.19,942.6,20.88,19.44,3.49,NASA POWER Daily API,33.3
20250913,Rio Verde - GO,-17.7923,-50.9192,proximidade_agua,garoa,15.71,4.48,303.02,8.19,2.4,0.01,0,4.0,2.0,28.67,27.54,942.0,19.1,3.25,4.04,NASA POWER Daily API,30.08
20250914,Rio Verde - GO,-17.7923,-50.9192,transporte,sol,12.96,3.89,336.99,22.06,1.4,0.0,0,0.0,1.0,28.61,28.3,942.8,19.4,5.54,4.04,NASA POWER Daily API,39.76
20250915,Rio Verde - GO,-17.7923,-50.9192,manutencao,sol,9.85,0.0,315.88,12.03,1.4,0.0,0,0.0,3.0,29.12,27.58,941.9,11.76,8.43,2.95,NASA POWER Daily API,22.27
20250916,Rio Verde - GO,-17.7923,-50.9192,transporte,garoa,11.63,0.0,229.54,26.26,2.4,0.09,0,4.0,1.0,29.89,28.07,940.9,6.22,2.87,3.02,NASA POWER Daily API,42.9
20250917,Rio Verde - GO,-17.7923,-50.9192,campo,garoa,22.0,5.81,125.22,12.36,1.4,0.92,0,4.0,0.0,29.77,33.09,940.7,15.86,3.38,3.92,NASA POWER Daily API,33.39
20250918,Rio Verde - GO,-17.7923,-50.9192,campo,garoa,20.33,6.29,279.75,21.83,3.4,0.24,0,4.0,0.0,29.67,33.32,941.6,5.63,9.94,3.45,NASA POWER Daily API,48.82
20250919,Rio Verde - GO,-17.7923,-50.9192,proximidade_agua,garoa,21.65,0.0,265.21,7.65,1.4,0.79,0,4.0,2.0,29.02,37.68,942.6,5.99,6.29,2.24,NASA POWER Daily API,25.04
20250920,Rio Verde - GO,-17.7923,-50.9192,campo,garoa,19.34,3.63,220.22,12.71,1.4,1.3,0,4.0,0.0,29.06,47.59,942.1,5.0,3.87,2.46,NASA POWER Daily API,31.0
20250921,Rio Verde - GO,-17.7923,-50.9192,campo,garoa,25.44,5.39,380.96,17.08,1.4,0.15,0,4.0,0.0,30.58,37.07,938.9,27.12,11.7,4.15,NASA POWER Daily API,39.27
20250922,Rio Verde - GO,-17.7923,-50.9192,manutencao,garoa,32.35,8.4,378.92,4.25,1.4,2.35,0,4.0,3.0,29.58,42.45,939.7,7.94,13.68,6.11,NASA POWER Daily API,30.5
20250923,Rio Verde - GO,-17.7923,-50.9192,transporte,garoa,37.43,0.0,272.29,28.72,1.4,3.89,0,4.0,1.0,25.78,53.91,943.9,8.13,6.7,3.51,NASA POWER Daily API,54.96
20250924,Rio Verde - GO,-17.7923,-50.9192,campo,garoa,33.92,5.76,188.13,11.56,1.4,0.14,0,4.0,0.0,27.88,43.4,946.6,17.85,10.12,4.18,NASA POWER Daily API,34.75
20250925,Rio Verde - GO,-17.7923,-50.9192,campo,garoa,36.67,6.9,209.44,9.03,1.4,0.89,0,4.0,0.0,27.81,45.96,945.9,2.2,6.2,4.26,NASA POWER Daily API,40.38
20250926,Rio Verde - GO,-17.7923,-50.9192,campo,garoa,28.2,5.89,206.52,7.42,3.4,0.01,0,4.0,0.0,27.23,43.35,945.0,9.06,5.74,4.3,NASA POWER Daily API,32.29
20250927,Rio Verde - GO,-17.7923,-50.9192,campo,sol,37.03,2.01,210.83,19.24,2.4,0.0,0,0.0,0.0,27.4,36.92,944.0,4.22,9.2,3.12,NASA POWER Daily API,43.55
20250928,Rio Verde - GO,-17.7923,-50.9192,manutencao,garoa,25.62,2.63,269.07,15.41,2.4,0.04,0,4.0,3.0,28.4,31.64,943.8,4.07,3.95,2.41,NASA POWER Daily API,36.04
20250929,Rio Verde - GO,-17.7923,-50.9192,transporte,garoa,23.98,5.98,265.17,20.24,1.4,0.03,0,4.0,1.0,29.51,27.17,943.4,1.5,8.93,3.06,NASA POWER Daily API,48.97
20250930,Rio Verde - GO,-17.7923,-50.9192,proximidade_agua,garoa,10.6,5.59,253.59,10.19,1.4,0.05,0,4.0,2.0,29.72,26.13,943.2,5.61,11.48,3.42,NASA POWER Daily API,30.02
20251001,Rio Verde - GO,-17.7923,-50.9192,campo,garoa,13.6,6.72,200.05,21.78,1.4,0.04,0,4.0,0.0,30.4,25.58,943.6,8.23,4.23,3.36,NASA POWER Daily API,42.56
20251002,Rio Verde - GO,-17.7923,-50.9192,campo,garoa,8.48,2.03,361.01,6.58,2.4,0.01,0,4.0,0.0,31.05,27.04,943.3,5.15,6.64,3.41,NASA POWER Daily API,19.24
20251003,Rio Verde - GO,-17.7923,-50.9192,campo,sol,5.0,1.01,315.71,14.72,1.4,0.0,0,0.0,0.0,30.27,23.26,942.3,5.09,4.46,3.62,NASA POWER Daily API,25.21
20251004,Rio Verde - GO,-17.7923,-50.9192,campo,sol,5.0,4.7,304.41,12.3,1.4,0.0,0,0.0,0.0,29.05,26.15,942.0,2.85,3.44,3.92,NASA POWER Daily API,32.08
20251005,Rio Verde - GO,-17.7923,-50.9192,campo,sol,11.87,0.0,311.23,13.12,1.4,0.0,0,0.0,0.0,30.42,25.72,941.7,6.61,3.17,3.65,NASA POWER Daily API,24.25
20251006,Rio Verde - GO,-17.7923,-50.9192,campo,garoa,5.0,5.83,409.75,13.19,2.4,0.01,0,4.0,0.0,30.68,27.23,940.3,6.14,2.7,2.35,NASA POWER Daily API,30.66
20251007,Rio Verde - GO,-17.7923,-50.9192,campo,garoa,13.33,2.36,120.28,2.93,1.4,0.13,0,4.0,0.0,32.81,25.95,939.5,6.37,3.73,2.28,NASA POWER Daily API,15.28
20251008,Rio Verde - GO,-17.7923,-50.9192,campo,garoa,20.98,5.98,276.97,15.6,1.4,0.59,0,4.0,0.0,30.89,40.93,941.2,2.61,3.72,5.49,NASA POWER Daily API,42.96
20251009,Rio Verde - GO,-17.7923,-50.9192,campo,garoa,8.33,2.75,353.91,15.52,2.4,0.73,0,4.0,0.0,30.6,38.42,941.8,29.27,2.76,3.92,NASA POWER Daily API,31.91
20251010,Rio Verde - GO,-17.7923,-50.9192,campo,garoa,30.07,4.59,202.95,14.12,2.4,3.01,0,4.0,0.0,30.61,36.14,942.2,3.25,5.91,3.35,NASA POWER Daily API,40.76
20251011,Rio Verde - GO,-17.7923,-50.9192,campo,garoa,33.28,3.57,233.89,18.46,1.4,0.12,0,4.0,0.0,29.24,43.97,940.5,8.48,2.1,2.78,NASA POWER Daily API,41.3
20251012,Rio Verde - GO,-17.7923,-50.9192,campo,garoa,29.48,4.62,216.79,18.8,1.4,3.43,0,4.0,0.0,28.63,45.38,939.8,2.45,5.67,3.12,NASA POWER Daily API,50.88
20251013,Rio Verde - GO,-17.7923,-50.9192,proximidade_agua,garoa,21.26,0.0,237.59,13.95,3.4,1.29,0,4.0,2.0,29.89,44.19,939.2,3.34,7.02,4.15,NASA POWER Daily API,37.81
20251014,Rio Verde - GO,-17.7923,-50.9192,campo,garoa,43.06,4.41,188.72,11.97,2.4,0.55,0,4.0,0.0,28.98,50.45,941.3,1.32,4.06,2.67,NASA POWER Daily API,51.5
20251015,Rio Verde - GO,-17.7923,-50.9192,campo,garoa,24.59,5.24,303.01,20.34,1.4,0.22,0,4.0,0.0,30.17,45.57,941.3,14.79,8.43,2.79,NASA POWER Daily API,42.83
20251016,Rio Verde - GO,-17.7923,-50.9192,campo,garoa,38.93,1.09,268.26,11.83,1.4,4.76,0,4.0,0.0,30.96,46.47,941.1,25.21,3.97,2.05,NASA POWER Daily API,36.47
20251017,Rio Verde - GO,-17.7923,-50.9192,campo,garoa,40.18,6.04,289.07,13.38,1.4,1.06,0,4.0,0.0,28.91,53.75,940.7,2.56,3.92,2.25,NASA POWER Daily API,46.49
20251018,Rio Verde - GO,-17.7923,-50.9192,campo,garoa,36.36,4.33,364.46,17.02,2.4,3.66,0,4.0,0.0,29.73,46.46,940.5,2.75,10.54,3.28,NASA POWER Daily API,52.73
20251019,Rio Verde - GO,-17.7923,-50.9192,transporte,chuva,60.33,5.74,218.09,18.98,2.4,7.92,0,2.0,1.0,23.64,67.49,942.5,11.16,3.52,4.66,NASA POWER Daily API,66.26
20251020,Rio Verde - GO,-17.7923,-50.9192,transporte,sol,45.18,7.42,265.49,20.8,1.4,0.0,0,0.0,1.0,23.6,50.42,943.5,0.87,2.17,5.03,NASA POWER Daily API,63.51
20251021,Rio Verde - GO,-17.7923,-50.9192,transporte,sol,43.42,6.84,205.44,17.92,1.4,0.0,0,0.0,1.0,24.79,52.03,944.6,35.22,6.83,4.49,NASA POWER Daily API,46.7
20251022,Rio Verde - GO,-17.7923,-50.9192,campo,sol,54.19,2.47,350.81,16.06,1.4,0.0,0,0.0,0.0,24.76,49.38,945.7,6.38,3.89,3.84,NASA POWER Daily API,42.94
20251023,Rio Verde - GO,-17.7923,-50.9192,transporte,sol,33.51,1.57,291.18,17.97,1.4,0.0,0,0.0,1.0,25.39,42.75,944.7,11.75,2.77,3.9,NASA POWER Daily API,38.24
20251024,Rio Verde - GO,-17.7923,-50.9192,transporte,sol,33.62,2.02,185.16,26.63,2.4,0.0,0,0.0,1.0,26.62,40.04,943.2,9.72,8.52,3.19,NASA POWER Daily API,51.83
20251025,Rio Verde - GO,-17.7923,-50.9192,campo,sol,30.29,9.82,167.99,11.3,1.4,0.0,0,0.0,0.0,29.19,35.55,941.4,1.48,3.44,3.27,NASA POWER Daily API,49.83
20251026,Rio Verde - GO,-17.7923,-50.9192,campo,sol,13.51,10.85,437.3,25.48,1.4,0.0,0,0.0,0.0,30.0,34.22,940.2,69.42,5.92,2.8,NASA POWER Daily API,51.69
20251027,Rio Verde - GO,-17.7923,-50.9192,transporte,garoa,17.22,5.23,285.06,18.82,1.4,1.48,0,4.0,1.0,30.54,37.19,941.4,15.1,3.83,1.49,NASA POWER Daily API,39.9
20251028,Rio Verde - GO,-17.7923,-50.9192,campo,garoa,23.63,2.28,209.91,11.3,2.4,0.48,0,4.0,0.0,29.77,43.61,942.9,6.31,9.38,2.98,NASA POWER Daily API,30.42
20251029,Rio Verde - GO,-17.7923,-50.9192,campo,garoa,27.45,5.01,150.21,13.34,1.4,1.53,0,4.0,0.0,29.19,50.06,943.2,18.94,2.35,3.08,NASA POWER Daily API,35.81
20251030,Rio Verde - GO,-17.7923,-50.9192,campo,garoa,29.19,8.93,278.78,8.35,1.4,1.39,0,4.0,0.0,27.3,54.74,943.2,3.86,3.28,2.69,NASA POWER Daily API,34.08
20251031,Rio Verde - GO,-17.7923,-50.9192,proximidade_agua,garoa,33.03,1.14,324.02,10.9,1.4,0.25,0,4.0,2.0,29.38,47.1,941.5,6.82,5.97,1.77,NASA POWER Daily API,33.27
20251101,Rio Verde - GO,-17.7923,-50.9192,transporte,garoa,20.43,4.92,314.08,26.05,1.4,0.47,0,4.0,1.0,29.15,47.28,941.6,4.4,4.42,2.14,NASA POWER Daily API,48.6
20251102,Rio Verde - GO,-17.7923,-50.9192,campo,chuva,49.87,6.43,164.36,12.87,1.4,7.66,0,2.0,0.0,29.37,51.33,940.5,6.45,12.67,2.23,NASA POWER Daily API,53.95
20251103,Rio Verde - GO,-17.7923,-50.9192,proximidade_agua,garoa,50.22,0.42,273.01,12.5,1.4,1.77,0,4.0,2.0,26.34,68.9,941.0,6.61,10.28,3.61,NASA POWER Daily API,41.15
20251104,Rio Verde - GO,-17.7923,-50.9192,proximidade_agua,garoa,48.89,6.79,15.52,7.64,1.4,0.1,0,4.0,2.0,28.94,57.82,940.8,3.36,11.15,2.87,NASA POWER Daily API,62.14
20251105,Rio Verde - GO,-17.7923,-50.9192,transporte,garoa,63.01,0.0,167.89,21.84,1.4,4.89,0,4.0,1.0,29.25,55.43,942.6,9.89,4.66,3.26,NASA POWER Daily API,55.08
20251106,Rio Verde - GO,-17.7923,-50.9192,campo,garoa,45.61,5.07,314.54,19.21,2.4,0.43,0,4.0,0.0,29.08,53.78,940.6,4.5,11.12,2.57,NASA POWER Daily API,49.95
20251107,Rio Verde - GO,-17.7923,-50.9192,transporte,garoa,34.28,0.0,189.45,20.03,2.4,0.03,0,4.0,1.0,30.2,47.92,937.5,6.25,10.68,3.92,NASA POWER Daily API,42.09
20251108,Rio Verde - GO,-17.7923,-50.9192,transporte,chuva,63.2,8.17,119.84,17.79,2.4,6.88,0,2.0,1.0,29.44,53.69,938.2,1.45,4.29,4.86,NASA POWER Daily API,79.5
20251109,Rio Verde - GO,-17.7923,-50.9192,campo,garoa,56.67,8.3,324.73,11.48,1.4,2.01,0,4.0,0.0,26.39,65.24,941.6,6.1,5.37,3.32,NASA POWER Daily API,46.27
20251110,Rio Verde - GO,-17.7923,-50.9192,campo,sol,41.44,5.66,341.71,15.2,1.4,0.0,0,0.0,0.0,28.06,46.29,942.1,67.49,7.29,4.07,NASA POWER Daily API,41.64
20251111,Rio Verde - GO,-17.7923,-50.9192,campo,garoa,48.7,6.0,312.15,18.6,2.4,1.08,0,4.0,0.0,28.06,50.87,941.6,42.86,6.77,2.91,NASA POWER Daily API,51.63
20251112,Rio Verde - GO,-17.7923,-50.9192,transporte,garoa,39.73,4.52,319.33,21.8,2.4,0.41,0,4.0,1.0,28.71,56.53,941.9,17.35,7.63,3.5,NASA POWER Daily API,50.73
20251113,Rio Verde - GO,-17.7923,-50.9192,transporte,garoa,44.62,10.45,257.74,25.64,1.4,0.88,0,4.0,1.0,28.28,52.68,942.4,7.18,3.48,3.06,NASA POWER Daily API,61.49
20251114,Rio Verde - GO,-17.7923,-50.9192,transporte,garoa,45.87,4.18,359.54,26.43,1.4,0.01,0,4.0,1.0,29.65,48.06,942.4,8.36,7.41,4.33,NASA POWER Daily API,55.44
20251115,Rio Verde - GO,-17.7923,-50.9192,campo,garoa,27.18,11.36,217.5,15.8,1.4,0.34,0,4.0,0.0,29.97,45.18,940.7,6.32,5.6,3.12,NASA POWER Daily API,44.52
20251116,Rio Verde - GO,-17.7923,-50.9192,campo,garoa,31.12,6.77,396.07,10.51,1.4,1.58,0,4.0,0.0,29.65,48.06,939.4,39.64,5.34,3.19,NASA POWER Daily API,35.53
20251117,Rio Verde - GO,-17.7923,-50.9192,campo,garoa,35.29,5.74,166.76,11.77,1.4,4.27,0,4.0,0.0,28.75,51.82,940.4,3.21,4.19,3.24,NASA POWER Daily API,39.77
20251118,Rio Verde - GO,-17.7923,-50.9192,campo,garoa,27.97,7.0,289.55,7.15,1.4,0.14,0,4.0,0.0,27.91,51.92,939.6,3.21,7.37,5.81,NASA POWER Daily API,29.25
20251119,Rio Verde - GO,-17.7923,-50.9192,campo,sol,26.77,4.21,477.56,8.59,2.4,0.0,0,0.0,0.0,25.35,40.97,940.0,2.96,2.06,3.98,NASA POWER Daily API,35.75
20251120,Rio Verde - GO,-17.7923,-50.9192,transporte,sol,28.96,3.41,240.36,23.1,1.4,0.0,0,0.0,1.0,26.62,36.52,938.6,6.79,2.15,2.82,NASA POWER Daily API,45.65
20251121,Rio Verde - GO,-17.7923,-50.9192,campo,garoa,25.38,7.05,162.65,11.14,1.4,0.01,0,4.0,0.0,29.51,34.27,938.9,5.85,11.19,1.89,NASA POWER Daily API,33.44
20251122,Rio Verde - GO,-17.7923,-50.9192,campo,garoa,26.13,2.32,123.07,5.88,2.4,2.44,0,4.0,0.0,30.05,41.91,939.6,9.94,5.02,3.37,NASA POWER Daily API,26.53
20251123,Rio Verde - GO,-17.7923,-50.9192,transporte,garoa,38.92,1.5,331.47,15.61,1.4,2.05,0,4.0,1.0,28.33,52.45,939.9,4.57,7.24,2.17,NASA POWER Daily API,39.13
20251124,Rio Verde - GO,-17.7923,-50.9192,campo,garoa,18.32,5.31,111.71,10.32,1.4,1.18,0,4.0,0.0,28.93,50.68,938.5,5.29,6.52,2.14,NASA POWER Daily API,29.61
20251125,Rio Verde - GO,-17.7923,-50.9192,transporte,garoa,38.08,1.91,256.94,11.49,2.4,4.67,0,4.0,1.0,28.65,51.11,938.9,1.77,4.11,2.74,NASA POWER Daily API,44.87
20251126,Rio Verde - GO,-17.7923,-50.9192,transporte,sol,42.79,2.78,219.22,14.36,1.4,0.0,0,0.0,1.0,27.88,39.82,940.2,9.55,3.04,3.09,NASA POWER Daily API,38.1
20251127,Rio Verde - GO,-17.7923,-50.9192,transporte,sol,32.01,7.23,232.11,20.09,2.4,0.0,0,0.0,1.0,27.48,34.78,940.5,8.25,4.98,2.13,NASA POWER Daily API,48.83
20251128,Rio Verde - GO,-17.7923,-50.9192,campo,garoa,27.48,5.26,329.66,8.9,1.4,0.19,0,4.0,0.0,28.73,32.28,940.0,8.8,6.03,2.44,NASA POWER Daily API,29.48
20251129,Rio Verde - GO,-17.7923,-50.9192,campo,garoa,23.51,0.13,262.8,7.9,1.4,0.38,0,4.0,0.0,29.45,34.86,938.1,2.38,3.97,2.47,NASA POWER Daily API,27.97
20251130,Rio Verde - GO,-17.7923,-50.9192,campo,sol,24.85,6.03,272.77,10.64,1.4,0.0,0,0.0,0.0,30.98,28.43,937.6,4.78,3.26,1.84,NASA POWER Daily API,31.66
20251201,Rio Verde - GO,-17.7923,-50.9192,transporte,garoa,22.29,5.54,367.36,16.43,1.4,0.11,0,4.0,1.0,32.07,29.89,937.6,19.81,5.43,1.4,NASA POWER Daily API,37.77
20251202,Rio Verde - GO,-17.7923,-50.9192,proximidade_agua,tempestade,100.0,6.35,243.8,1.55,3.4,28.06,1,3.0,2.0,27.94,59.56,938.9,14.05,8.04,2.01,NASA POWER Daily API,100.0
20251203,Rio Verde - GO,-17.7923,-50.9192,campo,chuva,100.0,5.94,307.17,5.82,1.4,24.03,1,2.0,0.0,26.41,70.84,939.0,2.29,5.87,2.68,NASA POWER Daily API,97.32
20251204,Rio Verde - GO,-17.7923,-50.9192,campo,garoa,100.0,2.67,271.54,12.94,2.4,4.96,0,4.0,0.0,25.36,74.68,938.7,27.77,2.41,1.83,NASA POWER Daily API,60.34
20251205,Rio Verde - GO,-17.7923,-50.9192,campo,garoa,100.0,4.75,272.85,16.23,2.4,3.09,0,4.0,0.0,26.35,70.64,939.2,4.01,4.09,2.86,NASA POWER Daily API,64.83
20251206,Rio Verde - GO,-17.7923,-50.9192,campo,chuva,100.0,0.68,143.92,16.85,2.4,12.13,1,2.0,0.0,25.69,74.86,940.3,1.59,4.29,2.83,NASA POWER Daily API,96.34
20251207,Rio Verde - GO,-17.7923,-50.9192,transporte,chuva,100.0,4.15,126.98,14.86,1.4,22.23,1,2.0,1.0,23.85,84.63,941.2,2.88,7.1,3.29,NASA POWER Daily API,100.0
20251208,Rio Verde - GO,-17.7923,-50.9192,campo,garoa,100.0,6.82,250.67,16.86,2.4,2.49,0,4.0,0.0,23.36,83.29,940.6,15.35,10.15,3.7,NASA POWER Daily API,67.12
20251209,Rio Verde - GO,-17.7923,-50.9192,campo,chuva,100.0,2.62,248.71,9.57,1.4,6.85,1,2.0,0.0,23.22,82.85,938.8,16.38,1.75,6.0,NASA POWER Daily API,76.22
20251210,Rio Verde - GO,-17.7923,-50.9192,manutencao,garoa,100.0,6.27,170.02,10.12,2.4,3.29,0,4.0,3.0,24.78,80.14,938.3,2.84,8.01,5.59,NASA POWER Daily API,65.04
20251211,Rio Verde - GO,-17.7923,-50.9192,campo,garoa,100.0,4.63,352.66,12.37,2.4,1.28,0,4.0,0.0,25.83,79.03,938.5,2.92,2.46,3.71,NASA POWER Daily API,64.2
20251212,Rio Verde - GO,-17.7923,-50.9192,campo,garoa,100.0,1.83,288.33,14.45,1.4,1.32,0,4.0,0.0,25.8,77.97,938.5,9.79,6.11,4.05,NASA POWER Daily API,55.75
20251213,Rio Verde - GO,-17.7923,-50.9192,campo,garoa,93.49,1.78,251.08,11.14,2.4,2.46,0,4.0,0.0,25.39,78.75,939.4,10.24,3.17,2.59,NASA POWER Daily API,52.78
20251214,Rio Verde - GO,-17.7923,-50.9192,transporte,garoa,63.61,0.2,197.92,19.69,1.4,3.37,0,4.0,1.0,25.89,75.26,939.9,43.18,6.46,2.03,NASA POWER Daily API,51.52
20251215,Rio Verde - GO,-17.7923,-50.9192,campo,garoa,66.2,7.97,229.49,7.0,1.4,1.4,0,4.0,0.0,26.73,72.25,939.5,7.31,3.51,2.09,NASA POWER Daily API,42.75
20251216,Rio Verde - GO,-17.7923,-50.9192,transporte,chuva,89.28,1.28,129.65,12.33,2.4,13.47,1,2.0,1.0,25.54,79.0,939.7,5.95,6.89,1.45,NASA POWER Daily API,83.42
20251217,Rio Verde - GO,-17.7923,-50.9192,campo,garoa,73.53,0.33,211.07,14.54,4.4,3.45,0,4.0,0.0,25.58,76.41,938.7,4.67,11.22,2.34,NASA POWER Daily API,54.81
20251218,Rio Verde - GO,-17.7923,-50.9192,transporte,garoa,89.71,6.77,91.95,14.16,2.4,4.1,0,4.0,1.0,24.67,83.05,938.1,17.04,15.45,3.31,NASA POWER Daily API,62.35
20251219,Rio Verde - GO,-17.7923,-50.9192,campo,garoa,93.96,9.25,277.71,11.3,1.4,4.85,0,4.0,0.0,25.08,80.43,938.9,12.31,8.01,4.25,NASA POWER Daily API,61.12
20251220,Rio Verde - GO,-17.7923,-50.9192,campo,garoa,88.54,4.34,124.6,15.75,1.4,2.44,0,4.0,0.0,25.52,78.12,939.8,13.31,7.51,3.3,NASA POWER Daily API,57.55
20251221,Rio Verde - GO,-17.7923,-50.9192,campo,garoa,83.79,11.29,253.24,6.07,1.4,3.67,0,4.0,0.0,25.7,75.25,940.2,3.55,1.72,3.16,NASA POWER Daily API,52.46
20251222,Rio Verde - GO,-17.7923,-50.9192,campo,garoa,75.73,5.53,190.92,15.09,2.4,0.81,0,4.0,0.0,26.76,68.39,939.9,10.62,4.22,3.52,NASA POWER Daily API,54.72
20251223,Rio Verde - GO,-17.7923,-50.9192,transporte,garoa,60.9,6.92,199.6,15.39,1.4,0.46,0,4.0,1.0,26.29,66.25,941.0,5.25,10.34,3.68,NASA POWER Daily API,49.55
20251224,Rio Verde - GO,-17.7923,-50.9192,campo,sol,44.68,1.85,342.03,11.25,1.4,0.0,0,0.0,0.0,26.97,60.69,940.6,20.23,2.99,3.35,NASA POWER Daily API,33.78
20251225,Rio Verde - GO,-17.7923,-50.9192,manutencao,garoa,39.95,5.27,238.79,0.92,2.4,0.49,0,4.0,3.0,27.89,57.23,941.0,10.69,6.24,2.86,NASA POWER Daily API,25.62
20251226,Rio Verde - GO,-17.7923,-50.9192,campo,garoa,39.93,7.4,356.93,15.13,2.4,0.96,0,4.0,0.0,28.13,56.71,941.5,7.28,2.93,2.75,NASA POWER Daily API,46.03
20251227,Rio Verde - GO,-17.7923,-50.9192,proximidade_agua,garoa,38.0,1.46,256.09,9.11,2.4,0.06,0,4.0,2.0,29.36,53.07,941.5,0.91,5.06,2.13,NASA POWER Daily API,46.83
20251228,Rio Verde - GO,-17.7923,-50.9192,manutencao,chuva,48.65,6.4,365.07,4.3,1.4,7.49,0,2.0,3.0,28.47,59.11,941.0,13.72,2.59,1.99,NASA POWER Daily API,42.65
20251229,Rio Verde - GO,-17.7923,-50.9192,campo,garoa,39.29,2.56,272.02,11.37,2.4,0.01,0,4.0,0.0,29.22,55.31,940.4,9.17,3.52,1.54,NASA POWER Daily API,35.23
20251230,Rio Verde - GO,-17.7923,-50.9192,campo,garoa,40.6,1.63,328.05,14.55,1.4,0.93,0,4.0,0.0,29.57,55.84,941.4,9.05,3.24,2.19,NASA POWER Daily API,37.27
20251231,Rio Verde - GO,-17.7923,-50.9192,campo,garoa,38.88,4.34,304.32,12.59,1.4,0.65,0,4.0,0.0,28.56,59.12,943.0,2.91,4.03,2.32,NASA POWER Daily API,42.78
20240101,Sorriso - MT,-12.5425,-55.7211,campo,chuva,67.17,2.05,248.92,8.98,2.1,17.84,0,2.0,0.0,27.13,76.72,968.3,3.18,5.7,0.63,NASA POWER Daily API,59.49
20240102,Sorriso - MT,-12.5425,-55.7211,transporte,chuva,76.82,3.5,402.85,29.18,1.1,6.38,0,2.0,1.0,25.65,86.1,967.7,2.82,4.7,0.66,NASA POWER Daily API,82.36
20240103,Sorriso - MT,-12.5425,-55.7211,campo,chuva,100.0,5.0,146.93,13.21,3.1,10.67,1,2.0,0.0,24.22,95.12,967.6,2.23,5.75,0.67,NASA POWER Daily API,97.29
20240104,Sorriso - MT,-12.5425,-55.7211,transporte,chuva,100.0,0.0,454.78,16.32,4.1,14.37,1,2.0,1.0,25.29,91.58,968.0,8.64,3.57,0.73,NASA POWER Daily API,94.81
20240105,Sorriso - MT,-12.5425,-55.7211,campo,tempestade,100.0,8.7,322.01,3.39,2.1,44.78,1,3.0,0.0,23.92,96.71,968.9,13.86,3.38,0.7,NASA POWER Daily API,100.0
20240106,Sorriso - MT,-12.5425,-55.7211,campo,chuva,100.0,0.0,275.95,10.62,2.1,6.51,1,2.0,0.0,25.03,90.89,968.2,14.53,2.33,0.66,NASA POWER Daily API,75.77
20240107,Sorriso - MT,-12.5425,-55.7211,campo,chuva,100.0,4.78,333.57,7.32,4.1,13.94,1,2.0,0.0,24.89,92.26,968.2,21.53,3.59,0.84,NASA POWER Daily API,88.32
20240108,Sorriso - MT,-12.5425,-55.7211,campo,chuva,100.0,4.9,303.98,6.09,2.1,16.91,1,2.0,0.0,24.78,95.04,968.2,2.59,2.84,0.62,NASA POWER Daily API,92.05
20240109,Sorriso - MT,-12.5425,-55.7211,campo,chuva,100.0,6.56,309.45,11.18,1.1,6.82,1,2.0,0.0,24.83,92.01,968.4,27.6,10.16,0.7,NASA POWER Daily API,81.75
20240110,Sorriso - MT,-12.5425,-55.7211,campo,chuva,100.0,0.34,404.67,17.41,2.1,6.51,1,2.0,0.0,24.89,92.98,968.6,14.75,7.46,0.77,NASA POWER Daily API,85.07
20240111,Sorriso - MT,-12.5425,-55.7211,proximidade_agua,chuva,100.0,3.81,273.01,3.03,3.1,15.68,1,2.0,2.0,23.74,94.41,970.3,7.11,7.53,0.61,NASA POWER Daily API,85.92
20240112,Sorriso - MT,-12.5425,-55.7211,transporte,chuva,100.0,8.04,275.65,11.53,2.1,8.55,1,2.0,1.0,24.71,89.48,968.3,32.4,6.47,0.6,NASA POWER Daily API,86.98
20240113,Sorriso - MT,-12.5425,-55.7211,transporte,garoa,100.0,5.28,446.43,24.94,1.1,4.15,0,4.0,1.0,24.66,90.94,968.5,4.23,2.81,0.56,NASA POWER Daily API,74.33
20240114,Sorriso - MT,-12.5425,-55.7211,campo,garoa,100.0,8.22,195.11,14.28,1.1,2.24,0,4.0,0.0,25.6,90.45,969.9,6.07,2.98,0.75,NASA POWER Daily API,62.17
20240115,Sorriso - MT,-12.5425,-55.7211,transporte,garoa,100.0,1.86,434.5,15.43,1.1,0.43,0,4.0,1.0,25.8,87.62,970.7,2.16,6.45,0.64,NASA POWER Daily API,60.59
20240116,Sorriso - MT,-12.5425,-55.7211,campo,garoa,100.0,3.05,102.47,8.73,1.1,0.3,0,4.0,0.0,26.39,84.55,969.3,3.96,4.05,0.81,NASA POWER Daily API,46.77
20240117,Sorriso - MT,-12.5425,-55.7211,transporte,chuva,94.86,0.0,409.85,23.7,1.1,5.91,1,2.0,1.0,26.74,84.69,969.9,7.27,2.67,0.78,NASA POWER Daily API,86.56
20240118,Sorriso - MT,-12.5425,-55.7211,campo,garoa,81.5,2.8,373.67,12.83,2.1,4.64,0,4.0,0.0,26.73,84.06,969.6,6.07,12.45,0.75,NASA POWER Daily API,52.35
20240119,Sorriso - MT,-12.5425,-55.7211,proximidade_agua,tempestade,100.0,7.26,359.31,0.0,3.1,48.55,1,3.0,2.0,26.01,86.66,969.5,4.22,7.83,0.73,NASA POWER Daily API,100.0
20240120,Sorriso - MT,-12.5425,-55.7211,proximidade_agua,chuva,100.0,0.38,424.96,9.46,1.1,6.61,1,2.0,2.0,26.27,86.41,968.7,18.7,4.73,0.88,NASA POWER Daily API,75.68
20240121,Sorriso - MT,-12.5425,-55.7211,transporte,garoa,100.0,2.57,403.62,17.02,1.1,2.23,0,4.0,1.0,26.23,88.38,969.6,2.3,6.19,0.7,NASA POWER Daily API,65.2
20240122,Sorriso - MT,-12.5425,-55.7211,transporte,garoa,100.0,7.17,373.26,14.96,2.1,4.58,0,4.0,1.0,26.37,89.0,969.6,4.28,6.42,0.56,NASA POWER Daily API,65.97
20240123,Sorriso - MT,-12.5425,-55.7211,campo,garoa,100.0,2.93,460.15,17.63,1.1,4.84,0,4.0,0.0,26.48,88.72,968.5,7.8,2.25,0.66,NASA POWER Daily API,62.9
20240124,Sorriso - MT,-12.5425,-55.7211,transporte,chuva,100.0,5.91,146.65,17.67,5.1,12.62,1,2.0,1.0,25.91,93.46,966.9,3.54,3.61,0.88,NASA POWER Daily API,100.0
20240125,Sorriso - MT,-12.5425,-55.7211,campo,chuva,100.0,6.09,431.41,11.54,1.1,6.19,1,2.0,0.0,25.14,94.18,966.6,1.41,15.06,0.59,NASA POWER Daily API,93.59
20240126,Sorriso - MT,-12.5425,-55.7211,transporte,garoa,100.0,6.16,336.77,17.58,2.1,3.97,0,4.0,1.0,25.33,89.28,967.2,12.53,6.24,0.8,NASA POWER Daily API,67.67
20240127,Sorriso - MT,-12.5425,-55.7211,manutencao,garoa,89.62,0.0,479.77,2.48,3.1,0.21,0,4.0,3.0,25.59,83.88,968.0,1.87,3.29,0.82,NASA POWER Daily API,42.85
20240128,Sorriso - MT,-12.5425,-55.7211,campo,garoa,89.71,7.29,236.14,16.46,1.1,0.13,0,4.0,0.0,25.13,85.81,969.8,3.95,1.66,0.98,NASA POWER Daily API,57.81
20240129,Sorriso - MT,-12.5425,-55.7211,transporte,chuva,100.0,8.43,329.94,13.23,3.1,10.33,1,2.0,1.0,24.84,89.71,971.0,2.92,3.13,0.77,NASA POWER Daily API,99.4
20240130,Sorriso - MT,-12.5425,-55.7211,campo,chuva,100.0,10.53,251.61,7.92,3.1,11.64,1,2.0,0.0,25.27,88.47,970.2,8.03,3.79,0.56,NASA POWER Daily API,89.94
20240131,Sorriso - MT,-12.5425,-55.7211,transporte,chuva,94.86,1.68,345.0,22.9,1.1,5.3,1,2.0,1.0,25.49,90.39,969.5,18.18,5.03,0.79,NASA POWER Daily API,87.93
20240201,Sorriso - MT,-12.5425,-55.7211,campo,tempestade,100.0,5.73,427.77,7.88,3.1,28.76,1,3.0,0.0,26.19,88.35,969.6,23.83,3.41,0.75,NASA POWER Daily API,100.0
20240202,Sorriso - MT,-12.5425,-55.7211,manutencao,garoa,100.0,2.2,301.78,13.19,1.1,3.76,0,4.0,3.0,25.19,90.31,970.3,52.11,3.54,0.71,NASA POWER Daily API,55.9
20240203,Sorriso - MT,-12.5425,-55.7211,campo,tempestade,100.0,4.37,317.66,11.97,2.1,32.36,1,3.0,0.0,24.17,93.77,970.0,41.37,5.03,0.61,NASA POWER Daily API,100.0
20240204,Sorriso - MT,-12.5425,-55.7211,campo,tempestade,100.0,9.47,293.09,17.58,1.1,30.82,1,3.0,0.0,24.08,93.14,970.3,8.46,5.44,0.77,NASA POWER Daily API,100.0
20240205,Sorriso - MT,-12.5425,-55.7211,proximidade_agua,garoa,100.0,4.19,317.46,6.66,1.1,3.18,0,4.0,2.0,24.01,90.98,970.9,5.74,5.49,0.77,NASA POWER Daily API,53.43
20240206,Sorriso - MT,-12.5425,-55.7211,proximidade_agua,garoa,100.0,4.72,400.86,5.4,2.1,1.34,0,4.0,2.0,25.25,86.47,970.8,16.47,7.83,0.72,NASA POWER Daily API,51.82
20240207,Sorriso - MT,-12.5425,-55.7211,transporte,garoa,100.0,8.53,408.68,15.94,1.1,4.12,0,4.0,1.0,25.67,89.0,970.3,12.74,7.85,0.55,NASA POWER Daily API,66.04
20240208,Sorriso - MT,-12.5425,-55.7211,campo,chuva,100.0,8.57,248.85,6.6,1.1,9.68,1,2.0,0.0,25.51,86.44,969.0,3.02,9.84,0.53,NASA POWER Daily API,79.63
20240209,Sorriso - MT,-12.5425,-55.7211,manutencao,garoa,100.0,5.09,339.11,2.04,3.1,4.99,0,4.0,3.0,25.81,88.76,969.1,3.28,4.38,0.71,NASA POWER Daily API,50.13
20240210,Sorriso - MT,-12.5425,-55.7211,proximidade_agua,chuva,100.0,4.49,311.0,0.0,3.1,15.9,1,2.0,2.0,25.79,89.62,969.3,4.95,2.1,0.65,NASA POWER Daily API,82.0
20240211,Sorriso - MT,-12.5425,-55.7211,transporte,chuva,100.0,5.77,417.02,21.33,2.1,9.25,1,2.0,1.0,25.02,92.61,969.7,10.7,9.07,0.86,NASA POWER Daily API,98.2
20240212,Sorriso - MT,-12.5425,-55.7211,campo,garoa,100.0,3.01,266.24,12.85,2.1,1.56,0,4.0,0.0,24.51,89.28,971.3,18.76,9.6,1.03,NASA POWER Daily API,56.16
20240213,Sorriso - MT,-12.5425,-55.7211,transporte,garoa,100.0,0.0,588.86,23.26,3.1,2.35,0,4.0,1.0,25.47,87.79,971.9,1.18,3.24,0.91,NASA POWER Daily API,80.59
20240214,Sorriso - MT,-12.5425,-55.7211,transporte,garoa,100.0,1.63,557.49,17.66,2.1,1.72,0,4.0,1.0,26.01,88.0,971.5,12.94,3.81,0.95,NASA POWER Daily API,60.6
20240215,Sorriso - MT,-12.5425,-55.7211,proximidade_agua,garoa,94.88,0.0,330.86,7.18,2.1,0.38,0,4.0,2.0,26.43,86.36,970.6,13.5,6.58,0.73,NASA POWER Daily API,46.61
20240216,Sorriso - MT,-12.5425,-55.7211,campo,garoa,86.63,0.0,406.12,14.11,2.1,0.71,0,4.0,0.0,26.75,86.03,970.1,13.67,9.43,0.77,NASA POWER Daily API,49.04
20240217,Sorriso - MT,-12.5425,-55.7211,campo,garoa,65.21,6.53,313.94,13.69,1.1,1.36,0,4.0,0.0,26.42,84.41,969.1,21.22,2.04,0.72,NASA POWER Daily API,47.19
20240218,Sorriso - MT,-12.5425,-55.7211,campo,tempestade,100.0,6.59,273.65,7.48,1.1,41.08,1,3.0,0.0,24.66,93.04,969.1,11.16,2.78,0.65,NASA POWER Daily API,100.0
20240219,Sorriso - MT,-12.5425,-55.7211,campo,chuva,100.0,1.36,207.17,13.42,4.1,19.26,1,2.0,0.0,25.27,95.34,968.4,13.19,5.14,0.74,NASA POWER Daily API,98.09
20240220,Sorriso - MT,-12.5425,-55.7211,campo,chuva,100.0,10.16,303.33,13.95,1.1,14.98,1,2.0,0.0,25.34,91.86,966.8,10.12,5.67,0.91,NASA POWER Daily API,96.71
20240221,Sorriso - MT,-12.5425,-55.7211,transporte,garoa,100.0,8.41,280.95,17.44,1.1,3.97,0,4.0,1.0,25.39,90.67,966.4,3.51,5.65,0.96,NASA POWER Daily API,68.01
20240222,Sorriso - MT,-12.5425,-55.7211,campo,garoa,100.0,3.98,337.19,15.85,3.1,2.75,0,4.0,0.0,25.46,90.89,967.2,4.02,3.01,0.66,NASA POWER Daily API,64.56
20240223,Sorriso - MT,-12.5425,-55.7211,transporte,garoa,100.0,3.19,322.15,14.02,1.1,2.9,0,4.0,1.0,25.14,90.39,969.3,26.05,1.73,0.74,NASA POWER Daily API,57.18
20240224,Sorriso - MT,-12.5425,-55.7211,campo,garoa,100.0,8.52,159.02,15.56,3.1,0.93,0,4.0,0.0,24.63,90.08,971.1,6.24,5.89,0.82,NASA POWER Daily API,67.06
20240225,Sorriso - MT,-12.5425,-55.7211,campo,garoa,100.0,6.17,486.6,18.46,1.1,0.23,0,4.0,0.0,25.86,87.36,971.2,80.0,10.41,0.94,NASA POWER Daily API,62.66
20240226,Sorriso - MT,-12.5425,-55.7211,transporte,chuva,86.08,0.0,217.17,14.13,2.1,5.61,1,2.0,1.0,26.43,88.37,970.0,4.13,4.6,0.87,NASA POWER Daily API,74.57
20240227,Sorriso - MT,-12.5425,-55.7211,proximidade_agua,chuva,81.62,0.69,369.72,8.68,2.1,5.6,1,2.0,2.0,25.44,91.0,969.5,5.58,2.87,0.69,NASA POWER Daily API,71.72
20240228,Sorriso - MT,-12.5425,-55.7211,campo,garoa,69.35,4.81,239.3,15.46,3.1,1.64,0,4.0,0.0,25.7,88.2,969.5,3.5,21.74,0.74,NASA POWER Daily API,54.65
20240229,Sorriso - MT,-12.5425,-55.7211,campo,garoa,67.62,0.0,256.19,15.21,2.1,1.23,0,4.0,0.0,26.17,87.91,969.8,7.45,5.33,0.8,NASA POWER Daily API,45.62
20240301,Sorriso - MT,-12.5425,-55.7211,campo,garoa,65.21,6.44,266.75,14.52,1.1,2.51,0,4.0,0.0,26.68,89.32,969.8,13.07,9.49,0.85,NASA POWER Daily API,50.17
20240302,Sorriso - MT,-12.5425,-55.7211,proximidade_agua,tempestade,100.0,0.0,168.38,3.66,1.1,29.54,1,3.0,2.0,25.98,90.68,969.5,2.63,3.07,0.55,NASA POWER Daily API,100.0
20240303,Sorriso - MT,-12.5425,-55.7211,transporte,chuva,100.0,0.0,302.4,19.9,1.1,7.76,1,2.0,1.0,24.29,96.16,969.6,3.43,4.11,0.77,NASA POWER Daily API,87.57
20240304,Sorriso - MT,-12.5425,-55.7211,transporte,chuva,100.0,1.15,379.15,17.91,1.1,8.86,1,2.0,1.0,25.08,90.64,969.8,5.57,2.47,0.59,NASA POWER Daily API,86.12
20240305,Sorriso - MT,-12.5425,-55.7211,campo,garoa,100.0,2.19,284.83,16.23,1.1,4.29,0,4.0,0.0,23.93,92.62,970.1,2.56,4.57,0.65,NASA POWER Daily API,66.7
20240306,Sorriso - MT,-12.5425,-55.7211,proximidade_agua,garoa,100.0,4.74,280.5,5.37,1.1,1.69,0,4.0,2.0,25.0,90.82,969.1,1.8,1.6,0.82,NASA POWER Daily API,56.94
20240307,Sorriso - MT,-12.5425,-55.7211,transporte,garoa,100.0,10.33,507.61,16.43,2.1,2.44,0,4.0,1.0,25.8,92.66,969.9,4.0,1.2,0.75,NASA POWER Daily API,69.9
20240308,Sorriso - MT,-12.5425,-55.7211,transporte,chuva,100.0,4.88,320.55,13.1,1.1,6.25,1,2.0,1.0,26.09,89.96,969.9,14.46,4.08,0.66,NASA POWER Daily API,81.39
20240309,Sorriso - MT,-12.5425,-55.7211,campo,garoa,83.14,3.79,245.49,15.92,1.1,1.75,0,4.0,0.0,25.81,90.16,969.3,5.58,16.28,0.82,NASA POWER Daily API,54.09
20240310,Sorriso - MT,-12.5425,-55.7211,campo,garoa,83.58,5.37,188.25,17.24,1.1,3.27,0,4.0,0.0,25.96,91.49,970.1,12.16,0.77,0.68,NASA POWER Daily API,59.16
20240311,Sorriso - MT,-12.5425,-55.7211,campo,garoa,71.88,7.1,429.47,13.25,1.1,4.16,0,4.0,0.0,27.04,88.86,969.6,30.56,4.29,0.78,NASA POWER Daily API,52.75
20240312,Sorriso - MT,-12.5425,-55.7211,campo,garoa,74.05,5.12,300.87,18.09,1.1,1.98,0,4.0,0.0,27.49,89.19,969.4,29.1,5.46,0.69,NASA POWER Daily API,55.37
20240313,Sorriso - MT,-12.5425,-55.7211,proximidade_agua,garoa,74.26,8.12,426.42,8.5,2.1,1.0,0,4.0,2.0,27.06,90.52,969.5,1.88,5.05,0.73,NASA POWER Daily API,58.11
20240314,Sorriso - MT,-12.5425,-55.7211,campo,chuva,76.39,4.69,523.12,9.81,3.1,6.52,0,2.0,0.0,26.79,92.01,969.2,4.0,5.64,0.69,NASA POWER Daily API,59.01
20240315,Sorriso - MT,-12.5425,-55.7211,transporte,garoa,85.16,7.38,104.56,14.61,1.1,4.48,0,4.0,1.0,27.21,90.08,967.5,2.82,0.65,0.66,NASA POWER Daily API,65.3
20240316,Sorriso - MT,-12.5425,-55.7211,transporte,garoa,72.23,1.82,255.26,19.1,1.1,0.73,0,4.0,1.0,27.71,88.67,967.0,4.73,10.53,0.7,NASA POWER Daily API,51.32
20240317,Sorriso - MT,-12.5425,-55.7211,proximidade_agua,garoa,73.89,0.71,244.41,6.67,1.1,3.08,0,4.0,2.0,26.53,88.64,968.7,3.38,6.87,0.64,NASA POWER Daily API,41.34
20240318,Sorriso - MT,-12.5425,-55.7211,proximidade_agua,garoa,81.78,4.75,280.65,11.0,2.1,2.58,0,4.0,2.0,26.14,89.97,969.0,2.45,6.65,0.64,NASA POWER Daily API,61.33
20240319,Sorriso - MT,-12.5425,-55.7211,campo,garoa,61.18,4.31,285.86,5.06,1.1,0.99,0,4.0,0.0,26.35,89.97,968.0,25.0,9.63,0.71,NASA POWER Daily API,33.6
20240320,Sorriso - MT,-12.5425,-55.7211,transporte,chuva,88.33,5.41,348.38,13.07,1.1,7.98,1,2.0,1.0,26.12,91.77,967.1,4.15,10.71,0.7,NASA POWER Daily API,80.45
20240321,Sorriso - MT,-12.5425,-55.7211,campo,chuva,87.01,3.67,305.78,10.21,3.1,9.1,1,2.0,0.0,25.64,92.63,969.1,9.07,5.6,0.81,NASA POWER Daily API,80.21
20240322,Sorriso - MT,-12.5425,-55.7211,transporte,chuva,89.82,6.9,465.18,13.17,2.1,5.52,1,2.0,1.0,26.1,89.44,968.7,21.19,6.04,0.69,NASA POWER Daily API,81.89
20240323,Sorriso - MT,-12.5425,-55.7211,transporte,chuva,100.0,5.68,224.38,14.88,2.1,12.9,1,2.0,1.0,25.86,91.35,968.0,0.95,10.31,0.68,NASA POWER Daily API,100.0
20240324,Sorriso - MT,-12.5425,-55.7211,campo,chuva,100.0,0.0,371.94,19.47,1.1,7.45,1,2.0,0.0,25.37,94.84,967.9,22.78,3.79,0.65,NASA POWER Daily API,86.44
20240325,Sorriso - MT,-12.5425,-55.7211,campo,chuva,100.0,0.0,532.45,11.25,1.1,11.45,1,2.0,0.0,24.84,93.89,967.6,4.77,2.12,0.59,NASA POWER Daily API,79.76
20240326,Sorriso - MT,-12.5425,-55.7211,transporte,garoa,100.0,4.62,377.66,18.88,1.1,3.81,0,4.0,1.0,25.08,91.55,967.5,6.41,2.94,0.75,NASA POWER Daily API,65.88
20240327,Sorriso - MT,-12.5425,-55.7211,campo,chuva,100.0,3.43,291.69,19.3,1.1,18.22,1,2.0,0.0,24.82,94.09,968.0,1.7,4.73,0.82,NASA POWER Daily API,100.0
20240328,Sorriso - MT,-12.5425,-55.7211,transporte,chuva,100.0,5.57,342.51,20.37,2.1,7.38,1,2.0,1.0,24.41,93.31,970.6,9.4,3.41,0.85,NASA POWER Daily API,95.17
20240329,Sorriso - MT,-12.5425,-55.7211,transporte,garoa,100.0,3.4,432.9,21.68,2.1,0.21,0,4.0,1.0,25.17,90.13,970.9,21.08,10.85,0.74,NASA POWER Daily API,66.51
20240330,Sorriso - MT,-12.5425,-55.7211,campo,garoa,100.0,0.0,423.14,14.3,1.1,0.19,0,4.0,0.0,25.65,88.63,970.4,3.84,8.42,0.66,NASA POWER Daily API,51.22
20240331,Sorriso - MT,-12.5425,-55.7211,campo,garoa,100.0,3.32,378.24,6.82,1.1,0.09,0,4.0,0.0,25.63,89.53,970.0,3.73,3.4,0.47,NASA POWER Daily API,45.46
20240401,Sorriso - MT,-12.5425,-55.7211,proximidade_agua,chuva,95.34,6.33,348.62,0.0,1.1,6.32,1,2.0,2.0,25.97,90.88,969.7,9.92,6.15,0.72,NASA POWER Daily API,69.41
20240402,Sorriso - MT,-12.5425,-55.7211,transporte,garoa,100.0,4.14,392.47,20.21,1.1,3.87,0,4.0,1.0,25.14,94.45,969.8,1.64,5.57,0.8,NASA POWER Daily API,73.73
20240403,Sorriso - MT,-12.5425,-55.7211,transporte,chuva,86.62,0.08,433.29,16.74,1.1,7.23,1,2.0,1.0,25.15,89.6,968.6,19.43,2.94,0.69,NASA POWER Daily API,77.74
20240404,Sorriso - MT,-12.5425,-55.7211,campo,chuva,96.61,2.77,379.05,21.73,1.1,9.82,1,2.0,0.0,25.49,91.81,969.3,9.27,24.26,0.61,NASA POWER Daily API,93.49
20240405,Sorriso - MT,-12.5425,-55.7211,transporte,garoa,92.11,0.5,197.65,17.28,1.1,3.52,0,4.0,1.0,26.12,89.87,969.2,10.1,2.27,0.74,NASA POWER Daily API,56.54
20240406,Sorriso - MT,-12.5425,-55.7211,proximidade_agua,garoa,84.25,5.45,419.47,6.14,1.1,0.63,0,4.0,2.0,24.9,92.88,968.6,32.02,8.01,0.62,NASA POWER Daily API,47.37
20240407,Sorriso - MT,-12.5425,-55.7211,campo,garoa,100.0,3.99,464.82,12.12,1.1,2.16,0,4.0,0.0,25.2,91.36,969.3,2.85,4.67,0.87,NASA POWER Daily API,61.16
20240408,Sorriso - MT,-12.5425,-55.7211,proximidade_agua,garoa,92.33,3.58,443.12,6.79,3.1,2.03,0,4.0,2.0,25.39,90.72,969.2,2.21,14.96,0.65,NASA POWER Daily API,59.8
20240409,Sorriso - MT,-12.5425,-55.7211,proximidade_agua,chuva,93.04,9.01,229.31,6.68,2.1,5.84,1,2.0,2.0,25.6,94.2,968.5,75.53,7.63,0.58,NASA POWER Daily API,82.31
20240410,Sorriso - MT,-12.5425,-55.7211,campo,chuva,100.0,3.51,298.5,10.28,1.1,10.02,1,2.0,0.0,25.46,93.84,967.9,6.94,4.94,0.82,NASA POWER Daily API,80.86
20240411,Sorriso - MT,-12.5425,-55.7211,manutencao,chuva,100.0,11.06,156.44,0.81,3.1,14.26,1,2.0,3.0,25.7,92.5,968.7,1.83,4.33,0.69,NASA POWER Daily API,90.99
20240412,Sorriso - MT,-12.5425,-55.7211,campo,chuva,99.49,9.9,310.11,12.11,1.1,5.55,1,2.0,0.0,25.68,91.5,969.3,5.82,3.12,0.59,NASA POWER Daily API,84.95
20240413,Sorriso - MT,-12.5425,-55.7211,campo,chuva,100.0,8.04,420.53,5.51,1.1,8.4,1,2.0,0.0,25.78,92.2,968.5,11.61,3.51,0.69,NASA POWER Daily API,77.76
20240414,Sorriso - MT,-12.5425,-55.7211,campo,chuva,100.0,3.65,380.82,7.44,2.1,5.68,1,2.0,0.0,25.05,95.77,967.8,12.79,6.06,0.65,NASA POWER Daily API,75.91
20240415,Sorriso - MT,-12.5425,-55.7211,campo,chuva,100.0,7.24,330.82,5.95,1.1,5.92,1,2.0,0.0,25.71,92.89,967.7,8.32,2.06,0.74,NASA POWER Daily API,75.26
20240416,Sorriso - MT,-12.5425,-55.7211,transporte,tempestade,100.0,9.35,486.32,12.42,2.1,50.37,1,3.0,1.0,25.06,97.66,969.3,5.02,13.08,0.71,NASA POWER Daily API,100.0
20240417,Sorriso - MT,-12.5425,-55.7211,transporte,chuva,100.0,1.73,371.87,23.61,1.1,9.82,1,2.0,1.0,25.74,92.14,969.4,2.05,11.22,0.73,NASA POWER Daily API,100.0
20240418,Sorriso - MT,-12.5425,-55.7211,transporte,garoa,100.0,8.96,223.97,23.16,1.1,0.26,0,4.0,1.0,25.95,89.78,968.8,13.15,1.33,0.78,NASA POWER Daily API,72.02
20240419,Sorriso - MT,-12.5425,-55.7211,campo,garoa,100.0,3.3,446.7,17.33,1.1,1.4,0,4.0,0.0,26.26,91.78,968.9,16.16,2.87,0.73,NASA POWER Daily API,60.31
20240420,Sorriso - MT,-12.5425,-55.7211,campo,garoa,100.0,0.83,406.89,9.29,1.1,3.65,0,4.0,0.0,25.64,95.59,969.8,14.46,3.13,0.72,NASA POWER Daily API,50.65
20240421,Sorriso - MT,-12.5425,-55.7211,campo,chuva,100.0,3.85,216.4,15.1,1.1,6.29,1,2.0,0.0,25.55,91.92,969.5,1.95,1.25,0.75,NASA POWER Daily API,89.28
20240422,Sorriso - MT,-12.5425,-55.7211,manutencao,garoa,100.0,0.0,394.35,11.41,2.1,1.82,0,4.0,3.0,25.61,91.49,968.8,52.05,10.39,0.73,NASA POWER Daily API,51.93
20240423,Sorriso - MT,-12.5425,-55.7211,campo,garoa,77.63,2.08,335.25,13.88,1.1,0.87,0,4.0,0.0,26.01,90.15,969.2,3.56,2.26,0.8,NASA POWER Daily API,47.15
20240424,Sorriso - MT,-12.5425,-55.7211,proximidade_agua,garoa,67.65,1.41,409.74,2.96,1.1,2.84,0,4.0,2.0,25.75,90.43,970.0,15.51,8.26,0.68,NASA POWER Daily API,35.73
20240425,Sorriso - MT,-12.5425,-55.7211,campo,garoa,68.74,1.01,323.23,12.47,1.1,1.49,0,4.0,0.0,25.67,89.77,969.4,9.99,5.76,0.76,NASA POWER Daily API,42.1
20240426,Sorriso - MT,-12.5425,-55.7211,transporte,garoa,69.79,5.26,398.56,15.6,1.1,1.36,0,4.0,1.0,25.55,90.87,968.5,2.11,3.91,0.71,NASA POWER Daily API,56.91
20240427,Sorriso - MT,-12.5425,-55.7211,campo,garoa,57.25,2.57,358.83,3.63,2.1,1.25,0,4.0,0.0,26.11,89.77,968.2,1.4,15.22,0.62,NASA POWER Daily API,43.18
20240428,Sorriso - MT,-12.5425,-55.7211,campo,garoa,58.24,4.24,391.38,16.23,1.1,1.43,0,4.0,0.0,25.69,93.11,968.2,25.65,9.83,0.59,NASA POWER Daily API,47.72
20240429,Sorriso - MT,-12.5425,-55.7211,campo,garoa,58.34,0.0,234.26,14.1,2.1,1.96,0,4.0,0.0,25.06,94.55,968.9,6.88,14.29,0.74,NASA POWER Daily API,43.6
20240430,Sorriso - MT,-12.5425,-55.7211,campo,garoa,53.3,10.48,246.83,5.34,1.1,0.33,0,4.0,0.0,25.75,91.51,968.7,3.59,4.05,0.66,NASA POWER Daily API,37.78
20240501,Sorriso - MT,-12.5425,-55.7211,campo,garoa,49.67,3.47,345.0,1.59,1.1,0.06,0,4.0,0.0,25.7,89.44,968.4,5.12,3.12,0.72,NASA POWER Daily API,23.93
20240502,Sorriso - MT,-12.5425,-55.7211,campo,nublado,53.91,3.26,227.62,8.43,1.1,0.0,0,1.0,0.0,25.21,88.05,967.3,31.69,6.87,0.75,NASA POWER Daily API,33.17
20240503,Sorriso - MT,-12.5425,-55.7211,proximidade_agua,nublado,46.61,4.73,342.17,5.43,2.1,0.0,0,1.0,2.0,24.93,88.75,967.9,2.49,10.5,0.83,NASA POWER Daily API,41.08
20240504,Sorriso - MT,-12.5425,-55.7211,campo,garoa,43.85,4.63,373.12,22.46,2.1,0.67,0,4.0,0.0,25.56,89.85,968.9,7.66,3.9,0.72,NASA POWER Daily API,52.31
20240505,Sorriso - MT,-12.5425,-55.7211,campo,garoa,47.09,0.85,378.58,15.69,1.1,0.68,0,4.0,0.0,25.28,89.17,969.5,3.08,6.05,0.78,NASA POWER Daily API,38.56
20240506,Sorriso - MT,-12.5425,-55.7211,manutencao,garoa,35.55,2.63,381.78,10.24,2.1,1.51,0,4.0,3.0,24.56,90.27,968.4,5.19,2.41,0.84,NASA POWER Daily API,33.34
20240507,Sorriso - MT,-12.5425,-55.7211,manutencao,garoa,48.04,5.91,362.49,10.34,1.1,0.98,0,4.0,3.0,25.28,89.35,967.9,7.94,10.51,0.76,NASA POWER Daily API,37.8
20240508,Sorriso - MT,-12.5425,-55.7211,campo,garoa,47.25,1.96,407.38,7.25,1.1,1.55,0,4.0,0.0,25.31,89.97,969.1,1.26,6.87,0.78,NASA POWER Daily API,42.23
20240509,Sorriso - MT,-12.5425,-55.7211,campo,garoa,50.64,6.1,411.35,15.11,1.1,0.32,0,4.0,0.0,24.5,87.94,970.3,14.08,3.45,0.88,NASA POWER Daily API,43.8
20240510,Sorriso - MT,-12.5425,-55.7211,transporte,garoa,50.51,2.43,206.86,13.25,1.1,1.62,0,4.0,1.0,24.16,88.7,969.3,17.47,4.98,1.02,NASA POWER Daily API,38.98
20240511,Sorriso - MT,-12.5425,-55.7211,campo,garoa,47.18,0.56,377.82,17.63,1.1,1.47,0,4.0,0.0,24.18,87.16,969.7,13.77,8.92,0.83,NASA POWER Daily API,41.02
20240512,Sorriso - MT,-12.5425,-55.7211,transporte,garoa,58.42,7.61,267.56,20.35,1.1,0.81,0,4.0,1.0,24.45,86.98,969.1,31.37,5.6,0.86,NASA POWER Daily API,54.52
20240513,Sorriso - MT,-12.5425,-55.7211,proximidade_agua,garoa,47.43,0.0,564.18,8.5,1.1,0.76,0,4.0,2.0,24.35,84.8,970.6,21.94,15.18,0.83,NASA POWER Daily API,31.96
20240514,Sorriso - MT,-12.5425,-55.7211,campo,garoa,47.62,4.26,245.57,8.77,2.1,1.0,0,4.0,0.0,22.71,84.5,970.9,3.33,3.86,1.21,NASA POWER Daily API,35.19
20240515,Sorriso - MT,-12.5425,-55.7211,proximidade_agua,garoa,37.24,4.31,549.29,16.99,2.1,1.22,0,4.0,2.0,22.16,82.87,970.6,25.57,4.62,0.97,NASA POWER Daily API,46.61
20240516,Sorriso - MT,-12.5425,-55.7211,campo,garoa,59.21,0.0,389.02,13.45,2.1,1.47,0,4.0,0.0,24.5,85.55,969.7,9.21,5.89,0.81,NASA POWER Daily API,40.61
20240517,Sorriso - MT,-12.5425,-55.7211,campo,garoa,57.48,2.93,268.61,9.52,2.1,2.96,0,4.0,0.0,25.19,88.72,970.9,18.15,6.27,0.87,NASA POWER Daily API,40.37
20240518,Sorriso - MT,-12.5425,-55.7211,transporte,garoa,45.02,0.84,436.56,19.56,3.1,0.23,0,4.0,1.0,24.2,83.09,971.7,14.35,7.13,0.95,NASA POWER Daily API,45.72
20240519,Sorriso - MT,-12.5425,-55.7211,campo,sol,52.02,2.19,484.5,6.0,2.1,0.0,0,0.0,0.0,23.13,79.17,972.3,1.13,7.11,1.24,NASA POWER Daily API,41.92
20240520,Sorriso - MT,-12.5425,-55.7211,transporte,sol,42.07,7.03,294.95,14.93,1.1,0.0,0,0.0,1.0,22.4,78.26,971.5,5.83,3.96,0.99,NASA POWER Daily API,41.03
20240521,Sorriso - MT,-12.5425,-55.7211,proximidade_agua,garoa,42.65,2.03,413.65,2.25,1.1,1.75,0,4.0,2.0,23.95,83.33,970.6,6.01,8.01,0.97,NASA POWER Daily API,25.77
20240522,Sorriso - MT,-12.5425,-55.7211,transporte,garoa,45.14,1.97,336.35,22.12,3.1,0.7,0,4.0,1.0,25.03,81.46,971.0,3.68,6.02,1.03,NASA POWER Daily API,50.59
20240523,Sorriso - MT,-12.5425,-55.7211,transporte,garoa,48.24,8.08,332.76,17.17,2.1,1.88,0,4.0,1.0,24.8,84.72,970.7,3.91,3.76,0.82,NASA POWER Daily API,50.72
20240524,Sorriso - MT,-12.5425,-55.7211,campo,garoa,48.51,2.4,423.44,4.7,1.1,1.32,0,4.0,0.0,25.28,82.34,971.0,25.29,16.95,0.94,NASA POWER Daily API,26.72
20240525,Sorriso - MT,-12.5425,-55.7211,proximidade_agua,garoa,50.48,7.63,286.81,6.03,1.1,1.59,0,4.0,2.0,23.71,84.68,972.2,27.12,3.09,1.03,NASA POWER Daily API,38.57
20240526,Sorriso - MT,-12.5425,-55.7211,campo,garoa,47.88,5.8,280.24,14.94,2.1,0.6,0,4.0,0.0,22.64,80.89,972.9,10.34,4.71,1.19,NASA POWER Daily API,44.21
20240527,Sorriso - MT,-12.5425,-55.7211,campo,garoa,48.46,6.51,506.45,15.68,2.1,0.64,0,4.0,0.0,22.13,82.45,973.4,5.57,7.32,1.04,NASA POWER Daily API,46.1
20240528,Sorriso - MT,-12.5425,-55.7211,transporte,garoa,58.49,4.89,312.17,13.71,1.1,1.58,0,4.0,1.0,21.16,78.75,974.8,7.35,2.16,1.19,NASA POWER Daily API,43.69
20240529,Sorriso - MT,-12.5425,-55.7211,campo,sol,37.36,2.14,340.53,7.93,1.1,0.0,0,0.0,0.0,21.26,72.72,974.4,3.64,3.34,1.2,NASA POWER Daily API,25.73
20240530,Sorriso - MT,-12.5425,-55.7211,campo,sol,37.75,0.64,389.86,12.9,1.1,0.0,0,0.0,0.0,22.18,74.49,973.4,44.36,7.19,1.23,NASA POWER Daily API,30.49
20240531,Sorriso - MT,-12.5425,-55.7211,transporte,sol,42.62,4.99,344.27,18.87,1.1,0.0,0,0.0,1.0,22.52,76.39,972.7,16.39,4.87,1.2,NASA POWER Daily API,43.98
20240601,Sorriso - MT,-12.5425,-55.7211,campo,sol,39.63,1.5,445.97,0.48,3.1,0.0,0,0.0,0.0,23.35,73.05,972.2,11.09,9.19,0.98,NASA POWER Daily API,20.73
20240602,Sorriso - MT,-12.5425,-55.7211,proximidade_agua,sol,23.39,2.45,321.37,0.0,1.1,0.0,0,0.0,2.0,24.24,73.04,972.6,2.66,7.08,1.13,NASA POWER Daily API,21.95
20240603,Sorriso - MT,-12.5425,-55.7211,proximidade_agua,garoa,42.82,2.68,376.58,7.04,3.1,0.02,0,4.0,2.0,23.85,72.66,974.4,13.09,4.22,1.03,NASA POWER Daily API,35.14
20240604,Sorriso - MT,-12.5425,-55.7211,campo,garoa,33.89,4.84,411.69,10.72,1.1,0.39,0,4.0,0.0,23.15,70.63,972.8,12.27,4.93,1.09,NASA POWER Daily API,31.38
20240605,Sorriso - MT,-12.5425,-55.7211,campo,garoa,41.1,3.35,375.47,9.02,1.1,2.46,0,4.0,0.0,22.86,81.37,972.7,6.73,2.99,0.87,NASA POWER Daily API,31.82
20240606,Sorriso - MT,-12.5425,-55.7211,proximidade_agua,sol,45.8,6.84,366.18,14.98,2.1,0.0,0,0.0,2.0,23.92,75.37,972.5,4.77,14.91,1.03,NASA POWER Daily API,48.16
20240607,Sorriso - MT,-12.5425,-55.7211,campo,garoa,29.4,8.19,315.87,9.3,1.1,1.23,0,4.0,0.0,23.08,72.97,973.4,2.84,6.53,1.25,NASA POWER Daily API,38.58
20240608,Sorriso - MT,-12.5425,-55.7211,transporte,garoa,40.99,7.77,372.85,17.22,1.1,1.33,0,4.0,1.0,23.72,72.43,973.2,1.94,3.12,1.15,NASA POWER Daily API,51.61
20240609,Sorriso - MT,-12.5425,-55.7211,campo,garoa,48.85,4.8,385.49,11.7,1.1,1.47,0,4.0,0.0,24.17,78.16,972.2,30.38,3.37,0.95,NASA POWER Daily API,38.08
20240610,Sorriso - MT,-12.5425,-55.7211,campo,garoa,44.69,5.3,288.53,16.63,1.1,0.86,0,4.0,0.0,24.48,77.23,971.8,18.95,5.4,1.05,NASA POWER Daily API,42.94
20240611,Sorriso - MT,-12.5425,-55.7211,proximidade_agua,garoa,59.15,0.33,414.9,9.36,1.1,1.13,0,4.0,2.0,23.2,73.38,972.8,8.81,3.74,1.07,NASA POWER Daily API,37.23
20240612,Sorriso - MT,-12.5425,-55.7211,proximidade_agua,garoa,43.19,12.07,431.02,10.18,2.1,1.21,0,4.0,2.0,23.5,69.64,971.6,10.5,13.62,1.14,NASA POWER Daily API,48.02
20240613,Sorriso - MT,-12.5425,-55.7211,transporte,garoa,46.42,0.0,387.5,22.62,1.1,1.61,0,4.0,1.0,24.05,76.44,970.7,28.89,3.34,1.05,NASA POWER Daily API,46.1
20240614,Sorriso - MT,-12.5425,-55.7211,campo,sol,42.35,8.6,267.05,13.31,1.1,0.0,0,0.0,0.0,24.85,71.33,971.0,20.76,6.77,0.98,NASA POWER Daily API,40.74
20240615,Sorriso - MT,-12.5425,-55.7211,proximidade_agua,garoa,44.63,1.72,483.46,7.5,2.1,0.03,0,4.0,2.0,24.69,73.83,972.2,4.06,5.91,1.01,NASA POWER Daily API,33.11
20240616,Sorriso - MT,-12.5425,-55.7211,transporte,garoa,55.49,10.89,330.63,21.15,2.1,1.57,0,4.0,1.0,23.46,74.91,971.6,5.31,5.29,1.04,NASA POWER Daily API,60.53
20240617,Sorriso - MT,-12.5425,-55.7211,campo,garoa,36.12,4.34,336.41,13.21,3.1,1.59,0,4.0,0.0,23.93,74.16,970.0,12.26,10.67,1.0,NASA POWER Daily API,40.08
20240618,Sorriso - MT,-12.5425,-55.7211,campo,garoa,40.63,5.47,171.65,21.31,2.1,1.28,0,4.0,0.0,23.89,69.28,969.5,3.24,2.68,1.08,NASA POWER Daily API,50.3
20240619,Sorriso - MT,-12.5425,-55.7211,campo,garoa,45.71,4.58,355.8,9.04,3.1,1.1,0,4.0,0.0,23.78,75.52,970.4,2.0,4.02,0.94,NASA POWER Daily API,43.53
20240620,Sorriso - MT,-12.5425,-55.7211,campo,garoa,55.83,6.63,461.82,14.69,1.1,2.08,0,4.0,0.0,23.12,76.32,970.7,79.88,2.39,0.97,NASA POWER Daily API,46.41
20240621,Sorriso - MT,-12.5425,-55.7211,campo,garoa,40.35,6.36,256.8,15.41,2.1,0.24,0,4.0,0.0,24.32,70.4,969.8,12.58,7.75,1.19,NASA POWER Daily API,42.79
20240622,Sorriso - MT,-12.5425,-55.7211,campo,garoa,57.27,3.34,385.06,8.42,2.1,2.22,0,4.0,0.0,24.8,75.82,970.1,3.42,7.05,0.87,NASA POWER Daily API,37.84
20240623,Sorriso - MT,-12.5425,-55.7211,campo,garoa,48.44,0.0,415.75,11.72,3.1,0.12,0,4.0,0.0,25.47,69.23,970.2,14.8,4.62,0.91,NASA POWER Daily API,35.96
20240624,Sorriso - MT,-12.5425,-55.7211,manutencao,sol,34.5,5.91,231.39,7.47,2.1,0.0,0,0.0,3.0,25.17,68.89,971.4,14.96,2.76,0.84,NASA POWER Daily API,30.41
20240625,Sorriso - MT,-12.5425,-55.7211,campo,sol,40.71,2.6,439.76,12.64,2.1,0.0,0,0.0,0.0,24.54,66.19,972.2,10.69,3.2,1.23,NASA POWER Daily API,35.26
20240626,Sorriso - MT,-12.5425,-55.7211,manutencao,sol,36.65,0.74,321.53,14.62,1.1,0.0,0,0.0,3.0,24.62,63.64,972.2,2.12,4.05,1.16,NASA POWER Daily API,38.41
20240627,Sorriso - MT,-12.5425,-55.7211,proximidade_agua,garoa,34.57,4.41,435.79,2.27,1.1,1.57,0,4.0,2.0,23.86,64.25,970.5,5.97,10.15,1.09,NASA POWER Daily API,25.7
20240628,Sorriso - MT,-12.5425,-55.7211,campo,garoa,40.31,3.37,444.51,11.63,1.1,1.11,0,4.0,0.0,24.46,65.19,970.2,19.33,13.31,0.91,NASA POWER Daily API,33.59
20240629,Sorriso - MT,-12.5425,-55.7211,proximidade_agua,garoa,37.0,7.96,465.11,5.85,1.1,1.27,0,4.0,2.0,23.98,73.34,972.3,25.87,2.12,0.87,NASA POWER Daily API,34.34
20240630,Sorriso - MT,-12.5425,-55.7211,campo,sol,34.52,3.83,249.9,13.0,2.1,0.0,0,0.0,0.0,23.39,69.61,972.0,51.0,6.27,1.19,NASA POWER Daily API,35.14
20240701,Sorriso - MT,-12.5425,-55.7211,campo,garoa,30.14,0.0,379.11,20.3,2.1,0.39,0,4.0,0.0,22.5,72.19,972.3,2.29,3.34,0.98,NASA POWER Daily API,45.3
20240702,Sorriso - MT,-12.5425,-55.7211,transporte,garoa,38.65,0.0,227.13,10.26,2.1,2.12,0,4.0,1.0,23.04,69.25,971.4,12.97,3.0,0.99,NASA POWER Daily API,30.95
20240703,Sorriso - MT,-12.5425,-55.7211,transporte,garoa,44.01,3.52,326.67,16.03,1.1,0.43,0,4.0,1.0,24.04,69.96,970.1,34.34,9.26,1.01,NASA POWER Daily API,39.71
20240704,Sorriso - MT,-12.5425,-55.7211,campo,garoa,47.6,0.0,402.06,8.0,1.1,2.15,0,4.0,0.0,24.33,74.49,970.1,80.0,3.62,1.08,NASA POWER Daily API,28.69
20240705,Sorriso - MT,-12.5425,-55.7211,manutencao,sol,41.12,1.1,272.39,18.64,2.1,0.0,0,0.0,3.0,24.56,68.6,971.8,6.09,6.28,1.18,NASA POWER Daily API,41.31
20240706,Sorriso - MT,-12.5425,-55.7211,campo,garoa,40.81,9.18,244.12,14.77,1.1,1.1,0,4.0,0.0,23.85,67.72,972.5,4.6,8.93,1.25,NASA POWER Daily API,43.75
20240707,Sorriso - MT,-12.5425,-55.7211,transporte,garoa,28.63,4.22,328.25,12.77,1.1,1.18,0,4.0,1.0,24.31,66.47,972.2,46.25,6.39,1.17,NASA POWER Daily API,32.47
20240708,Sorriso - MT,-12.5425,-55.7211,proximidade_agua,garoa,52.45,6.77,490.39,2.55,2.1,1.19,0,4.0,2.0,24.11,65.91,971.5,10.95,9.85,0.98,NASA POWER Daily API,35.68
20240709,Sorriso - MT,-12.5425,-55.7211,manutencao,garoa,45.72,6.67,419.57,6.03,1.1,1.19,0,4.0,3.0,23.13,71.06,970.5,3.54,4.22,0.93,NASA POWER Daily API,31.75
20240710,Sorriso - MT,-12.5425,-55.7211,transporte,garoa,39.96,2.73,298.27,15.44,2.1,1.2,0,4.0,1.0,23.4,71.89,970.2,4.59,5.94,0.87,NASA POWER Daily API,39.81
20240711,Sorriso - MT,-12.5425,-55.7211,campo,sol,45.33,4.03,302.27,10.04,1.1,0.0,0,0.0,0.0,24.72,70.13,971.5,0.45,3.15,0.94,NASA POWER Daily API,44.75
20240712,Sorriso - MT,-12.5425,-55.7211,transporte,garoa,34.98,11.52,311.3,23.45,1.1,0.02,0,4.0,1.0,24.79,63.09,973.9,13.97,3.42,1.17,NASA POWER Daily API,54.29
20240713,Sorriso - MT,-12.5425,-55.7211,campo,garoa,37.86,8.76,386.41,17.55,3.1,0.01,0,4.0,0.0,21.9,63.57,974.9,7.76,10.52,1.0,NASA POWER Daily API,49.17
20240714,Sorriso - MT,-12.5425,-55.7211,campo,sol,40.83,3.29,368.42,10.42,2.1,0.0,0,0.0,0.0,21.83,65.97,974.9,1.6,3.89,1.28,NASA POWER Daily API,39.24
20240715,Sorriso - MT,-12.5425,-55.7211,transporte,sol,28.36,0.96,426.0,23.61,1.1,0.0,0,0.0,1.0,21.71,63.45,975.5,2.22,4.69,1.21,NASA POWER Daily API,47.39
20240716,Sorriso - MT,-12.5425,-55.7211,proximidade_agua,sol,26.83,5.57,424.33,10.13,1.1,0.0,0,0.0,2.0,21.91,61.09,975.4,9.46,4.36,1.04,NASA POWER Daily API,32.93
20240717,Sorriso - MT,-12.5425,-55.7211,proximidade_agua,garoa,33.63,1.82,372.21,6.51,1.1,1.36,0,4.0,2.0,22.31,61.08,975.7,11.22,2.43,1.21,NASA POWER Daily API,27.79
20240718,Sorriso - MT,-12.5425,-55.7211,transporte,garoa,22.55,1.2,303.14,24.26,1.1,1.21,0,4.0,1.0,23.15,59.64,973.7,2.66,6.05,1.39,NASA POWER Daily API,47.86
20240719,Sorriso - MT,-12.5425,-55.7211,transporte,garoa,36.61,0.26,357.92,29.96,1.1,1.26,0,4.0,1.0,22.86,60.73,974.3,8.82,1.99,1.32,NASA POWER Daily API,52.27
20240720,Sorriso - MT,-12.5425,-55.7211,campo,garoa,36.94,2.44,392.23,13.77,1.1,1.22,0,4.0,0.0,22.68,61.08,974.2,19.39,2.5,1.26,NASA POWER Daily API,34.38
20240721,Sorriso - MT,-12.5425,-55.7211,transporte,garoa,38.24,8.51,254.67,19.52,2.1,1.22,0,4.0,1.0,22.19,62.41,972.8,22.76,3.97,1.39,NASA POWER Daily API,50.48
20240722,Sorriso - MT,-12.5425,-55.7211,campo,garoa,45.76,9.21,382.66,12.57,1.1,1.17,0,4.0,0.0,21.59,63.02,973.9,1.85,4.25,1.34,NASA POWER Daily API,48.59
20240723,Sorriso - MT,-12.5425,-55.7211,campo,sol,42.73,3.15,390.81,5.46,1.1,0.0,0,0.0,0.0,22.89,61.68,974.0,49.16,8.56,1.1,NASA POWER Daily API,25.32
20240724,Sorriso - MT,-12.5425,-55.7211,campo,garoa,39.39,2.33,190.9,14.01,1.1,0.39,0,4.0,0.0,24.13,64.38,974.1,5.42,4.94,1.01,NASA POWER Daily API,34.51
20240725,Sorriso - MT,-12.5425,-55.7211,proximidade_agua,garoa,49.33,9.34,427.79,3.7,1.1,1.17,0,4.0,2.0,24.05,65.22,973.5,13.3,2.95,1.11,NASA POWER Daily API,36.71
20240726,Sorriso - MT,-12.5425,-55.7211,campo,garoa,41.93,1.58,351.95,13.28,1.1,1.22,0,4.0,0.0,23.12,62.08,971.7,5.72,2.82,1.38,NASA POWER Daily API,34.36
20240727,Sorriso - MT,-12.5425,-55.7211,transporte,garoa,32.98,4.43,221.84,13.75,1.1,1.21,0,4.0,1.0,23.06,63.04,972.2,5.61,5.47,1.2,NASA POWER Daily API,35.25
20240728,Sorriso - MT,-12.5425,-55.7211,campo,garoa,29.01,2.96,276.2,14.26,3.1,1.16,0,4.0,0.0,23.55,64.22,973.1,38.03,2.44,1.15,NASA POWER Daily API,37.4
20240729,Sorriso - MT,-12.5425,-55.7211,campo,garoa,38.88,2.7,275.07,3.71,3.1,1.16,0,4.0,0.0,24.44,65.38,973.8,63.53,4.82,1.15,NASA POWER Daily API,26.9
20240730,Sorriso - MT,-12.5425,-55.7211,manutencao,garoa,43.94,0.36,293.32,5.02,1.1,1.22,0,4.0,3.0,24.78,65.29,972.9,5.28,2.41,1.09,NASA POWER Daily API,23.36
20240731,Sorriso - MT,-12.5425,-55.7211,manutencao,garoa,34.37,1.25,426.7,7.72,1.1,1.1,0,4.0,3.0,24.37,62.45,972.0,0.89,8.34,1.26,NASA POWER Daily API,36.68
20240801,Sorriso - MT,-12.5425,-55.7211,transporte,sol,40.26,3.99,292.23,11.45,1.1,0.0,0,0.0,1.0,25.51,56.38,971.3,15.85,7.96,1.21,NASA POWER Daily API,32.95
20240802,Sorriso - MT,-12.5425,-55.7211,campo,sol,33.47,7.83,299.32,15.32,2.1,0.0,0,0.0,0.0,26.09,55.43,970.8,8.1,2.47,1.18,NASA POWER Daily API,41.93
20240803,Sorriso - MT,-12.5425,-55.7211,campo,garoa,33.6,0.0,301.1,10.38,2.1,0.55,0,4.0,0.0,24.86,63.32,971.0,29.23,6.59,1.09,NASA POWER Daily API,28.09
20240804,Sorriso - MT,-12.5425,-55.7211,campo,garoa,34.2,2.39,381.48,12.21,2.1,0.53,0,4.0,0.0,24.32,64.1,972.1,11.45,2.85,1.46,NASA POWER Daily API,33.05
20240805,Sorriso - MT,-12.5425,-55.7211,campo,garoa,24.96,7.04,384.81,19.27,1.1,0.53,0,4.0,0.0,24.14,62.53,972.0,21.69,8.29,1.21,NASA POWER Daily API,41.84
20240806,Sorriso - MT,-12.5425,-55.7211,campo,garoa,30.62,0.03,225.61,8.55,1.1,0.55,0,4.0,0.0,24.38,64.11,970.5,33.65,2.17,1.0,NASA POWER Daily API,22.79
20240807,Sorriso - MT,-12.5425,-55.7211,campo,sol,30.96,4.64,377.85,16.26,2.1,0.0,0,0.0,0.0,25.84,60.55,969.4,5.59,10.14,0.94,NASA POWER Daily API,39.0
20240808,Sorriso - MT,-12.5425,-55.7211,campo,sol,20.48,0.0,388.38,16.82,1.1,0.0,0,0.0,0.0,26.17,55.01,969.4,14.89,10.67,1.01,NASA POWER Daily API,29.53
20240809,Sorriso - MT,-12.5425,-55.7211,campo,sol,34.42,6.32,231.01,11.96,1.1,0.0,0,0.0,0.0,24.84,56.55,972.1,6.72,4.85,1.15,NASA POWER Daily API,34.28
20240810,Sorriso - MT,-12.5425,-55.7211,campo,sol,22.93,6.06,366.9,8.14,2.1,0.0,0,0.0,0.0,21.81,57.66,973.6,11.72,4.78,1.0,NASA POWER Daily API,27.93
20240811,Sorriso - MT,-12.5425,-55.7211,transporte,garoa,14.32,4.88,325.23,15.79,2.1,0.01,0,4.0,1.0,24.11,52.38,972.2,11.55,4.13,0.86,NASA POWER Daily API,33.68
20240812,Sorriso - MT,-12.5425,-55.7211,transporte,sol,22.67,6.85,343.42,19.31,2.1,0.0,0,0.0,1.0,24.38,52.6,974.0,3.07,1.99,1.04,NASA POWER Daily API,42.65
20240813,Sorriso - MT,-12.5425,-55.7211,campo,sol,20.49,3.76,365.12,13.53,1.1,0.0,0,0.0,0.0,24.43,43.24,972.7,5.42,3.82,1.13,NASA POWER Daily API,29.37
20240814,Sorriso - MT,-12.5425,-55.7211,manutencao,sol,25.35,4.04,456.11,13.58,4.1,0.0,0,0.0,3.0,26.21,48.17,971.3,5.97,4.69,0.98,NASA POWER Daily API,37.64
20240815,Sorriso - MT,-12.5425,-55.7211,campo,sol,28.75,0.0,303.67,3.7,1.1,0.0,0,0.0,0.0,27.89,55.94,971.7,9.99,5.96,0.95,NASA POWER Daily API,15.62
20240816,Sorriso - MT,-12.5425,-55.7211,campo,sol,30.03,7.83,334.12,13.13,1.1,0.0,0,0.0,0.0,28.45,58.08,971.7,13.4,2.57,1.04,NASA POWER Daily API,36.01
20240817,Sorriso - MT,-12.5425,-55.7211,transporte,sol,26.76,0.0,272.93,20.9,1.1,0.0,0,0.0,1.0,28.35,50.1,970.7,12.4,4.06,1.27,NASA POWER Daily API,36.52
20240818,Sorriso - MT,-12.5425,-55.7211,campo,sol,18.64,11.25,391.23,5.93,1.1,0.0,0,0.0,0.0,28.03,44.29,970.4,20.98,6.1,1.27,NASA POWER Daily API,27.18
20240819,Sorriso - MT,-12.5425,-55.7211,manutencao,sol,12.67,0.0,336.45,14.2,2.1,0.0,0,0.0,3.0,27.92,44.32,970.3,25.92,5.01,1.17,NASA POWER Daily API,26.07
20240820,Sorriso - MT,-12.5425,-55.7211,campo,sol,26.37,3.24,321.83,12.63,1.1,0.0,0,0.0,0.0,27.3,44.67,971.0,9.64,7.36,1.17,NASA POWER Daily API,29.47
20240821,Sorriso - MT,-12.5425,-55.7211,transporte,garoa,19.08,3.36,170.25,26.48,2.1,0.01,0,4.0,1.0,28.34,41.27,969.7,26.85,8.48,1.16,NASA POWER Daily API,46.88
20240822,Sorriso - MT,-12.5425,-55.7211,campo,sol,23.96,0.0,333.12,17.83,3.1,0.0,0,0.0,0.0,28.99,47.84,968.5,8.14,7.07,0.95,NASA POWER Daily API,36.14
20240823,Sorriso - MT,-12.5425,-55.7211,campo,garoa,7.34,6.45,247.95,9.25,2.1,0.04,0,4.0,0.0,29.27,47.56,968.4,19.53,6.01,0.99,NASA POWER Daily API,25.09
20240824,Sorriso - MT,-12.5425,-55.7211,campo,sol,18.39,0.0,256.26,9.97,1.1,0.0,0,0.0,0.0,29.29,40.0,970.3,5.71,5.67,1.06,NASA POWER Daily API,20.34
20240825,Sorriso - MT,-12.5425,-55.7211,campo,sol,13.27,3.47,400.48,7.84,1.1,0.0,0,0.0,0.0,25.58,49.04,974.4,11.51,4.98,1.41,NASA POWER Daily API,19.79
20240826,Sorriso - MT,-12.5425,-55.7211,campo,sol,19.91,2.5,240.32,13.11,1.1,0.0,0,0.0,0.0,23.72,46.1,974.4,2.88,6.82,1.24,NASA POWER Daily API,33.35
20240827,Sorriso - MT,-12.5425,-55.7211,campo,sol,17.93,1.17,275.05,4.45,2.1,0.0,0,0.0,0.0,25.7,50.37,973.2,3.27,2.67,1.05,NASA POWER Daily API,16.68
20240828,Sorriso - MT,-12.5425,-55.7211,proximidade_agua,sol,15.19,8.1,233.86,1.08,2.1,0.0,0,0.0,2.0,27.1,44.29,971.8,5.98,6.74,1.14,NASA POWER Daily API,22.93
20240829,Sorriso - MT,-12.5425,-55.7211,transporte,sol,19.01,0.0,198.21,15.85,1.1,0.0,0,0.0,1.0,28.5,45.66,971.6,9.54,1.84,1.38,NASA POWER Daily API,27.88
20240830,Sorriso - MT,-12.5425,-55.7211,campo,sol,19.78,3.37,373.91,10.53,1.1,0.0,0,0.0,0.0,27.6,49.15,971.8,24.1,4.15,1.26,NASA POWER Daily API,25.0
20240831,Sorriso - MT,-12.5425,-55.7211,campo,sol,18.56,3.45,328.21,13.04,2.1,0.0,0,0.0,0.0,28.06,48.05,971.0,31.64,8.82,1.2,NASA POWER Daily API,30.01
20240901,Sorriso - MT,-12.5425,-55.7211,campo,sol,10.44,0.0,358.51,15.47,1.1,0.0,0,0.0,0.0,27.73,40.84,971.3,3.81,10.66,1.45,NASA POWER Daily API,24.83
20240902,Sorriso - MT,-12.5425,-55.7211,campo,sol,21.44,2.09,295.8,16.27,1.1,0.0,0,0.0,0.0,27.86,38.45,969.0,3.62,3.54,1.1,NASA POWER Daily API,31.33
20240903,Sorriso - MT,-12.5425,-55.7211,transporte,sol,15.63,6.3,211.68,21.83,1.1,0.0,0,0.0,1.0,28.75,43.3,968.2,6.05,4.57,0.96,NASA POWER Daily API,40.96
20240904,Sorriso - MT,-12.5425,-55.7211,campo,sol,17.7,2.08,291.43,17.94,2.1,0.0,0,0.0,0.0,28.85,45.55,969.1,4.01,3.96,1.09,NASA POWER Daily API,34.43
20240905,Sorriso - MT,-12.5425,-55.7211,proximidade_agua,sol,18.23,1.09,149.07,8.26,1.1,0.0,0,0.0,2.0,28.24,34.3,970.1,4.24,8.18,1.46,NASA POWER Daily API,23.3
20240906,Sorriso - MT,-12.5425,-55.7211,campo,sol,23.82,6.87,286.62,9.97,1.1,0.0,0,0.0,0.0,28.0,37.94,968.1,12.24,3.5,1.01,NASA POWER Daily API,29.19
20240907,Sorriso - MT,-12.5425,-55.7211,campo,sol,28.27,6.56,353.33,12.79,3.1,0.0,0,0.0,0.0,28.71,42.15,968.1,5.29,3.86,1.17,NASA POWER Daily API,38.02
20240908,Sorriso - MT,-12.5425,-55.7211,campo,sol,19.99,0.0,225.32,8.93,1.1,0.0,0,0.0,0.0,28.37,38.42,969.5,16.29,12.15,1.16,NASA POWER Daily API,19.52
20240909,Sorriso - MT,-12.5425,-55.7211,campo,sol,18.54,5.77,386.04,11.89,1.1,0.0,0,0.0,0.0,28.55,34.26,969.3,2.69,2.66,1.23,NASA POWER Daily API,34.85
20240910,Sorriso - MT,-12.5425,-55.7211,campo,sol,15.89,2.17,396.51,11.1,2.1,0.0,0,0.0,0.0,28.96,38.48,967.9,16.11,2.82,1.05,NASA POWER Daily API,25.44
20240911,Sorriso - MT,-12.5425,-55.7211,campo,sol,16.97,1.07,315.07,4.93,3.1,0.0,0,0.0,0.0,28.95,41.06,967.5,6.77,3.62,1.08,NASA POWER Daily API,19.04
20240912,Sorriso - MT,-12.5425,-55.7211,transporte,sol,12.39,1.11,184.51,24.89,1.1,0.0,0,0.0,1.0,29.16,41.78,968.2,1.51,3.16,1.05,NASA POWER Daily API,44.36
20240913,Sorriso - MT,-12.5425,-55.7211,transporte,sol,14.41,3.4,330.0,20.83,2.1,0.0,0,0.0,1.0,29.56,40.45,967.8,2.56,3.95,0.98,NASA POWER Daily API,44.45
20240914,Sorriso - MT,-12.5425,-55.7211,transporte,sol,15.24,1.67,420.2,18.73,1.1,0.0,0,0.0,1.0,29.58,41.09,968.3,7.23,1.54,1.03,NASA POWER Daily API,32.1
20240915,Sorriso - MT,-12.5425,-55.7211,campo,sol,14.78,4.39,320.04,8.11,1.1,0.0,0,0.0,0.0,29.52,38.98,969.0,5.42,7.6,1.12,NASA POWER Daily API,21.55
20240916,Sorriso - MT,-12.5425,-55.7211,transporte,garoa,15.83,3.34,363.48,20.91,1.1,0.01,0,4.0,1.0,28.89,44.23,970.3,7.19,9.42,1.18,NASA POWER Daily API,36.77
20240917,Sorriso - MT,-12.5425,-55.7211,campo,sol,15.68,0.0,352.86,14.91,1.1,0.0,0,0.0,0.0,29.58,44.89,968.5,8.84,6.91,1.18,NASA POWER Daily API,25.71
20240918,Sorriso - MT,-12.5425,-55.7211,campo,sol,9.23,5.97,340.79,14.66,3.1,0.0,0,0.0,0.0,30.73,37.66,966.8,6.09,5.79,1.1,NASA POWER Daily API,34.03
20240919,Sorriso - MT,-12.5425,-55.7211,campo,garoa,13.84,0.0,397.46,18.46,1.1,0.01,0,4.0,0.0,31.52,37.53,966.7,14.57,1.36,1.16,NASA POWER Daily API,29.6
20240920,Sorriso - MT,-12.5425,-55.7211,campo,sol,13.83,3.64,483.5,7.14,1.1,0.0,0,0.0,0.0,31.07,41.99,966.4,5.14,3.25,1.16,NASA POWER Daily API,19.26
20240921,Sorriso - MT,-12.5425,-55.7211,campo,sol,19.03,5.58,274.6,14.26,2.1,0.0,0,0.0,0.0,30.52,35.28,966.3,6.75,3.16,1.04,NASA POWER Daily API,33.91
20240922,Sorriso - MT,-12.5425,-55.7211,campo,sol,10.82,2.79,265.18,16.67,1.1,0.0,0,0.0,0.0,31.08,34.75,965.9,21.87,8.91,1.05,NASA POWER Daily API,29.38
20240923,Sorriso - MT,-12.5425,-55.7211,transporte,sol,12.82,1.98,386.39,18.12,1.1,0.0,0,0.0,1.0,31.14,32.43,966.3,7.72,2.07,1.22,NASA POWER Daily API,30.94
20240924,Sorriso - MT,-12.5425,-55.7211,campo,garoa,16.44,3.94,420.89,10.3,1.1,0.01,0,4.0,0.0,31.05,33.44,966.8,2.56,3.96,0.87,NASA POWER Daily API,30.32
20240925,Sorriso - MT,-12.5425,-55.7211,campo,garoa,15.02,1.63,254.48,4.79,1.1,0.12,0,4.0,0.0,31.74,35.21,966.1,15.2,3.92,1.06,NASA POWER Daily API,14.68
20240926,Sorriso - MT,-12.5425,-55.7211,manutencao,garoa,9.04,5.58,333.09,5.17,1.1,0.06,0,4.0,3.0,31.63,34.08,967.0,60.07,9.69,1.15,NASA POWER Daily API,17.46
20240927,Sorriso - MT,-12.5425,-55.7211,campo,sol,6.78,3.02,285.19,14.45,1.1,0.0,0,0.0,0.0,30.64,37.6,967.8,10.08,3.07,1.2,NASA POWER Daily API,25.63
20240928,Sorriso - MT,-12.5425,-55.7211,campo,sol,20.61,5.8,351.98,12.58,1.1,0.0,0,0.0,0.0,31.65,44.31,967.5,9.54,7.34,0.95,NASA POWER Daily API,30.36
20240929,Sorriso - MT,-12.5425,-55.7211,manutencao,chuva,45.97,3.34,332.58,3.29,2.1,10.02,0,2.0,3.0,30.76,50.37,966.7,3.75,7.75,1.18,NASA POWER Daily API,39.94
20240930,Sorriso - MT,-12.5425,-55.7211,proximidade_agua,garoa,48.92,5.54,411.65,5.73,2.1,1.04,0,4.0,2.0,29.59,62.84,967.4,1.69,12.63,0.65,NASA POWER Daily API,43.16
20241001,Sorriso - MT,-12.5425,-55.7211,transporte,garoa,47.67,6.08,390.04,17.46,2.1,0.7,0,4.0,1.0,30.78,58.15,966.7,2.93,2.76,0.7,NASA POWER Daily API,53.69
20241002,Sorriso - MT,-12.5425,-55.7211,campo,garoa,41.31,0.73,320.84,11.52,2.1,0.01,0,4.0,0.0,31.94,50.8,966.3,2.79,5.72,0.88,NASA POWER Daily API,38.08
20241003,Sorriso - MT,-12.5425,-55.7211,manutencao,sol,39.63,5.45,286.76,4.22,1.1,0.0,0,0.0,3.0,31.27,47.6,967.1,6.04,8.16,1.21,NASA POWER Daily API,25.25
20241004,Sorriso - MT,-12.5425,-55.7211,campo,garoa,40.97,2.01,430.74,21.15,1.1,0.01,0,4.0,0.0,31.73,42.27,967.4,11.87,2.97,1.13,NASA POWER Daily API,43.21
20241005,Sorriso - MT,-12.5425,-55.7211,transporte,garoa,41.13,1.92,389.82,20.26,2.1,0.02,0,4.0,1.0,32.01,44.96,967.2,12.1,4.59,0.85,NASA POWER Daily API,44.22
20241006,Sorriso - MT,-12.5425,-55.7211,campo,chuva,41.91,1.73,339.85,3.14,1.1,7.47,0,2.0,0.0,32.93,41.45,966.3,23.62,4.3,0.78,NASA POWER Daily API,32.93
20241007,Sorriso - MT,-12.5425,-55.7211,campo,garoa,35.7,2.27,359.73,8.41,1.1,0.47,0,4.0,0.0,30.03,54.59,966.4,3.13,6.85,1.07,NASA POWER Daily API,26.42
20241008,Sorriso - MT,-12.5425,-55.7211,transporte,garoa,31.72,3.62,321.24,24.14,2.1,0.08,0,4.0,1.0,31.32,53.41,966.7,3.78,7.75,1.15,NASA POWER Daily API,48.08
20241009,Sorriso - MT,-12.5425,-55.7211,manutencao,garoa,39.9,8.21,364.86,13.47,1.1,0.85,0,4.0,3.0,31.6,50.57,967.3,2.54,3.55,0.85,NASA POWER Daily API,46.6
20241010,Sorriso - MT,-12.5425,-55.7211,manutencao,chuva,55.1,0.0,188.71,2.36,1.1,5.83,0,2.0,3.0,31.31,53.66,966.8,9.57,2.73,1.05,NASA POWER Daily API,31.88
20241011,Sorriso - MT,-12.5425,-55.7211,campo,garoa,41.85,3.55,181.07,8.78,1.1,0.06,0,4.0,0.0,31.74,48.97,967.2,5.26,4.13,0.86,NASA POWER Daily API,29.68
20241012,Sorriso - MT,-12.5425,-55.7211,transporte,garoa,56.11,2.5,227.64,17.8,1.1,1.22,0,4.0,1.0,31.58,49.51,968.8,7.02,6.93,0.72,NASA POWER Daily API,45.23
20241013,Sorriso - MT,-12.5425,-55.7211,transporte,garoa,27.31,1.88,471.0,16.58,3.1,0.61,0,4.0,1.0,30.99,52.39,970.6,45.5,5.95,0.95,NASA POWER Daily API,38.14
20241014,Sorriso - MT,-12.5425,-55.7211,campo,garoa,31.89,10.5,219.79,14.18,3.1,0.43,0,4.0,0.0,31.52,52.86,970.6,7.65,4.03,1.17,NASA POWER Daily API,45.39
20241015,Sorriso - MT,-12.5425,-55.7211,proximidade_agua,garoa,23.64,5.72,315.93,1.07,1.1,0.68,0,4.0,2.0,32.08,46.99,968.7,12.84,4.44,0.49,NASA POWER Daily API,21.5
20241016,Sorriso - MT,-12.5425,-55.7211,campo,garoa,46.32,1.24,344.61,14.95,1.1,2.97,0,4.0,0.0,29.63,59.56,968.8,15.66,3.42,0.57,NASA POWER Daily API,39.07
20241017,Sorriso - MT,-12.5425,-55.7211,campo,chuva,80.72,1.23,300.53,13.06,1.1,16.66,1,2.0,0.0,28.75,65.46,968.5,1.32,12.21,0.92,NASA POWER Daily API,92.52
20241018,Sorriso - MT,-12.5425,-55.7211,proximidade_agua,chuva,100.0,2.73,373.19,2.82,2.1,19.17,1,2.0,2.0,27.84,72.83,967.7,1.41,17.86,0.74,NASA POWER Daily API,95.85
20241019,Sorriso - MT,-12.5425,-55.7211,transporte,garoa,93.91,3.4,269.64,17.59,2.1,0.2,0,4.0,1.0,27.48,70.45,966.1,3.62,6.45,0.73,NASA POWER Daily API,58.44
20241020,Sorriso - MT,-12.5425,-55.7211,transporte,chuva,100.0,5.76,325.51,16.74,5.1,12.49,1,2.0,1.0,26.05,81.8,965.3,2.66,8.06,0.57,NASA POWER Daily API,100.0
20241021,Sorriso - MT,-12.5425,-55.7211,transporte,garoa,100.0,9.69,203.09,18.28,1.1,2.73,0,4.0,1.0,27.29,77.98,967.1,9.56,3.48,1.0,NASA POWER Daily API,67.98
20241022,Sorriso - MT,-12.5425,-55.7211,campo,garoa,100.0,7.82,303.47,4.64,1.1,1.2,0,4.0,0.0,28.46,68.85,968.3,5.81,1.82,0.81,NASA POWER Daily API,47.52
20241023,Sorriso - MT,-12.5425,-55.7211,campo,garoa,100.0,8.48,400.13,10.33,1.1,0.9,0,4.0,0.0,29.26,67.51,967.1,1.06,3.63,0.94,NASA POWER Daily API,67.04
20241024,Sorriso - MT,-12.5425,-55.7211,manutencao,sol,81.8,1.77,336.74,9.52,1.1,0.0,0,0.0,3.0,30.91,59.24,965.9,16.74,5.9,0.76,NASA POWER Daily API,40.66
20241025,Sorriso - MT,-12.5425,-55.7211,proximidade_agua,garoa,62.05,6.15,487.98,4.94,1.1,0.3,0,4.0,2.0,30.41,61.73,966.7,6.47,4.38,0.68,NASA POWER Daily API,37.9
20241026,Sorriso - MT,-12.5425,-55.7211,proximidade_agua,tempestade,100.0,3.25,374.44,4.29,2.1,34.68,1,3.0,2.0,29.22,69.37,968.1,20.6,11.53,0.8,NASA POWER Daily API,100.0
20241027,Sorriso - MT,-12.5425,-55.7211,transporte,garoa,96.28,8.41,248.4,26.86,1.1,1.63,0,4.0,1.0,26.51,82.33,970.0,30.41,7.22,0.8,NASA POWER Daily API,75.2
20241028,Sorriso - MT,-12.5425,-55.7211,campo,chuva,100.0,4.48,282.57,9.87,1.1,5.92,1,2.0,0.0,27.78,74.93,969.5,6.29,2.53,0.82,NASA POWER Daily API,75.53
20241029,Sorriso - MT,-12.5425,-55.7211,campo,chuva,100.0,2.7,400.46,11.71,1.1,5.96,1,2.0,0.0,27.96,75.56,968.7,8.53,10.26,0.61,NASA POWER Daily API,76.0
20241030,Sorriso - MT,-12.5425,-55.7211,campo,garoa,100.0,2.23,266.98,16.77,1.1,3.71,0,4.0,0.0,27.42,75.39,967.2,1.1,7.34,0.63,NASA POWER Daily API,71.19
20241031,Sorriso - MT,-12.5425,-55.7211,campo,garoa,100.0,0.83,204.8,10.0,1.1,4.03,0,4.0,0.0,27.87,68.91,965.5,15.75,5.74,0.88,NASA POWER Daily API,49.56
20241101,Sorriso - MT,-12.5425,-55.7211,campo,chuva,100.0,2.69,260.54,3.97,2.1,7.29,1,2.0,0.0,24.74,87.38,966.9,12.54,3.32,1.09,NASA POWER Daily API,70.25
20241102,Sorriso - MT,-12.5425,-55.7211,campo,chuva,95.2,0.34,342.87,12.13,1.1,8.74,1,2.0,0.0,25.09,85.68,968.2,2.71,4.05,0.88,NASA POWER Daily API,81.4
20241103,Sorriso - MT,-12.5425,-55.7211,campo,garoa,82.22,3.95,360.86,10.84,1.1,0.31,0,4.0,0.0,27.45,72.03,966.9,2.06,3.45,0.64,NASA POWER Daily API,51.02
20241104,Sorriso - MT,-12.5425,-55.7211,campo,chuva,100.0,6.2,433.53,1.8,4.1,16.5,1,2.0,0.0,28.15,73.5,966.4,14.99,6.1,0.7,NASA POWER Daily API,83.75
20241105,Sorriso - MT,-12.5425,-55.7211,campo,chuva,100.0,0.0,110.4,15.9,3.1,15.53,1,2.0,0.0,24.61,91.04,967.8,11.0,7.56,0.68,NASA POWER Daily API,93.12
20241106,Sorriso - MT,-12.5425,-55.7211,transporte,chuva,100.0,0.7,312.91,21.44,1.1,10.5,1,2.0,1.0,24.62,92.84,967.2,8.35,8.27,0.59,NASA POWER Daily API,92.1
20241107,Sorriso - MT,-12.5425,-55.7211,proximidade_agua,chuva,100.0,6.9,106.49,14.07,1.1,9.96,1,2.0,2.0,24.32,96.58,967.1,26.26,2.6,0.66,NASA POWER Daily API,93.71
20241108,Sorriso - MT,-12.5425,-55.7211,proximidade_agua,chuva,100.0,0.54,313.58,8.88,3.1,12.41,1,2.0,2.0,24.92,92.31,967.2,2.71,7.31,0.59,NASA POWER Daily API,92.23
20241109,Sorriso - MT,-12.5425,-55.7211,proximidade_agua,garoa,100.0,8.04,128.6,12.27,1.1,3.19,0,4.0,2.0,25.81,87.06,967.5,14.44,6.56,0.45,NASA POWER Daily API,63.63
20241110,Sorriso - MT,-12.5425,-55.7211,transporte,garoa,100.0,3.22,400.69,28.37,2.1,3.88,0,4.0,1.0,25.36,88.84,967.3,4.98,3.8,0.59,NASA POWER Daily API,77.89
20241111,Sorriso - MT,-12.5425,-55.7211,transporte,garoa,100.0,6.29,222.59,20.7,1.1,2.72,0,4.0,1.0,25.91,81.51,967.2,9.98,6.47,0.92,NASA POWER Daily API,67.43
20241112,Sorriso - MT,-12.5425,-55.7211,campo,chuva,100.0,2.39,381.34,12.99,2.1,14.28,1,2.0,0.0,26.52,78.17,966.1,6.21,2.76,0.74,NASA POWER Daily API,87.33
20241113,Sorriso - MT,-12.5425,-55.7211,proximidade_agua,chuva,100.0,2.62,278.01,8.42,2.1,18.89,1,2.0,2.0,24.3,94.6,966.2,39.82,8.59,0.47,NASA POWER Daily API,92.35
20241114,Sorriso - MT,-12.5425,-55.7211,campo,garoa,100.0,4.27,299.27,8.85,2.1,0.95,0,4.0,0.0,26.31,81.47,965.6,11.47,2.27,0.57,NASA POWER Daily API,50.96
20241115,Sorriso - MT,-12.5425,-55.7211,proximidade_agua,chuva,100.0,5.56,337.8,6.77,4.1,19.44,1,2.0,2.0,24.51,92.65,965.8,9.2,3.11,0.91,NASA POWER Daily API,97.77
20241116,Sorriso - MT,-12.5425,-55.7211,proximidade_agua,garoa,100.0,5.24,326.18,3.12,2.1,2.17,0,4.0,2.0,24.2,91.28,967.6,9.6,6.76,0.97,NASA POWER Daily API,51.36
20241117,Sorriso - MT,-12.5425,-55.7211,campo,nublado,100.0,1.86,513.99,9.5,2.1,0.0,0,1.0,0.0,24.98,85.37,968.1,5.28,8.31,0.64,NASA POWER Daily API,48.42
20241118,Sorriso - MT,-12.5425,-55.7211,campo,garoa,100.0,3.48,434.31,8.52,1.1,0.57,0,4.0,0.0,26.23,79.33,967.7,8.06,6.46,0.82,NASA POWER Daily API,47.21
20241119,Sorriso - MT,-12.5425,-55.7211,campo,garoa,100.0,5.38,219.26,10.27,1.1,1.6,0,4.0,0.0,27.13,78.5,967.3,4.73,6.2,0.57,NASA POWER Daily API,52.37
20241120,Sorriso - MT,-12.5425,-55.7211,campo,garoa,73.81,2.74,249.53,13.7,1.1,4.45,0,4.0,0.0,26.93,81.85,968.1,0.94,3.24,0.61,NASA POWER Daily API,60.74
20241121,Sorriso - MT,-12.5425,-55.7211,campo,chuva,100.0,6.0,429.19,9.23,1.1,17.0,1,2.0,0.0,25.81,88.39,968.5,0.82,7.75,0.64,NASA POWER Daily API,99.6
20241122,Sorriso - MT,-12.5425,-55.7211,campo,chuva,100.0,2.88,247.12,14.32,1.1,12.04,1,2.0,0.0,25.11,91.62,968.8,11.64,5.85,0.61,NASA POWER Daily API,86.68
20241123,Sorriso - MT,-12.5425,-55.7211,campo,garoa,100.0,6.91,295.57,7.56,2.1,2.4,0,4.0,0.0,25.73,83.89,968.3,2.62,6.24,0.65,NASA POWER Daily API,59.5
20241124,Sorriso - MT,-12.5425,-55.7211,campo,garoa,95.45,6.1,373.77,11.38,2.1,0.83,0,4.0,0.0,25.92,84.56,968.4,4.98,4.04,0.59,NASA POWER Daily API,54.57
20241125,Sorriso - MT,-12.5425,-55.7211,transporte,chuva,100.0,0.0,416.05,23.42,6.1,10.32,1,2.0,1.0,25.36,91.37,968.5,6.06,1.81,0.76,NASA POWER Daily API,100.0
20241126,Sorriso - MT,-12.5425,-55.7211,transporte,garoa,100.0,3.64,179.5,17.28,3.1,3.62,0,4.0,1.0,26.27,84.98,968.2,11.13,9.16,0.8,NASA POWER Daily API,65.53
20241127,Sorriso - MT,-12.5425,-55.7211,proximidade_agua,garoa,100.0,4.09,358.28,10.53,2.1,3.3,0,4.0,2.0,26.14,83.41,967.4,0.81,6.23,0.78,NASA POWER Daily API,71.11
20241128,Sorriso - MT,-12.5425,-55.7211,transporte,garoa,88.49,0.0,334.82,15.59,1.1,1.73,0,4.0,1.0,26.41,83.22,967.3,10.55,3.2,0.73,NASA POWER Daily API,50.04
20241129,Sorriso - MT,-12.5425,-55.7211,campo,chuva,90.68,5.73,321.66,13.87,1.1,7.09,1,2.0,0.0,26.75,84.75,968.9,20.37,8.55,0.71,NASA POWER Daily API,80.16
20241130,Sorriso - MT,-12.5425,-55.7211,transporte,garoa,79.83,10.0,419.24,12.85,1.1,3.9,0,4.0,1.0,26.25,84.22,968.8,9.0,2.64,0.54,NASA POWER Daily API,56.58
20241201,Sorriso - MT,-12.5425,-55.7211,campo,garoa,91.89,3.21,435.76,19.79,1.1,3.86,0,4.0,0.0,26.15,85.8,967.4,2.52,6.13,0.68,NASA POWER Daily API,67.88
20241202,Sorriso - MT,-12.5425,-55.7211,campo,chuva,90.52,6.22,268.84,11.14,1.1,7.94,1,2.0,0.0,26.17,86.34,967.0,7.47,4.65,0.71,NASA POWER Daily API,78.31
20241203,Sorriso - MT,-12.5425,-55.7211,campo,chuva,100.0,2.26,170.02,10.3,1.1,6.58,1,2.0,0.0,26.27,86.71,967.8,8.95,4.54,0.63,NASA POWER Daily API,74.74
20241204,Sorriso - MT,-12.5425,-55.7211,campo,garoa,94.69,3.16,273.89,3.71,1.1,3.59,0,4.0,0.0,25.93,87.69,967.8,9.33,2.77,0.57,NASA POWER Daily API,42.73
20241205,Sorriso - MT,-12.5425,-55.7211,campo,garoa,92.78,1.5,272.57,13.55,1.1,2.27,0,4.0,0.0,25.71,87.47,967.0,4.21,3.08,0.69,NASA POWER Daily API,51.41
20241206,Sorriso - MT,-12.5425,-55.7211,campo,chuva,100.0,4.16,319.84,12.52,1.1,7.21,1,2.0,0.0,25.92,87.87,967.0,11.77,5.72,0.84,NASA POWER Daily API,80.36
20241207,Sorriso - MT,-12.5425,-55.7211,campo,garoa,84.97,4.09,298.44,4.91,1.1,0.91,0,4.0,0.0,26.87,82.7,967.5,10.27,4.23,0.98,NASA POWER Daily API,39.15
20241208,Sorriso - MT,-12.5425,-55.7211,campo,garoa,74.52,0.0,280.75,5.02,2.1,0.4,0,4.0,0.0,27.13,78.47,968.3,18.83,8.42,0.95,NASA POWER Daily API,33.53
20241209,Sorriso - MT,-12.5425,-55.7211,campo,garoa,60.27,5.21,423.29,2.93,1.1,0.08,0,4.0,0.0,27.43,75.28,967.7,0.92,3.66,0.72,NASA POWER Daily API,41.66
20241210,Sorriso - MT,-12.5425,-55.7211,manutencao,garoa,72.54,2.74,234.0,5.52,1.1,1.44,0,4.0,3.0,27.69,74.94,967.3,3.91,2.98,0.72,NASA POWER Daily API,35.27
20241211,Sorriso - MT,-12.5425,-55.7211,campo,garoa,51.05,2.96,265.06,8.97,2.1,0.11,0,4.0,0.0,28.1,70.75,966.3,3.77,7.06,0.76,NASA POWER Daily API,34.26
20241212,Sorriso - MT,-12.5425,-55.7211,campo,sol,36.32,6.78,375.42,5.78,2.1,0.0,0,0.0,0.0,28.28,69.9,966.3,14.06,4.04,0.9,NASA POWER Daily API,29.76
20241213,Sorriso - MT,-12.5425,-55.7211,campo,garoa,40.85,0.0,459.46,14.63,2.1,2.92,0,4.0,0.0,28.15,71.28,965.7,18.64,5.11,0.8,NASA POWER Daily API,37.83
20241214,Sorriso - MT,-12.5425,-55.7211,campo,chuva,79.8,3.1,290.48,6.41,1.1,9.48,1,2.0,0.0,26.6,80.56,966.9,24.19,4.08,0.64,NASA POWER Daily API,67.08
20241215,Sorriso - MT,-12.5425,-55.7211,transporte,garoa,62.44,0.04,260.88,26.77,2.1,0.67,0,4.0,1.0,25.97,80.08,967.4,2.74,4.58,0.65,NASA POWER Daily API,63.39
20241216,Sorriso - MT,-12.5425,-55.7211,campo,garoa,59.63,4.08,475.02,18.18,2.1,0.88,0,4.0,0.0,26.42,74.63,969.1,5.84,9.06,0.72,NASA POWER Daily API,50.25
20241217,Sorriso - MT,-12.5425,-55.7211,proximidade_agua,garoa,56.4,2.71,379.22,18.73,1.1,0.24,0,4.0,2.0,26.95,70.23,970.4,11.62,3.23,0.57,NASA POWER Daily API,49.77
20241218,Sorriso - MT,-12.5425,-55.7211,transporte,garoa,44.35,6.34,413.26,18.19,1.1,0.05,0,4.0,1.0,27.95,64.92,969.4,31.4,5.38,0.66,NASA POWER Daily API,45.11
20241219,Sorriso - MT,-12.5425,-55.7211,campo,garoa,47.24,2.63,248.37,9.85,1.1,0.01,0,4.0,0.0,28.35,66.88,968.9,1.53,6.8,0.56,NASA POWER Daily API,37.62
20241220,Sorriso - MT,-12.5425,-55.7211,campo,chuva,99.22,0.0,318.5,3.44,1.1,19.12,1,2.0,0.0,26.71,80.72,967.7,29.35,1.3,0.61,NASA POWER Daily API,75.09
20241221,Sorriso - MT,-12.5425,-55.7211,proximidade_agua,chuva,86.2,1.25,273.83,16.5,2.1,5.41,1,2.0,2.0,25.81,85.77,968.5,11.82,5.41,0.77,NASA POWER Daily API,82.12
20241222,Sorriso - MT,-12.5425,-55.7211,campo,garoa,93.23,0.0,337.0,11.41,1.1,3.33,0,4.0,0.0,26.07,84.6,969.7,18.77,5.7,0.6,NASA POWER Daily API,47.76
20241223,Sorriso - MT,-12.5425,-55.7211,campo,garoa,88.38,7.87,238.07,8.19,2.1,1.53,0,4.0,0.0,25.83,84.31,969.2,2.95,2.96,0.56,NASA POWER Daily API,56.98
20241224,Sorriso - MT,-12.5425,-55.7211,transporte,chuva,100.0,3.04,385.04,12.91,1.1,7.96,1,2.0,1.0,26.89,77.13,967.4,1.37,2.89,0.71,NASA POWER Daily API,91.76
20241225,Sorriso - MT,-12.5425,-55.7211,transporte,chuva,100.0,0.96,469.54,20.41,2.1,7.15,1,2.0,1.0,24.72,95.04,966.6,5.09,3.58,0.72,NASA POWER Daily API,90.54
20241226,Sorriso - MT,-12.5425,-55.7211,proximidade_agua,chuva,100.0,5.85,279.39,3.76,1.1,8.55,1,2.0,2.0,24.19,94.53,967.3,4.46,8.38,0.81,NASA POWER Daily API,77.93
20241227,Sorriso - MT,-12.5425,-55.7211,campo,chuva,100.0,2.7,314.27,18.05,2.1,6.87,1,2.0,0.0,24.91,89.22,968.7,2.74,3.59,0.69,NASA POWER Daily API,93.87
20241228,Sorriso - MT,-12.5425,-55.7211,campo,garoa,99.13,5.28,202.57,15.29,1.1,0.82,0,4.0,0.0,24.27,86.5,969.2,8.71,14.72,0.74,NASA POWER Daily API,57.87
20241229,Sorriso - MT,-12.5425,-55.7211,campo,garoa,94.25,0.24,429.98,14.53,1.1,1.87,0,4.0,0.0,25.69,83.77,967.4,11.88,3.97,0.67,NASA POWER Daily API,50.83
20241230,Sorriso - MT,-12.5425,-55.7211,campo,chuva,100.0,1.87,454.5,16.97,2.1,6.42,1,2.0,0.0,24.82,90.69,967.4,7.84,3.22,0.73,NASA POWER Daily API,85.54
20241231,Sorriso - MT,-12.5425,-55.7211,campo,garoa,96.8,6.35,454.5,8.64,1.1,1.02,0,4.0,0.0,24.76,90.1,967.9,3.57,5.65,0.74,NASA POWER Daily API,50.96
20250101,Sorriso - MT,-12.5425,-55.7211,campo,chuva,93.51,7.7,398.56,7.47,2.1,5.49,1,2.0,0.0,25.77,84.25,967.7,30.74,4.89,0.61,NASA POWER Daily API,75.71
20250102,Sorriso - MT,-12.5425,-55.7211,campo,chuva,98.64,5.07,354.55,5.93,1.1,6.8,1,2.0,0.0,25.12,86.56,968.8,14.19,6.53,0.77,NASA POWER Daily API,72.0
20250103,Sorriso - MT,-12.5425,-55.7211,campo,garoa,67.91,1.53,481.45,15.97,2.1,0.46,0,4.0,0.0,26.36,76.89,968.6,9.62,3.78,0.64,NASA POWER Daily API,46.89
20250104,Sorriso - MT,-12.5425,-55.7211,campo,chuva,87.83,0.26,353.83,9.6,1.1,9.96,1,2.0,0.0,26.25,81.93,968.3,12.99,2.63,0.55,NASA POWER Daily API,70.95
20250105,Sorriso - MT,-12.5425,-55.7211,transporte,garoa,89.84,2.23,453.18,20.01,1.1,2.16,0,4.0,1.0,25.8,85.03,968.0,2.81,3.42,0.78,NASA POWER Daily API,64.73
20250106,Sorriso - MT,-12.5425,-55.7211,transporte,garoa,74.82,3.99,226.43,18.79,2.1,2.02,0,4.0,1.0,26.24,83.1,968.0,9.33,3.16,0.54,NASA POWER Daily API,56.56
20250107,Sorriso - MT,-12.5425,-55.7211,transporte,chuva,96.0,5.98,287.9,18.57,1.1,6.98,1,2.0,1.0,24.81,89.97,968.1,10.04,7.71,0.45,NASA POWER Daily API,88.88
20250108,Sorriso - MT,-12.5425,-55.7211,transporte,chuva,100.0,4.64,269.87,11.08,1.1,9.08,1,2.0,1.0,24.51,93.84,967.6,6.67,4.61,0.76,NASA POWER Daily API,82.16
20250109,Sorriso - MT,-12.5425,-55.7211,transporte,chuva,100.0,2.98,244.57,15.42,1.1,5.88,1,2.0,1.0,24.17,94.06,966.9,8.41,3.66,0.75,NASA POWER Daily API,82.85
20250110,Sorriso - MT,-12.5425,-55.7211,campo,chuva,100.0,2.79,403.98,15.02,1.1,7.82,1,2.0,0.0,24.04,92.92,967.5,18.21,5.34,0.82,NASA POWER Daily API,83.74
20250111,Sorriso - MT,-12.5425,-55.7211,campo,chuva,95.69,0.39,262.08,9.86,2.1,5.92,1,2.0,0.0,23.42,93.4,967.4,9.69,3.4,0.92,NASA POWER Daily API,73.93
20250112,Sorriso - MT,-12.5425,-55.7211,campo,chuva,100.0,2.37,283.59,7.71,1.1,10.04,1,2.0,0.0,24.77,92.18,966.9,4.48,1.91,0.75,NASA POWER Daily API,76.11
20250113,Sorriso - MT,-12.5425,-55.7211,proximidade_agua,garoa,100.0,7.6,475.99,8.51,2.1,4.24,0,4.0,2.0,24.5,92.66,966.5,1.79,2.14,0.75,NASA POWER Daily API,68.85
20250114,Sorriso - MT,-12.5425,-55.7211,campo,chuva,100.0,9.77,332.94,3.31,5.1,21.47,1,2.0,0.0,24.04,92.88,966.5,8.37,7.09,1.1,NASA POWER Daily API,97.99
20250115,Sorriso - MT,-12.5425,-55.7211,campo,chuva,100.0,6.84,302.27,8.82,2.1,15.13,1,2.0,0.0,24.12,91.81,966.7,5.04,9.21,0.99,NASA POWER Daily API,89.09
20250116,Sorriso - MT,-12.5425,-55.7211,transporte,garoa,100.0,2.65,349.96,23.73,1.1,1.3,0,4.0,1.0,24.25,90.01,967.6,7.47,9.03,0.66,NASA POWER Daily API,67.15
20250117,Sorriso - MT,-12.5425,-55.7211,campo,chuva,100.0,0.21,487.78,11.86,1.1,9.41,1,2.0,0.0,23.65,94.5,968.1,35.75,4.97,0.78,NASA POWER Daily API,78.94
20250118,Sorriso - MT,-12.5425,-55.7211,campo,chuva,100.0,4.91,264.49,8.45,1.1,7.92,1,2.0,0.0,23.3,94.86,969.6,5.6,3.73,0.89,NASA POWER Daily API,78.28
20250119,Sorriso - MT,-12.5425,-55.7211,campo,garoa,100.0,4.76,391.9,11.19,2.1,3.29,0,4.0,0.0,23.82,92.49,968.9,17.83,12.03,0.97,NASA POWER Daily API,58.27
20250120,Sorriso - MT,-12.5425,-55.7211,transporte,garoa,100.0,0.0,235.53,21.31,2.1,4.62,0,4.0,1.0,24.35,87.7,969.3,0.69,4.92,0.86,NASA POWER Daily API,78.14
20250121,Sorriso - MT,-12.5425,-55.7211,transporte,garoa,100.0,6.22,252.52,14.53,1.1,2.27,0,4.0,1.0,24.57,87.22,970.2,16.92,3.97,0.75,NASA POWER Daily API,59.7
20250122,Sorriso - MT,-12.5425,-55.7211,campo,chuva,94.33,0.0,209.16,3.67,2.1,7.45,1,2.0,0.0,24.45,89.15,970.9,1.94,6.1,0.54,NASA POWER Daily API,71.89
20250123,Sorriso - MT,-12.5425,-55.7211,transporte,garoa,100.0,6.3,261.96,20.11,1.1,1.08,0,4.0,1.0,24.41,92.0,970.8,4.71,5.42,0.67,NASA POWER Daily API,66.68
20250124,Sorriso - MT,-12.5425,-55.7211,proximidade_agua,garoa,76.9,4.69,468.14,13.08,1.1,0.86,0,4.0,2.0,25.45,87.17,969.6,7.97,4.75,0.82,NASA POWER Daily API,52.0
20250125,Sorriso - MT,-12.5425,-55.7211,campo,garoa,64.43,0.93,388.85,16.19,1.1,0.52,0,4.0,0.0,25.63,88.04,969.9,22.73,5.15,0.66,NASA POWER Daily API,44.07
20250126,Sorriso - MT,-12.5425,-55.7211,campo,garoa,60.83,1.18,395.92,10.38,2.1,0.04,0,4.0,0.0,25.97,83.18,970.0,3.65,8.42,0.76,NASA POWER Daily API,37.02
20250127,Sorriso - MT,-12.5425,-55.7211,transporte,garoa,63.87,3.21,410.32,12.43,2.1,3.24,0,4.0,1.0,26.0,84.03,969.3,5.1,4.71,0.63,NASA POWER Daily API,45.66
20250128,Sorriso - MT,-12.5425,-55.7211,campo,garoa,62.0,4.46,360.46,6.6,1.1,1.18,0,4.0,0.0,26.56,81.06,968.5,2.88,3.45,0.64,NASA POWER Daily API,41.02
20250129,Sorriso - MT,-12.5425,-55.7211,transporte,garoa,55.63,6.91,359.27,16.45,1.1,4.7,0,4.0,1.0,26.89,80.8,968.9,8.15,5.14,0.63,NASA POWER Daily API,51.34
20250130,Sorriso - MT,-12.5425,-55.7211,transporte,garoa,55.98,3.84,190.8,21.16,3.1,3.56,0,4.0,1.0,25.99,85.57,968.8,36.26,2.01,0.67,NASA POWER Daily API,57.45
20250131,Sorriso - MT,-12.5425,-55.7211,proximidade_agua,chuva,89.96,5.48,315.91,10.59,2.1,11.88,1,2.0,2.0,24.91,91.06,968.1,5.55,3.68,0.61,NASA POWER Daily API,87.61
20250201,Sorriso - MT,-12.5425,-55.7211,proximidade_agua,chuva,96.4,3.13,431.65,1.34,1.1,7.31,1,2.0,2.0,23.59,95.51,967.1,23.18,5.82,0.79,NASA POWER Daily API,70.0
20250202,Sorriso - MT,-12.5425,-55.7211,transporte,chuva,100.0,4.97,494.79,18.67,1.1,6.15,1,2.0,1.0,23.53,95.39,966.3,13.56,3.63,0.76,NASA POWER Daily API,89.55
20250203,Sorriso - MT,-12.5425,-55.7211,proximidade_agua,garoa,96.44,0.87,296.62,9.93,1.1,1.73,0,4.0,2.0,24.85,86.55,967.1,18.63,2.88,1.0,NASA POWER Daily API,50.61
20250204,Sorriso - MT,-12.5425,-55.7211,transporte,chuva,100.0,0.0,337.73,26.24,1.1,9.08,1,2.0,1.0,24.77,90.25,968.1,26.56,7.09,0.62,NASA POWER Daily API,95.45
20250205,Sorriso - MT,-12.5425,-55.7211,campo,garoa,99.29,0.0,312.88,12.92,1.1,1.03,0,4.0,0.0,25.1,85.28,968.6,76.9,5.78,0.76,NASA POWER Daily API,49.34
20250206,Sorriso - MT,-12.5425,-55.7211,transporte,garoa,100.0,5.23,332.69,18.09,1.1,4.58,0,4.0,1.0,24.85,86.72,969.2,11.27,4.51,0.82,NASA POWER Daily API,65.2
20250207,Sorriso - MT,-12.5425,-55.7211,transporte,garoa,79.22,3.97,471.93,17.88,1.1,0.88,0,4.0,1.0,25.51,85.12,968.2,8.63,4.8,0.94,NASA POWER Daily API,53.51
20250208,Sorriso - MT,-12.5425,-55.7211,transporte,chuva,82.77,0.0,414.81,28.22,1.1,5.42,1,2.0,1.0,24.92,81.97,968.2,12.36,4.48,0.98,NASA POWER Daily API,88.12
20250209,Sorriso - MT,-12.5425,-55.7211,transporte,garoa,75.57,4.36,206.96,16.26,2.1,2.97,0,4.0,1.0,24.59,78.88,969.0,17.96,2.08,0.68,NASA POWER Daily API,54.91
20250210,Sorriso - MT,-12.5425,-55.7211,campo,chuva,100.0,1.11,416.04,3.13,2.1,12.75,1,2.0,0.0,24.61,86.23,968.8,11.66,2.81,0.85,NASA POWER Daily API,72.48
20250211,Sorriso - MT,-12.5425,-55.7211,transporte,chuva,96.41,5.18,425.63,16.73,2.1,5.48,1,2.0,1.0,22.71,92.92,968.4,25.95,4.8,0.72,NASA POWER Daily API,87.24
20250212,Sorriso - MT,-12.5425,-55.7211,campo,garoa,96.15,3.78,384.05,4.63,2.1,3.98,0,4.0,0.0,23.36,87.66,968.8,6.69,4.19,0.72,NASA POWER Daily API,47.48
20250213,Sorriso - MT,-12.5425,-55.7211,transporte,garoa,88.08,7.45,426.81,17.65,2.1,2.84,0,4.0,1.0,24.17,89.37,970.1,8.78,3.57,0.85,NASA POWER Daily API,64.48
20250214,Sorriso - MT,-12.5425,-55.7211,campo,garoa,90.16,2.47,313.59,1.78,1.1,1.1,0,4.0,0.0,24.24,88.95,969.3,4.48,1.77,0.55,NASA POWER Daily API,36.15
20250215,Sorriso - MT,-12.5425,-55.7211,campo,garoa,90.57,7.58,294.17,14.46,2.1,4.56,0,4.0,0.0,24.78,85.57,968.0,7.06,12.82,0.79,NASA POWER Daily API,62.18
20250216,Sorriso - MT,-12.5425,-55.7211,campo,garoa,95.27,2.2,398.4,11.37,2.1,3.79,0,4.0,0.0,24.71,86.5,968.6,2.4,5.27,0.81,NASA POWER Daily API,59.55
20250217,Sorriso - MT,-12.5425,-55.7211,campo,garoa,81.69,3.64,233.92,9.36,1.1,3.57,0,4.0,0.0,25.36,87.3,969.0,21.99,3.02,0.75,NASA POWER Daily API,46.29
20250218,Sorriso - MT,-12.5425,-55.7211,campo,garoa,75.88,3.47,347.77,8.6,2.1,0.61,0,4.0,0.0,26.52,80.58,969.0,9.41,8.9,0.79,NASA POWER Daily API,42.25
20250219,Sorriso - MT,-12.5425,-55.7211,campo,garoa,54.87,1.31,244.99,12.88,2.1,0.81,0,4.0,0.0,26.3,77.25,969.8,5.52,3.21,0.63,NASA POWER Daily API,39.22
20250220,Sorriso - MT,-12.5425,-55.7211,campo,garoa,57.82,0.0,416.51,10.34,2.1,3.41,0,4.0,0.0,26.74,78.81,969.7,14.73,5.43,0.77,NASA POWER Daily API,38.03
20250221,Sorriso - MT,-12.5425,-55.7211,proximidade_agua,garoa,64.7,2.88,365.69,7.54,1.1,2.49,0,4.0,2.0,26.08,85.83,970.1,7.72,4.86,0.72,NASA POWER Daily API,40.77
20250222,Sorriso - MT,-12.5425,-55.7211,transporte,garoa,72.24,1.96,350.98,9.23,2.1,4.12,0,4.0,1.0,26.9,80.12,969.3,2.92,18.77,1.01,NASA POWER Daily API,50.0
20250223,Sorriso - MT,-12.5425,-55.7211,transporte,garoa,65.04,6.24,423.58,17.94,1.1,1.33,0,4.0,1.0,27.08,76.94,969.2,16.52,5.07,0.64,NASA POWER Daily API,52.12
20250224,Sorriso - MT,-12.5425,-55.7211,campo,chuva,100.0,3.67,336.29,11.14,2.1,21.44,1,2.0,0.0,26.05,83.64,969.2,21.87,4.04,0.58,NASA POWER Daily API,93.16
20250225,Sorriso - MT,-12.5425,-55.7211,transporte,garoa,97.06,4.82,326.5,10.83,1.1,3.15,0,4.0,1.0,24.28,92.31,970.1,3.02,5.19,0.83,NASA POWER Daily API,54.68
20250226,Sorriso - MT,-12.5425,-55.7211,transporte,chuva,100.0,2.84,289.55,12.74,1.1,8.3,1,2.0,1.0,24.65,88.68,970.7,1.81,5.31,0.56,NASA POWER Daily API,86.47
20250227,Sorriso - MT,-12.5425,-55.7211,campo,chuva,100.0,1.83,379.81,4.95,3.1,18.88,1,2.0,0.0,23.22,95.29,970.5,7.3,7.8,0.88,NASA POWER Daily API,85.47
20250228,Sorriso - MT,-12.5425,-55.7211,campo,chuva,100.0,7.18,267.1,13.38,2.1,5.7,1,2.0,0.0,24.06,87.82,969.7,11.3,1.32,0.68,NASA POWER Daily API,85.31
20250301,Sorriso - MT,-12.5425,-55.7211,campo,chuva,100.0,4.22,295.6,6.19,1.1,6.99,1,2.0,0.0,24.0,89.54,969.4,5.44,6.69,0.63,NASA POWER Daily API,72.67
20250302,Sorriso - MT,-12.5425,-55.7211,campo,garoa,100.0,6.93,289.49,16.9,2.1,3.85,0,4.0,0.0,24.51,90.15,969.4,6.22,20.1,0.72,NASA POWER Daily API,68.11
20250303,Sorriso - MT,-12.5425,-55.7211,campo,garoa,100.0,3.43,243.97,17.63,1.1,1.65,0,4.0,0.0,22.8,90.6,969.8,17.7,9.37,0.63,NASA POWER Daily API,60.8
20250304,Sorriso - MT,-12.5425,-55.7211,transporte,garoa,100.0,2.41,112.45,18.02,1.1,3.76,0,4.0,1.0,24.74,85.61,968.7,5.9,3.58,0.72,NASA POWER Daily API,61.13
20250305,Sorriso - MT,-12.5425,-55.7211,campo,garoa,100.0,3.33,497.92,9.3,1.1,1.13,0,4.0,0.0,24.13,89.55,969.3,4.9,15.5,0.6,NASA POWER Daily API,49.6
20250306,Sorriso - MT,-12.5425,-55.7211,campo,garoa,82.6,2.16,469.84,12.52,2.1,0.07,0,4.0,0.0,23.54,85.74,970.4,10.29,2.75,0.64,NASA POWER Daily API,47.44
20250307,Sorriso - MT,-12.5425,-55.7211,campo,chuva,73.84,3.2,433.13,13.62,1.1,7.02,0,2.0,0.0,24.72,87.69,970.6,1.22,6.51,0.72,NASA POWER Daily API,68.66
20250308,Sorriso - MT,-12.5425,-55.7211,campo,garoa,71.46,10.21,339.45,2.66,2.1,4.39,0,4.0,0.0,23.73,90.98,971.3,8.36,11.19,0.77,NASA POWER Daily API,45.48
20250309,Sorriso - MT,-12.5425,-55.7211,transporte,garoa,64.91,3.52,327.84,17.23,1.1,0.41,0,4.0,1.0,25.39,84.2,970.3,8.72,5.85,0.69,NASA POWER Daily API,47.46
20250310,Sorriso - MT,-12.5425,-55.7211,campo,garoa,67.35,0.0,186.01,16.54,2.1,0.34,0,4.0,0.0,26.0,82.06,969.0,4.13,3.5,0.76,NASA POWER Daily API,45.72
20250311,Sorriso - MT,-12.5425,-55.7211,campo,garoa,53.07,5.58,339.67,14.23,1.1,0.35,0,4.0,0.0,25.91,81.76,970.2,17.42,3.74,0.68,NASA POWER Daily API,42.27
20250312,Sorriso - MT,-12.5425,-55.7211,campo,chuva,89.84,5.96,292.46,15.96,2.1,12.01,1,2.0,0.0,24.3,92.22,971.7,38.77,5.05,0.79,NASA POWER Daily API,91.17
20250313,Sorriso - MT,-12.5425,-55.7211,campo,garoa,80.39,8.71,374.24,21.32,1.1,2.76,0,4.0,0.0,25.17,85.75,970.9,3.97,3.59,0.69,NASA POWER Daily API,65.06
20250314,Sorriso - MT,-12.5425,-55.7211,campo,garoa,56.32,1.98,301.51,12.99,1.1,0.72,0,4.0,0.0,25.71,79.34,969.7,7.78,1.72,0.61,NASA POWER Daily API,38.26
20250315,Sorriso - MT,-12.5425,-55.7211,transporte,garoa,61.54,3.8,478.08,23.3,1.1,0.19,0,4.0,1.0,26.71,81.04,969.0,6.01,9.07,1.01,NASA POWER Daily API,54.12
20250316,Sorriso - MT,-12.5425,-55.7211,transporte,chuva,78.62,2.6,216.92,21.06,1.1,5.09,1,2.0,1.0,26.51,84.95,970.3,5.02,11.7,0.76,NASA POWER Daily API,80.34
20250317,Sorriso - MT,-12.5425,-55.7211,campo,chuva,76.24,3.03,308.49,8.31,2.1,5.7,0,2.0,0.0,26.23,83.9,971.2,5.25,5.77,0.56,NASA POWER Daily API,50.87
20250318,Sorriso - MT,-12.5425,-55.7211,proximidade_agua,garoa,84.0,1.43,237.52,11.06,1.1,3.1,0,4.0,2.0,25.97,85.13,970.1,20.31,5.94,0.54,NASA POWER Daily API,49.87
20250319,Sorriso - MT,-12.5425,-55.7211,campo,chuva,97.19,6.88,146.07,8.68,1.1,14.05,1,2.0,0.0,26.19,86.39,969.5,2.51,6.25,0.74,NASA POWER Daily API,89.75
20250320,Sorriso - MT,-12.5425,-55.7211,transporte,chuva,89.08,3.78,287.52,20.19,2.1,5.72,1,2.0,1.0,24.77,88.88,970.6,7.92,5.81,0.74,NASA POWER Daily API,87.23
20250321,Sorriso - MT,-12.5425,-55.7211,campo,garoa,88.61,0.95,427.68,15.04,2.1,0.32,0,4.0,0.0,25.61,84.52,970.4,5.4,3.66,0.77,NASA POWER Daily API,51.2
20250322,Sorriso - MT,-12.5425,-55.7211,campo,garoa,78.46,0.0,392.79,5.71,1.1,0.08,0,4.0,0.0,26.79,80.01,969.8,6.71,3.95,0.69,NASA POWER Daily API,33.12
20250323,Sorriso - MT,-12.5425,-55.7211,proximidade_agua,garoa,92.88,0.94,422.59,10.75,2.1,4.39,0,4.0,2.0,25.15,87.38,969.3,3.75,3.29,0.76,NASA POWER Daily API,55.5
20250324,Sorriso - MT,-12.5425,-55.7211,transporte,garoa,82.28,2.8,347.22,22.72,1.1,1.82,0,4.0,1.0,26.14,81.52,969.0,4.46,7.11,0.65,NASA POWER Daily API,60.12
20250325,Sorriso - MT,-12.5425,-55.7211,campo,garoa,93.12,0.0,319.11,4.22,1.1,4.85,0,4.0,0.0,25.84,83.7,969.7,25.35,8.8,0.68,NASA POWER Daily API,40.18
20250326,Sorriso - MT,-12.5425,-55.7211,campo,chuva,67.62,0.14,368.89,14.58,1.1,5.3,0,2.0,0.0,25.82,83.3,969.5,4.26,2.66,0.66,NASA POWER Daily API,50.56
20250327,Sorriso - MT,-12.5425,-55.7211,transporte,chuva,85.57,3.6,347.11,22.81,1.1,9.7,1,2.0,1.0,24.84,89.79,969.3,22.42,2.45,0.77,NASA POWER Daily API,91.1
20250328,Sorriso - MT,-12.5425,-55.7211,campo,garoa,76.75,3.17,478.16,14.67,2.1,3.88,0,4.0,0.0,25.26,83.59,968.3,3.68,10.38,0.64,NASA POWER Daily API,52.89
20250329,Sorriso - MT,-12.5425,-55.7211,campo,chuva,100.0,3.74,316.05,14.67,1.1,6.51,1,2.0,0.0,26.18,81.45,967.3,6.29,2.28,0.72,NASA POWER Daily API,81.31
20250330,Sorriso - MT,-12.5425,-55.7211,campo,garoa,95.17,1.56,440.24,12.82,2.1,2.31,0,4.0,0.0,25.09,89.3,967.3,13.95,5.82,0.77,NASA POWER Daily API,53.87
20250331,Sorriso - MT,-12.5425,-55.7211,campo,garoa,98.73,1.15,403.41,11.53,1.1,0.74,0,4.0,0.0,25.24,86.93,969.0,23.85,4.17,0.85,NASA POWER Daily API,48.73
20250401,Sorriso - MT,-12.5425,-55.7211,transporte,chuva,100.0,1.45,446.94,21.16,1.1,8.66,1,2.0,1.0,26.0,85.87,969.7,21.08,3.14,0.62,NASA POWER Daily API,89.26
20250402,Sorriso - MT,-12.5425,-55.7211,campo,chuva,97.81,5.9,299.23,14.75,1.1,5.56,1,2.0,0.0,25.97,87.54,969.1,5.17,13.55,0.79,NASA POWER Daily API,82.68
20250403,Sorriso - MT,-12.5425,-55.7211,transporte,chuva,91.02,6.24,157.3,24.91,2.1,6.71,1,2.0,1.0,25.02,91.47,969.8,3.0,2.02,0.84,NASA POWER Daily API,97.81
20250404,Sorriso - MT,-12.5425,-55.7211,campo,garoa,88.61,5.11,314.09,9.37,1.1,4.09,0,4.0,0.0,25.18,89.91,970.7,13.36,9.3,0.88,NASA POWER Daily API,50.99
20250405,Sorriso - MT,-12.5425,-55.7211,campo,garoa,91.74,1.47,353.85,7.94,1.1,4.66,0,4.0,0.0,25.92,87.45,970.9,4.96,5.82,0.83,NASA POWER Daily API,46.32
20250406,Sorriso - MT,-12.5425,-55.7211,campo,garoa,87.17,3.16,290.72,12.8,1.1,0.51,0,4.0,0.0,25.5,86.21,970.5,12.69,4.23,0.85,NASA POWER Daily API,48.58
20250407,Sorriso - MT,-12.5425,-55.7211,transporte,garoa,82.75,8.62,372.43,19.28,1.1,0.43,0,4.0,1.0,25.91,80.44,969.9,15.84,4.27,0.68,NASA POWER Daily API,60.75
20250408,Sorriso - MT,-12.5425,-55.7211,campo,garoa,74.75,4.11,270.43,11.18,2.1,2.42,0,4.0,0.0,25.15,84.84,970.5,7.01,9.77,0.55,NASA POWER Daily API,47.53
20250409,Sorriso - MT,-12.5425,-55.7211,campo,chuva,100.0,3.39,389.32,11.19,1.1,11.51,1,2.0,0.0,24.91,86.54,971.5,2.71,3.71,0.79,NASA POWER Daily API,87.69
20250410,Sorriso - MT,-12.5425,-55.7211,transporte,garoa,70.34,0.76,354.01,20.82,1.1,2.59,0,4.0,1.0,25.36,81.38,969.9,2.9,2.06,0.69,NASA POWER Daily API,58.75
20250411,Sorriso - MT,-12.5425,-55.7211,campo,garoa,74.7,2.4,242.7,10.02,1.1,0.37,0,4.0,0.0,25.91,76.96,968.7,5.92,10.74,0.59,NASA POWER Daily API,40.17
20250412,Sorriso - MT,-12.5425,-55.7211,transporte,garoa,66.95,0.0,281.16,16.32,2.1,1.82,0,4.0,1.0,26.13,80.57,968.8,9.03,1.97,0.43,NASA POWER Daily API,46.73
20250413,Sorriso - MT,-12.5425,-55.7211,transporte,garoa,74.0,4.64,403.31,15.06,2.1,4.1,0,4.0,1.0,26.47,80.96,969.7,31.09,3.03,0.57,NASA POWER Daily API,54.31
20250414,Sorriso - MT,-12.5425,-55.7211,campo,garoa,76.65,11.66,259.09,16.28,2.1,3.98,0,4.0,0.0,25.44,85.38,969.3,7.11,2.72,0.64,NASA POWER Daily API,63.97
20250415,Sorriso - MT,-12.5425,-55.7211,campo,chuva,85.42,11.52,346.21,0.0,1.1,5.26,1,2.0,0.0,26.15,82.81,969.3,14.23,3.34,0.83,NASA POWER Daily API,65.58
20250416,Sorriso - MT,-12.5425,-55.7211,campo,chuva,96.3,7.35,348.5,17.25,3.1,11.1,1,2.0,0.0,24.17,96.58,969.7,5.96,6.62,0.64,NASA POWER Daily API,98.43
20250417,Sorriso - MT,-12.5425,-55.7211,transporte,garoa,80.06,6.26,385.12,17.73,1.1,0.24,0,4.0,1.0,25.9,83.35,969.3,61.79,2.18,0.67,NASA POWER Daily API,55.35
20250418,Sorriso - MT,-12.5425,-55.7211,manutencao,garoa,85.04,0.0,425.09,13.06,1.1,0.41,0,4.0,3.0,26.88,80.42,969.6,14.54,4.27,0.69,NASA POWER Daily API,44.59
20250419,Sorriso - MT,-12.5425,-55.7211,campo,garoa,72.62,7.7,330.47,9.85,2.1,0.51,0,4.0,0.0,27.12,81.14,969.4,2.65,3.82,0.62,NASA POWER Daily API,53.18
20250420,Sorriso - MT,-12.5425,-55.7211,campo,garoa,67.64,7.35,360.48,9.86,1.1,0.03,0,4.0,0.0,27.37,76.72,967.6,9.77,4.64,0.69,NASA POWER Daily API,42.73
20250421,Sorriso - MT,-12.5425,-55.7211,transporte,garoa,60.73,5.16,362.93,18.21,1.1,0.2,0,4.0,1.0,27.54,75.51,966.9,4.13,7.9,0.55,NASA POWER Daily API,48.95
20250422,Sorriso - MT,-12.5425,-55.7211,campo,garoa,49.95,7.21,259.9,12.01,3.1,1.23,0,4.0,0.0,26.16,81.54,967.2,21.49,6.14,0.55,NASA POWER Daily API,45.4
20250423,Sorriso - MT,-12.5425,-55.7211,manutencao,garoa,52.02,0.0,520.82,1.64,1.1,3.27,0,4.0,3.0,25.71,85.35,967.8,15.53,6.35,0.86,NASA POWER Daily API,23.2
20250424,Sorriso - MT,-12.5425,-55.7211,campo,chuva,59.5,7.76,336.66,4.21,2.1,6.16,0,2.0,0.0,25.1,90.93,968.2,21.31,6.79,0.5,NASA POWER Daily API,47.43
20250425,Sorriso - MT,-12.5425,-55.7211,campo,garoa,50.69,3.55,401.19,10.6,2.1,0.31,0,4.0,0.0,26.16,80.46,967.4,6.9,4.68,0.71,NASA POWER Daily API,36.99
20250426,Sorriso - MT,-12.5425,-55.7211,transporte,garoa,57.03,6.4,297.12,19.5,3.1,3.31,0,4.0,1.0,25.6,85.19,967.7,8.89,7.87,0.75,NASA POWER Daily API,58.06
20250427,Sorriso - MT,-12.5425,-55.7211,campo,garoa,62.93,3.05,315.9,14.16,1.1,3.28,0,4.0,0.0,25.95,82.9,968.7,3.47,4.38,0.62,NASA POWER Daily API,45.26
20250428,Sorriso - MT,-12.5425,-55.7211,campo,garoa,62.81,3.5,493.72,17.95,1.1,0.98,0,4.0,0.0,26.1,81.11,969.3,8.95,5.59,0.65,NASA POWER Daily API,48.25
20250429,Sorriso - MT,-12.5425,-55.7211,transporte,garoa,58.93,2.37,499.18,17.12,2.1,0.04,0,4.0,1.0,26.3,78.17,968.6,16.16,9.5,0.75,NASA POWER Daily API,46.12
20250430,Sorriso - MT,-12.5425,-55.7211,proximidade_agua,sol,51.27,4.94,341.65,10.1,1.1,0.0,0,0.0,2.0,26.72,76.21,968.4,4.01,4.23,0.79,NASA POWER Daily API,39.56
20250501,Sorriso - MT,-12.5425,-55.7211,campo,sol,39.68,12.11,445.56,15.74,1.1,0.0,0,0.0,0.0,26.79,73.21,968.6,17.53,6.9,0.83,NASA POWER Daily API,46.66
20250502,Sorriso - MT,-12.5425,-55.7211,campo,sol,36.08,4.64,328.67,9.68,2.1,0.0,0,0.0,0.0,26.54,74.55,969.0,4.79,3.47,0.7,NASA POWER Daily API,32.31
20250503,Sorriso - MT,-12.5425,-55.7211,manutencao,sol,27.56,1.91,193.56,6.59,1.1,0.0,0,0.0,3.0,27.57,70.21,969.6,14.94,3.32,0.97,NASA POWER Daily API,20.88
20250504,Sorriso - MT,-12.5425,-55.7211,campo,garoa,33.68,7.86,328.95,0.0,2.1,0.94,0,4.0,0.0,27.22,73.03,969.8,5.69,5.96,0.97,NASA POWER Daily API,23.77
20250505,Sorriso - MT,-12.5425,-55.7211,campo,garoa,31.08,5.21,370.95,9.29,1.1,0.1,0,4.0,0.0,27.38,68.91,969.9,2.86,3.51,1.03,NASA POWER Daily API,34.87
20250506,Sorriso - MT,-12.5425,-55.7211,campo,sol,32.4,2.46,444.43,13.33,2.1,0.0,0,0.0,0.0,27.2,69.78,969.0,14.82,5.65,0.81,NASA POWER Daily API,33.48
20250507,Sorriso - MT,-12.5425,-55.7211,transporte,garoa,36.1,3.88,398.21,17.14,2.1,0.27,0,4.0,1.0,27.5,67.53,968.9,3.01,6.58,0.97,NASA POWER Daily API,41.1
20250508,Sorriso - MT,-12.5425,-55.7211,manutencao,garoa,31.88,0.13,273.35,14.11,1.1,0.08,0,4.0,3.0,27.58,67.01,969.2,54.42,13.9,0.99,NASA POWER Daily API,29.78
20250509,Sorriso - MT,-12.5425,-55.7211,campo,sol,32.14,2.41,370.29,16.09,1.1,0.0,0,0.0,0.0,27.68,66.85,969.8,2.6,4.24,0.89,NASA POWER Daily API,40.65
20250510,Sorriso - MT,-12.5425,-55.7211,campo,sol,34.49,1.53,348.13,16.42,2.1,0.0,0,0.0,0.0,27.52,62.22,971.9,10.64,2.83,0.87,NASA POWER Daily API,36.99
20250511,Sorriso - MT,-12.5425,-55.7211,proximidade_agua,sol,34.0,0.0,489.85,4.85,1.1,0.0,0,0.0,2.0,26.58,64.26,972.2,7.95,4.79,0.95,NASA POWER Daily API,22.63
20250512,Sorriso - MT,-12.5425,-55.7211,campo,garoa,30.01,5.18,315.69,5.84,1.1,2.21,0,4.0,0.0,26.23,68.82,971.1,2.16,3.71,0.86,NASA POWER Daily API,32.21
20250513,Sorriso - MT,-12.5425,-55.7211,transporte,garoa,33.8,6.62,329.87,17.48,1.1,1.81,0,4.0,1.0,26.53,68.72,970.4,27.81,2.33,0.84,NASA POWER Daily API,43.03
20250514,Sorriso - MT,-12.5425,-55.7211,campo,garoa,38.49,3.43,440.56,10.53,2.1,0.17,0,4.0,0.0,26.2,64.07,970.1,18.51,3.36,1.0,NASA POWER Daily API,32.99
20250515,Sorriso - MT,-12.5425,-55.7211,campo,sol,35.56,6.85,270.2,15.39,2.1,0.0,0,0.0,0.0,26.09,61.11,970.5,3.63,7.84,1.08,NASA POWER Daily API,41.61
20250516,Sorriso - MT,-12.5425,-55.7211,campo,sol,29.51,3.68,341.9,14.8,1.1,0.0,0,0.0,0.0,25.81,61.17,970.6,6.7,5.3,1.04,NASA POWER Daily API,33.58
20250517,Sorriso - MT,-12.5425,-55.7211,manutencao,sol,25.08,2.33,340.72,8.05,2.1,0.0,0,0.0,3.0,26.14,60.67,970.2,5.08,5.84,0.96,NASA POWER Daily API,24.55
20250518,Sorriso - MT,-12.5425,-55.7211,campo,sol,20.65,5.49,330.55,14.37,2.1,0.0,0,0.0,0.0,26.6,60.13,970.3,18.12,2.49,0.93,NASA POWER Daily API,34.44
20250519,Sorriso - MT,-12.5425,-55.7211,campo,sol,27.32,3.65,255.93,13.97,1.1,0.0,0,0.0,0.0,27.11,60.62,970.5,2.94,5.5,0.97,NASA POWER Daily API,37.86
20250520,Sorriso - MT,-12.5425,-55.7211,campo,sol,22.95,7.85,303.48,11.48,1.1,0.0,0,0.0,0.0,26.59,57.55,971.0,8.33,4.96,1.02,NASA POWER Daily API,31.84
20250521,Sorriso - MT,-12.5425,-55.7211,campo,sol,19.02,1.32,379.31,18.29,3.1,0.0,0,0.0,0.0,26.25,52.86,971.0,12.1,7.2,0.95,NASA POWER Daily API,36.62
20250522,Sorriso - MT,-12.5425,-55.7211,campo,sol,29.24,0.03,408.05,13.19,1.1,0.0,0,0.0,0.0,25.59,54.89,970.9,1.37,2.12,0.79,NASA POWER Daily API,39.66
20250523,Sorriso - MT,-12.5425,-55.7211,campo,sol,16.73,2.4,400.72,9.39,1.1,0.0,0,0.0,0.0,25.94,57.26,971.3,2.67,5.84,0.83,NASA POWER Daily API,27.64
20250524,Sorriso - MT,-12.5425,-55.7211,transporte,sol,17.6,1.09,232.29,21.29,1.1,0.0,0,0.0,1.0,27.32,58.84,971.5,7.05,4.62,0.92,NASA POWER Daily API,35.4
20250525,Sorriso - MT,-12.5425,-55.7211,campo,sol,26.52,1.91,285.97,11.73,1.1,0.0,0,0.0,0.0,27.31,59.06,971.4,52.33,4.01,0.92,NASA POWER Daily API,26.99
20250526,Sorriso - MT,-12.5425,-55.7211,campo,garoa,25.56,7.98,271.05,18.03,1.1,0.01,0,4.0,0.0,27.09,55.26,970.4,79.54,6.05,0.99,NASA POWER Daily API,40.96
20250527,Sorriso - MT,-12.5425,-55.7211,proximidade_agua,garoa,23.35,7.78,346.93,7.73,1.1,0.01,0,4.0,2.0,26.82,57.84,970.9,5.32,4.41,0.92,NASA POWER Daily API,31.21
20250528,Sorriso - MT,-12.5425,-55.7211,campo,garoa,41.98,0.0,354.4,13.8,1.1,2.96,0,4.0,0.0,26.57,61.67,973.2,2.25,2.86,0.88,NASA POWER Daily API,41.02
20250529,Sorriso - MT,-12.5425,-55.7211,campo,garoa,35.21,1.0,163.88,13.65,1.1,0.76,0,4.0,0.0,22.64,65.14,975.2,13.46,4.43,1.15,NASA POWER Daily API,31.76
20250530,Sorriso - MT,-12.5425,-55.7211,transporte,sol,27.68,0.0,269.84,17.83,1.1,0.0,0,0.0,1.0,23.45,51.49,973.4,14.56,4.18,0.83,NASA POWER Daily API,32.96
20250531,Sorriso - MT,-12.5425,-55.7211,manutencao,sol,27.92,3.82,302.08,9.8,1.1,0.0,0,0.0,3.0,25.33,59.33,972.8,72.36,9.33,0.76,NASA POWER Daily API,27.0
20250601,Sorriso - MT,-12.5425,-55.7211,transporte,sol,28.53,2.65,388.88,14.8,1.1,0.0,0,0.0,1.0,25.89,58.41,973.2,2.27,3.56,0.91,NASA POWER Daily API,38.21
20250602,Sorriso - MT,-12.5425,-55.7211,campo,sol,30.45,0.0,423.47,14.12,2.1,0.0,0,0.0,0.0,25.2,62.46,973.1,1.67,10.36,0.82,NASA POWER Daily API,37.3
20250603,Sorriso - MT,-12.5425,-55.7211,proximidade_agua,garoa,35.63,0.77,283.54,5.82,1.1,1.11,0,4.0,2.0,26.64,65.16,971.3,27.17,8.38,0.91,NASA POWER Daily API,26.19
20250604,Sorriso - MT,-12.5425,-55.7211,campo,garoa,29.79,0.0,274.55,12.25,2.1,0.18,0,4.0,0.0,26.8,60.92,970.3,15.88,6.69,1.12,NASA POWER Daily API,28.94
20250605,Sorriso - MT,-12.5425,-55.7211,campo,garoa,15.88,7.77,206.77,11.3,1.1,0.07,0,4.0,0.0,26.82,54.84,971.0,10.39,2.45,0.89,NASA POWER Daily API,29.48
20250606,Sorriso - MT,-12.5425,-55.7211,campo,sol,24.51,5.13,245.89,13.77,2.1,0.0,0,0.0,0.0,26.95,49.92,971.4,3.19,5.18,0.99,NASA POWER Daily API,34.47
20250607,Sorriso - MT,-12.5425,-55.7211,campo,sol,29.98,4.27,289.08,13.62,1.1,0.0,0,0.0,0.0,26.55,52.54,970.2,14.93,4.79,1.14,NASA POWER Daily API,32.87
20250608,Sorriso - MT,-12.5425,-55.7211,transporte,sol,19.92,5.68,264.71,19.01,1.1,0.0,0,0.0,1.0,27.33,49.74,970.0,8.52,2.74,0.84,NASA POWER Daily API,38.07
20250609,Sorriso - MT,-12.5425,-55.7211,transporte,garoa,33.45,5.1,448.44,17.75,2.1,0.38,0,4.0,1.0,26.94,51.37,971.1,2.04,20.61,0.86,NASA POWER Daily API,48.9
20250610,Sorriso - MT,-12.5425,-55.7211,campo,garoa,34.75,4.41,383.86,11.4,3.1,1.65,0,4.0,0.0,25.52,67.05,972.1,7.38,4.77,0.84,NASA POWER Daily API,37.54
20250611,Sorriso - MT,-12.5425,-55.7211,transporte,sol,39.09,5.21,357.76,16.19,2.1,0.0,0,0.0,1.0,26.29,61.34,972.0,6.35,6.97,0.89,NASA POWER Daily API,41.95
20250612,Sorriso - MT,-12.5425,-55.7211,transporte,sol,34.8,6.38,333.11,21.1,1.1,0.0,0,0.0,1.0,26.25,56.94,970.6,2.07,12.46,1.01,NASA POWER Daily API,51.88
20250613,Sorriso - MT,-12.5425,-55.7211,transporte,sol,23.53,0.0,423.9,19.95,2.1,0.0,0,0.0,1.0,26.75,56.92,970.3,2.85,6.55,1.03,NASA POWER Daily API,42.51
20250614,Sorriso - MT,-12.5425,-55.7211,campo,sol,26.75,11.11,413.87,16.17,3.1,0.0,0,0.0,0.0,27.23,56.46,971.9,3.88,3.86,1.17,NASA POWER Daily API,46.57
20250615,Sorriso - MT,-12.5425,-55.7211,proximidade_agua,sol,30.11,0.0,416.73,7.81,1.1,0.0,0,0.0,2.0,27.25,54.78,972.6,7.1,10.62,1.04,NASA POWER Daily API,25.16
20250616,Sorriso - MT,-12.5425,-55.7211,campo,sol,25.4,0.62,418.53,7.61,1.1,0.0,0,0.0,0.0,26.77,54.72,972.8,11.86,9.68,1.24,NASA POWER Daily API,20.15
20250617,Sorriso - MT,-12.5425,-55.7211,transporte,sol,22.23,2.17,401.37,23.93,1.1,0.0,0,0.0,1.0,26.32,48.12,972.4,2.78,2.22,1.06,NASA POWER Daily API,47.23
20250618,Sorriso - MT,-12.5425,-55.7211,campo,sol,15.22,4.69,406.08,9.74,1.1,0.0,0,0.0,0.0,25.92,49.77,972.5,6.9,8.58,0.93,NASA POWER Daily API,24.03
20250619,Sorriso - MT,-12.5425,-55.7211,campo,sol,18.37,2.75,448.62,19.25,4.1,0.0,0,0.0,0.0,26.71,54.57,972.9,9.35,4.83,0.92,NASA POWER Daily API,41.28
20250620,Sorriso - MT,-12.5425,-55.7211,transporte,sol,26.83,0.48,354.25,16.43,1.1,0.0,0,0.0,1.0,26.75,47.28,972.4,13.28,4.12,0.95,NASA POWER Daily API,31.46
20250621,Sorriso - MT,-12.5425,-55.7211,campo,sol,23.96,8.35,364.54,12.53,3.1,0.0,0,0.0,0.0,26.76,45.66,970.1,8.41,5.19,0.78,NASA POWER Daily API,38.28
20250622,Sorriso - MT,-12.5425,-55.7211,campo,sol,24.19,6.37,476.92,13.09,3.1,0.0,0,0.0,0.0,27.59,48.4,968.2,1.52,5.19,0.99,NASA POWER Daily API,42.97
20250623,Sorriso - MT,-12.5425,-55.7211,manutencao,garoa,29.08,3.76,354.04,12.09,2.1,1.28,0,4.0,3.0,25.08,70.85,970.2,9.7,3.07,0.51,NASA POWER Daily API,33.52
20250624,Sorriso - MT,-12.5425,-55.7211,transporte,chuva,70.98,0.0,496.43,21.44,3.1,14.39,0,2.0,1.0,20.36,87.48,973.5,10.5,4.47,1.1,NASA POWER Daily API,73.48
20250625,Sorriso - MT,-12.5425,-55.7211,transporte,garoa,49.87,0.08,311.76,24.81,1.1,0.02,0,4.0,1.0,24.29,67.38,970.5,2.33,6.86,0.91,NASA POWER Daily API,54.44
20250626,Sorriso - MT,-12.5425,-55.7211,campo,garoa,52.74,6.67,379.23,9.15,1.1,0.03,0,4.0,0.0,26.13,61.72,971.2,14.95,5.03,0.85,NASA POWER Daily API,36.66
20250627,Sorriso - MT,-12.5425,-55.7211,campo,sol,50.5,2.5,201.35,15.38,2.1,0.0,0,0.0,0.0,26.04,57.76,971.8,12.0,13.01,1.02,NASA POWER Daily API,41.52
20250628,Sorriso - MT,-12.5425,-55.7211,campo,sol,46.44,2.92,481.14,17.04,2.1,0.0,0,0.0,0.0,26.39,53.42,971.2,65.86,3.51,1.08,NASA POWER Daily API,42.81
20250629,Sorriso - MT,-12.5425,-55.7211,campo,sol,49.55,1.55,489.87,9.87,1.1,0.0,0,0.0,0.0,26.96,53.85,971.9,4.49,7.09,0.88,NASA POWER Daily API,31.2
20250630,Sorriso - MT,-12.5425,-55.7211,transporte,sol,45.26,5.3,237.24,16.46,1.1,0.0,0,0.0,1.0,26.2,50.88,973.7,14.4,3.68,1.19,NASA POWER Daily API,42.08
20250701,Sorriso - MT,-12.5425,-55.7211,proximidade_agua,sol,23.62,5.83,384.15,6.32,1.1,0.0,0,0.0,2.0,22.33,59.44,975.6,4.99,6.37,1.25,NASA POWER Daily API,27.47
20250702,Sorriso - MT,-12.5425,-55.7211,campo,sol,36.88,2.42,327.99,9.09,1.1,0.0,0,0.0,0.0,23.12,59.47,975.5,4.79,7.14,1.19,NASA POWER Daily API,27.33
20250703,Sorriso - MT,-12.5425,-55.7211,campo,sol,27.29,2.55,298.06,7.87,1.1,0.0,0,0.0,0.0,22.93,61.46,975.6,2.16,10.45,1.14,NASA POWER Daily API,29.07
20250704,Sorriso - MT,-12.5425,-55.7211,proximidade_agua,sol,14.4,4.43,363.18,8.94,1.1,0.0,0,0.0,2.0,24.15,57.34,974.3,19.52,6.21,1.05,NASA POWER Daily API,26.51
20250705,Sorriso - MT,-12.5425,-55.7211,transporte,sol,18.43,0.0,376.97,14.67,2.1,0.0,0,0.0,1.0,24.24,52.67,974.1,4.73,3.53,0.98,NASA POWER Daily API,28.38
20250706,Sorriso - MT,-12.5425,-55.7211,campo,sol,20.96,4.77,394.38,15.4,1.1,0.0,0,0.0,0.0,24.23,46.79,973.4,54.78,10.62,0.97,NASA POWER Daily API,32.91
20250707,Sorriso - MT,-12.5425,-55.7211,campo,sol,17.58,2.43,370.88,7.63,1.1,0.0,0,0.0,0.0,24.97,43.48,973.7,0.94,3.98,0.97,NASA POWER Daily API,31.73
20250708,Sorriso - MT,-12.5425,-55.7211,campo,sol,17.69,3.19,363.64,7.49,1.1,0.0,0,0.0,0.0,25.2,43.92,974.1,17.22,5.86,0.94,NASA POWER Daily API,20.38
20250709,Sorriso - MT,-12.5425,-55.7211,campo,sol,25.17,5.62,279.36,10.45,2.1,0.0,0,0.0,0.0,25.57,44.87,973.3,8.78,3.09,0.8,NASA POWER Daily API,31.03
20250710,Sorriso - MT,-12.5425,-55.7211,campo,sol,21.52,3.55,295.85,10.71,1.1,0.0,0,0.0,0.0,26.15,42.71,973.5,13.93,6.64,0.92,NASA POWER Daily API,25.94
20250711,Sorriso - MT,-12.5425,-55.7211,campo,sol,10.79,4.37,430.78,10.83,1.1,0.0,0,0.0,0.0,26.14,39.78,973.9,12.4,7.81,1.06,NASA POWER Daily API,23.73
20250712,Sorriso - MT,-12.5425,-55.7211,campo,sol,21.86,0.0,342.82,15.21,1.1,0.0,0,0.0,0.0,25.37,41.5,973.6,20.92,4.54,1.01,NASA POWER Daily API,27.94
20250713,Sorriso - MT,-12.5425,-55.7211,campo,sol,10.03,2.63,383.93,15.42,1.1,0.0,0,0.0,0.0,25.83,43.39,973.5,22.57,2.9,0.81,NASA POWER Daily API,27.41
20250714,Sorriso - MT,-12.5425,-55.7211,campo,sol,14.22,4.84,348.0,15.05,1.1,0.0,0,0.0,0.0,27.02,40.63,973.9,10.78,3.61,0.94,NASA POWER Daily API,30.53
20250715,Sorriso - MT,-12.5425,-55.7211,campo,sol,24.83,5.6,420.38,4.83,1.1,0.0,0,0.0,0.0,26.3,35.97,972.6,5.73,3.41,1.08,NASA POWER Daily API,21.73
20250716,Sorriso - MT,-12.5425,-55.7211,campo,sol,15.43,1.5,356.02,11.22,1.1,0.0,0,0.0,0.0,26.4,35.44,971.4,9.17,6.09,0.96,NASA POWER Daily API,22.59
20250717,Sorriso - MT,-12.5425,-55.7211,campo,sol,18.18,3.48,162.61,14.31,1.1,0.0,0,0.0,0.0,26.14,36.69,972.8,6.81,6.07,1.09,NASA POWER Daily API,29.36
20250718,Sorriso - MT,-12.5425,-55.7211,campo,sol,26.18,0.55,228.15,13.47,1.1,0.0,0,0.0,0.0,24.78,40.39,973.3,2.36,4.91,1.07,NASA POWER Daily API,33.63
20250719,Sorriso - MT,-12.5425,-55.7211,manutencao,sol,10.88,0.32,285.25,7.04,1.1,0.0,0,0.0,3.0,24.74,40.54,972.6,5.42,5.11,1.01,NASA POWER Daily API,14.77
20250720,Sorriso - MT,-12.5425,-55.7211,manutencao,sol,10.47,1.41,397.64,12.45,2.1,0.0,0,0.0,3.0,26.29,36.31,972.1,9.99,1.67,1.02,NASA POWER Daily API,24.7
20250721,Sorriso - MT,-12.5425,-55.7211,campo,sol,10.45,7.93,421.99,4.85,1.1,0.0,0,0.0,0.0,26.14,31.68,971.0,18.04,4.14,1.08,NASA POWER Daily API,19.89
20250722,Sorriso - MT,-12.5425,-55.7211,campo,sol,20.59,0.0,377.86,16.92,1.1,0.0,0,0.0,0.0,26.9,32.44,971.0,13.67,5.24,0.99,NASA POWER Daily API,29.69
20250723,Sorriso - MT,-12.5425,-55.7211,campo,sol,10.92,5.78,285.96,5.14,3.1,0.0,0,0.0,0.0,27.76,35.62,972.0,7.91,7.55,0.89,NASA POWER Daily API,22.43
20250724,Sorriso - MT,-12.5425,-55.7211,campo,sol,10.58,5.04,427.99,21.96,1.1,0.0,0,0.0,0.0,28.19,37.89,970.8,2.84,7.94,1.11,NASA POWER Daily API,44.28
20250725,Sorriso - MT,-12.5425,-55.7211,campo,sol,10.05,4.41,503.09,17.38,2.1,0.0,0,0.0,0.0,28.15,37.64,969.5,11.79,1.91,1.01,NASA POWER Daily API,33.89
20250726,Sorriso - MT,-12.5425,-55.7211,transporte,sol,16.67,4.04,183.7,20.75,2.1,0.0,0,0.0,1.0,28.43,37.86,969.4,7.82,6.78,1.06,NASA POWER Daily API,39.7
20250727,Sorriso - MT,-12.5425,-55.7211,campo,sol,7.12,0.6,306.35,8.13,1.1,0.0,0,0.0,0.0,28.4,36.82,969.9,13.5,2.69,1.09,NASA POWER Daily API,15.29
20250728,Sorriso - MT,-12.5425,-55.7211,campo,sol,19.81,1.43,412.38,18.22,2.1,0.0,0,0.0,0.0,28.74,33.71,971.5,24.25,3.72,0.78,NASA POWER Daily API,34.73
20250729,Sorriso - MT,-12.5425,-55.7211,campo,sol,18.92,7.17,309.23,14.25,1.1,0.0,0,0.0,0.0,28.13,42.17,972.6,3.06,2.92,1.13,NASA POWER Daily API,33.38
20250730,Sorriso - MT,-12.5425,-55.7211,campo,sol,22.72,0.0,309.16,17.89,1.1,0.0,0,0.0,0.0,26.93,40.93,972.3,24.32,2.66,1.08,NASA POWER Daily API,31.54
20250731,Sorriso - MT,-12.5425,-55.7211,transporte,sol,13.61,9.5,285.6,11.2,1.1,0.0,0,0.0,1.0,28.72,34.15,971.5,17.91,2.35,1.06,NASA POWER Daily API,30.42
20250801,Sorriso - MT,-12.5425,-55.7211,campo,sol,13.91,3.4,365.27,8.4,1.1,0.0,0,0.0,0.0,29.94,32.3,972.3,2.38,10.4,1.12,NASA POWER Daily API,26.61
20250802,Sorriso - MT,-12.5425,-55.7211,proximidade_agua,sol,16.82,0.19,294.68,6.32,1.1,0.0,0,0.0,2.0,30.12,35.07,971.8,7.29,3.15,0.91,NASA POWER Daily API,19.51
20250803,Sorriso - MT,-12.5425,-55.7211,transporte,sol,7.71,2.98,497.34,20.51,1.1,0.0,0,0.0,1.0,29.3,36.26,971.5,3.11,4.43,0.99,NASA POWER Daily API,33.44
20250804,Sorriso - MT,-12.5425,-55.7211,campo,sol,10.14,4.78,392.31,14.44,1.1,0.0,0,0.0,0.0,28.51,32.77,971.8,20.83,4.3,0.81,NASA POWER Daily API,28.48
20250805,Sorriso - MT,-12.5425,-55.7211,transporte,sol,21.27,0.0,195.25,15.09,3.1,0.0,0,0.0,1.0,28.22,33.49,973.5,41.43,5.03,1.14,NASA POWER Daily API,31.91
20250806,Sorriso - MT,-12.5425,-55.7211,campo,sol,11.75,9.74,327.23,6.01,1.1,0.0,0,0.0,0.0,27.74,38.09,972.1,10.74,7.69,0.99,NASA POWER Daily API,23.63
20250807,Sorriso - MT,-12.5425,-55.7211,transporte,sol,18.14,6.62,344.62,22.3,2.1,0.0,0,0.0,1.0,28.21,35.87,970.7,8.28,3.98,0.88,NASA POWER Daily API,44.78
20250808,Sorriso - MT,-12.5425,-55.7211,campo,sol,17.27,6.12,394.37,21.0,1.1,0.0,0,0.0,0.0,27.7,35.14,970.4,6.07,6.35,1.12,NASA POWER Daily API,40.22
20250809,Sorriso - MT,-12.5425,-55.7211,manutencao,sol,12.93,9.95,274.16,12.05,1.1,0.0,0,0.0,3.0,25.97,42.1,972.6,7.04,2.42,1.41,NASA POWER Daily API,31.75
20250810,Sorriso - MT,-12.5425,-55.7211,campo,sol,8.35,0.0,438.57,20.05,1.1,0.0,0,0.0,0.0,25.3,35.21,972.5,19.16,7.68,1.06,NASA POWER Daily API,29.93
20250811,Sorriso - MT,-12.5425,-55.7211,campo,sol,20.98,2.98,383.99,6.36,2.1,0.0,0,0.0,0.0,25.88,34.05,972.0,12.47,4.58,1.2,NASA POWER Daily API,21.89
20250812,Sorriso - MT,-12.5425,-55.7211,transporte,garoa,23.12,4.91,216.27,18.5,1.1,0.01,0,4.0,1.0,26.45,32.39,970.4,8.04,2.96,0.99,NASA POWER Daily API,37.59
20250813,Sorriso - MT,-12.5425,-55.7211,campo,sol,5.0,4.04,144.61,10.56,1.1,0.0,0,0.0,0.0,26.05,27.36,970.6,3.72,2.73,0.96,NASA POWER Daily API,21.31
20250814,Sorriso - MT,-12.5425,-55.7211,transporte,sol,5.51,4.09,252.21,18.53,1.1,0.0,0,0.0,1.0,26.36,22.95,972.0,7.31,12.17,1.08,NASA POWER Daily API,31.48
20250815,Sorriso - MT,-12.5425,-55.7211,campo,sol,12.34,1.5,358.98,10.76,3.1,0.0,0,0.0,0.0,27.08,23.35,971.4,5.06,3.79,1.13,NASA POWER Daily API,25.39
20250816,Sorriso - MT,-12.5425,-55.7211,campo,sol,14.18,2.34,467.33,24.06,2.1,0.0,0,0.0,0.0,28.87,31.66,969.7,19.81,4.28,0.99,NASA POWER Daily API,41.3
20250817,Sorriso - MT,-12.5425,-55.7211,proximidade_agua,sol,20.45,5.7,367.09,14.53,2.1,0.0,0,0.0,2.0,30.69,29.35,969.3,2.92,3.78,1.12,NASA POWER Daily API,44.8
20250818,Sorriso - MT,-12.5425,-55.7211,campo,sol,15.43,2.9,490.16,11.29,1.1,0.0,0,0.0,0.0,30.24,29.07,969.6,9.11,14.34,1.15,NASA POWER Daily API,24.15
20250819,Sorriso - MT,-12.5425,-55.7211,campo,garoa,11.88,2.93,338.69,8.73,2.1,0.01,0,4.0,0.0,30.45,28.59,968.5,4.45,3.69,1.09,NASA POWER Daily API,22.08
20250820,Sorriso - MT,-12.5425,-55.7211,campo,sol,14.01,3.52,487.76,14.98,1.1,0.0,0,0.0,0.0,29.68,32.7,969.4,4.87,7.62,0.9,NASA POWER Daily API,28.99
20250821,Sorriso - MT,-12.5425,-55.7211,campo,sol,8.06,10.37,274.71,1.96,1.1,0.0,0,0.0,0.0,31.33,28.52,968.7,1.1,2.94,1.29,NASA POWER Daily API,30.12
20250822,Sorriso - MT,-12.5425,-55.7211,campo,sol,9.84,0.0,441.66,3.56,2.1,0.0,0,0.0,0.0,29.42,22.97,968.4,16.18,6.01,1.48,NASA POWER Daily API,11.92
20250823,Sorriso - MT,-12.5425,-55.7211,campo,sol,8.43,2.01,375.09,16.63,1.1,0.0,0,0.0,0.0,29.44,24.33,969.2,10.03,5.63,1.23,NASA POWER Daily API,27.79
20250824,Sorriso - MT,-12.5425,-55.7211,campo,sol,13.78,10.01,319.38,10.36,1.1,0.0,0,0.0,0.0,29.97,27.9,970.6,10.7,1.54,1.07,NASA POWER Daily API,29.96
20250825,Sorriso - MT,-12.5425,-55.7211,transporte,sol,18.32,1.82,355.87,28.49,1.1,0.0,0,0.0,1.0,28.01,33.11,973.0,0.88,2.28,1.45,NASA POWER Daily API,57.38
20250826,Sorriso - MT,-12.5425,-55.7211,transporte,sol,9.4,3.83,314.96,24.25,1.1,0.0,0,0.0,1.0,28.85,31.96,972.4,6.07,5.58,1.23,NASA POWER Daily API,39.52
20250827,Sorriso - MT,-12.5425,-55.7211,transporte,sol,12.61,0.0,347.08,18.32,2.1,0.0,0,0.0,1.0,30.73,29.75,971.6,9.29,5.88,1.07,NASA POWER Daily API,31.2
20250828,Sorriso - MT,-12.5425,-55.7211,manutencao,sol,16.23,4.38,522.36,5.17,1.1,0.0,0,0.0,3.0,31.63,28.25,970.6,7.31,4.03,0.91,NASA POWER Daily API,18.3
20250829,Sorriso - MT,-12.5425,-55.7211,campo,sol,9.34,4.6,335.07,8.51,1.1,0.0,0,0.0,0.0,31.08,32.2,968.1,8.31,7.34,0.94,NASA POWER Daily API,20.63
20250830,Sorriso - MT,-12.5425,-55.7211,transporte,sol,14.72,0.01,297.21,26.65,1.1,0.0,0,0.0,1.0,31.94,28.58,967.9,3.95,2.49,1.02,NASA POWER Daily API,40.1
20250831,Sorriso - MT,-12.5425,-55.7211,transporte,sol,10.56,5.76,338.42,17.54,1.1,0.0,0,0.0,1.0,31.89,27.31,968.6,3.7,2.12,1.08,NASA POWER Daily API,33.51
20250901,Sorriso - MT,-12.5425,-55.7211,proximidade_agua,sol,12.39,3.37,377.52,11.94,1.1,0.0,0,0.0,2.0,32.73,25.44,969.4,27.77,2.82,1.14,NASA POWER Daily API,29.06
20250902,Sorriso - MT,-12.5425,-55.7211,transporte,sol,6.36,5.57,218.1,25.52,1.1,0.0,0,0.0,1.0,32.72,26.21,968.9,38.97,4.84,1.14,NASA POWER Daily API,42.53
20250903,Sorriso - MT,-12.5425,-55.7211,campo,sol,13.73,6.8,279.27,3.01,1.1,0.0,0,0.0,0.0,31.52,27.94,968.9,9.47,11.55,1.08,NASA POWER Daily API,17.39
20250904,Sorriso - MT,-12.5425,-55.7211,proximidade_agua,sol,8.29,2.38,503.25,18.16,1.1,0.0,0,0.0,2.0,31.55,26.12,968.8,17.34,7.99,1.09,NASA POWER Daily API,34.05
20250905,Sorriso - MT,-12.5425,-55.7211,campo,sol,13.47,0.24,325.42,17.13,1.1,0.0,0,0.0,0.0,31.49,26.76,969.2,21.06,10.12,1.2,NASA POWER Daily API,28.07
20250906,Sorriso - MT,-12.5425,-55.7211,transporte,sol,5.0,7.22,442.2,20.15,2.1,0.0,0,0.0,1.0,30.71,28.27,969.7,16.96,4.19,1.15,NASA POWER Daily API,38.78
20250907,Sorriso - MT,-12.5425,-55.7211,campo,sol,8.56,4.28,357.0,8.13,1.1,0.0,0,0.0,0.0,31.53,27.61,969.4,61.71,3.03,1.06,NASA POWER Daily API,19.59
20250908,Sorriso - MT,-12.5425,-55.7211,transporte,sol,13.93,3.33,397.08,20.48,2.1,0.0,0,0.0,1.0,31.66,29.63,968.7,4.4,12.9,1.43,NASA POWER Daily API,37.79
20250909,Sorriso - MT,-12.5425,-55.7211,campo,sol,5.87,4.6,261.39,13.16,2.1,0.0,0,0.0,0.0,32.71,27.8,969.4,3.33,18.9,1.07,NASA POWER Daily API,28.37
20250910,Sorriso - MT,-12.5425,-55.7211,campo,sol,6.87,1.56,380.05,9.13,2.1,0.0,0,0.0,0.0,31.92,25.39,969.2,7.11,3.94,1.22,NASA POWER Daily API,19.63
20250911,Sorriso - MT,-12.5425,-55.7211,transporte,sol,5.54,2.0,288.29,20.24,2.1,0.0,0,0.0,1.0,32.26,22.42,969.2,46.75,3.62,1.18,NASA POWER Daily API,33.76
20250912,Sorriso - MT,-12.5425,-55.7211,manutencao,sol,9.0,6.66,378.9,6.46,1.1,0.0,0,0.0,3.0,32.04,22.85,967.6,11.71,1.87,1.31,NASA POWER Daily API,20.16
20250913,Sorriso - MT,-12.5425,-55.7211,campo,sol,12.72,4.39,379.91,8.62,1.1,0.0,0,0.0,0.0,32.51,24.98,966.5,6.74,4.43,1.38,NASA POWER Daily API,21.92
20250914,Sorriso - MT,-12.5425,-55.7211,campo,chuva,51.09,4.61,360.79,19.72,3.1,12.59,0,2.0,0.0,31.32,38.48,967.6,5.28,2.77,1.25,NASA POWER Daily API,67.94
20250915,Sorriso - MT,-12.5425,-55.7211,proximidade_agua,garoa,26.42,4.37,366.81,6.99,1.1,0.24,0,4.0,2.0,30.21,47.15,967.8,2.25,10.61,1.01,NASA POWER Daily API,33.85
20250916,Sorriso - MT,-12.5425,-55.7211,campo,garoa,45.31,5.24,349.41,10.09,1.1,2.46,0,4.0,0.0,28.36,57.47,968.2,7.11,4.94,1.27,NASA POWER Daily API,36.41
20250917,Sorriso - MT,-12.5425,-55.7211,proximidade_agua,garoa,45.6,3.39,412.46,8.12,1.1,0.05,0,4.0,2.0,31.04,48.35,966.6,8.53,6.85,1.01,NASA POWER Daily API,33.8
20250918,Sorriso - MT,-12.5425,-55.7211,campo,garoa,37.38,6.4,467.92,7.06,2.1,0.24,0,4.0,0.0,30.58,45.69,967.5,17.1,5.67,1.02,NASA POWER Daily API,31.5
20250919,Sorriso - MT,-12.5425,-55.7211,campo,garoa,55.72,8.42,478.94,13.99,1.1,3.41,0,4.0,0.0,29.33,58.45,969.1,8.09,4.98,0.76,NASA POWER Daily API,48.65
20250920,Sorriso - MT,-12.5425,-55.7211,transporte,garoa,61.31,2.98,316.01,10.71,1.1,4.35,0,4.0,1.0,29.22,60.39,968.9,20.28,3.49,0.88,NASA POWER Daily API,41.41
20250921,Sorriso - MT,-12.5425,-55.7211,campo,garoa,39.87,3.58,329.27,12.15,2.1,2.05,0,4.0,0.0,29.21,61.9,966.8,5.11,4.67,1.01,NASA POWER Daily API,37.37
20250922,Sorriso - MT,-12.5425,-55.7211,manutencao,garoa,49.09,10.72,286.01,8.7,2.1,3.21,0,4.0,3.0,30.56,59.44,967.7,27.47,6.69,0.69,NASA POWER Daily API,44.42
20250923,Sorriso - MT,-12.5425,-55.7211,transporte,garoa,66.29,0.25,291.93,21.04,1.1,4.12,0,4.0,1.0,28.74,67.86,969.5,10.04,4.62,0.53,NASA POWER Daily API,52.73
20250924,Sorriso - MT,-12.5425,-55.7211,campo,garoa,72.51,4.27,265.86,7.24,2.1,4.8,0,4.0,0.0,29.07,66.45,971.4,9.57,10.41,0.85,NASA POWER Daily API,44.36
20250925,Sorriso - MT,-12.5425,-55.7211,campo,garoa,68.33,0.25,498.94,6.91,5.1,3.38,0,4.0,0.0,28.03,70.62,971.0,6.05,7.19,1.21,NASA POWER Daily API,43.57
20250926,Sorriso - MT,-12.5425,-55.7211,transporte,garoa,64.31,0.23,358.17,12.71,2.1,3.19,0,4.0,1.0,30.08,60.26,969.0,3.81,2.77,0.8,NASA POWER Daily API,42.97
20250927,Sorriso - MT,-12.5425,-55.7211,campo,garoa,49.65,5.08,271.76,13.71,1.1,0.7,0,4.0,0.0,30.49,57.05,968.3,18.5,5.69,1.02,NASA POWER Daily API,40.4
20250928,Sorriso - MT,-12.5425,-55.7211,proximidade_agua,garoa,57.34,4.33,367.07,5.49,1.1,0.01,0,4.0,2.0,30.76,49.9,969.6,24.98,6.91,1.12,NASA POWER Daily API,34.99
20250929,Sorriso - MT,-12.5425,-55.7211,campo,sol,36.01,8.7,320.57,8.39,1.1,0.0,0,0.0,0.0,31.39,35.79,968.9,32.87,2.69,1.05,NASA POWER Daily API,32.79
20250930,Sorriso - MT,-12.5425,-55.7211,transporte,sol,49.73,6.51,277.69,14.13,1.1,0.0,0,0.0,1.0,30.17,39.65,968.8,8.1,7.39,1.14,NASA POWER Daily API,41.78
20251001,Sorriso - MT,-12.5425,-55.7211,transporte,sol,15.71,0.0,329.84,31.54,2.1,0.0,0,0.0,1.0,31.36,35.83,968.8,2.31,1.54,1.39,NASA POWER Daily API,54.65
20251002,Sorriso - MT,-12.5425,-55.7211,campo,sol,19.14,2.64,307.66,8.63,1.1,0.0,0,0.0,0.0,30.36,33.09,968.7,27.66,3.04,1.36,NASA POWER Daily API,21.67
20251003,Sorriso - MT,-12.5425,-55.7211,proximidade_agua,sol,14.22,5.76,267.59,12.4,2.1,0.0,0,0.0,2.0,30.91,33.54,967.9,35.2,2.91,0.76,NASA POWER Daily API,34.33
20251004,Sorriso - MT,-12.5425,-55.7211,campo,sol,15.98,4.49,330.01,21.57,1.1,0.0,0,0.0,0.0,32.03,30.17,966.2,8.97,4.12,1.39,NASA POWER Daily API,38.86
20251005,Sorriso - MT,-12.5425,-55.7211,proximidade_agua,garoa,14.75,2.62,160.77,10.27,1.1,0.38,0,4.0,2.0,32.89,27.24,966.3,14.95,4.95,1.27,NASA POWER Daily API,27.36
20251006,Sorriso - MT,-12.5425,-55.7211,campo,sol,6.5,1.79,311.1,5.33,1.1,0.0,0,0.0,0.0,32.22,29.86,966.3,1.58,9.06,1.17,NASA POWER Daily API,19.01
20251007,Sorriso - MT,-12.5425,-55.7211,transporte,garoa,11.79,4.6,367.01,17.14,1.1,0.49,0,4.0,1.0,32.09,30.35,965.9,14.8,2.95,1.13,NASA POWER Daily API,32.69
20251008,Sorriso - MT,-12.5425,-55.7211,campo,garoa,6.23,0.0,387.98,10.09,2.1,0.25,0,4.0,0.0,30.21,41.83,967.7,5.07,2.88,1.26,NASA POWER Daily API,19.23
20251009,Sorriso - MT,-12.5425,-55.7211,transporte,garoa,12.61,5.86,304.09,23.32,2.1,0.38,0,4.0,1.0,30.86,48.81,968.3,6.56,5.08,1.12,NASA POWER Daily API,43.96
20251010,Sorriso - MT,-12.5425,-55.7211,campo,garoa,24.09,0.0,405.12,19.11,1.1,0.53,0,4.0,0.0,29.71,53.97,969.2,4.37,3.31,0.64,NASA POWER Daily API,33.98
20251011,Sorriso - MT,-12.5425,-55.7211,transporte,garoa,23.27,3.33,255.18,12.34,1.1,0.03,0,4.0,1.0,29.0,49.82,967.4,0.35,4.69,0.66,NASA POWER Daily API,40.3
20251012,Sorriso - MT,-12.5425,-55.7211,campo,garoa,25.69,6.85,431.06,10.43,2.1,0.07,0,4.0,0.0,30.03,45.33,967.3,9.71,2.0,0.96,NASA POWER Daily API,32.52
20251013,Sorriso - MT,-12.5425,-55.7211,campo,chuva,42.85,5.1,188.58,6.71,1.1,9.4,0,2.0,0.0,30.75,45.06,966.4,19.49,4.54,0.73,NASA POWER Daily API,42.39
20251014,Sorriso - MT,-12.5425,-55.7211,proximidade_agua,chuva,81.72,5.0,311.32,5.27,2.1,15.15,1,2.0,2.0,29.28,64.29,967.3,11.14,23.25,0.56,NASA POWER Daily API,80.42
20251015,Sorriso - MT,-12.5425,-55.7211,campo,garoa,59.22,3.04,305.5,17.68,1.1,0.69,0,4.0,0.0,28.81,63.75,967.9,11.49,1.37,0.9,NASA POWER Daily API,46.08
20251016,Sorriso - MT,-12.5425,-55.7211,transporte,garoa,75.64,3.66,255.13,20.09,1.1,0.06,0,4.0,1.0,30.0,59.35,967.5,5.65,2.23,0.66,NASA POWER Daily API,54.07
20251017,Sorriso - MT,-12.5425,-55.7211,proximidade_agua,garoa,65.27,7.09,379.44,10.6,1.1,2.3,0,4.0,2.0,30.97,54.9,966.9,16.15,3.06,0.85,NASA POWER Daily API,48.83
20251018,Sorriso - MT,-12.5425,-55.7211,campo,garoa,69.92,2.61,338.82,11.1,1.1,1.33,0,4.0,0.0,31.03,53.67,967.5,25.54,3.51,0.51,NASA POWER Daily API,41.22
20251019,Sorriso - MT,-12.5425,-55.7211,transporte,garoa,65.4,0.63,410.7,23.13,1.1,0.07,0,4.0,1.0,29.86,57.01,968.5,3.61,2.2,0.8,NASA POWER Daily API,51.63
20251020,Sorriso - MT,-12.5425,-55.7211,transporte,garoa,67.9,6.03,382.26,21.21,1.1,4.45,0,4.0,1.0,28.46,63.39,968.7,4.08,8.35,0.89,NASA POWER Daily API,59.81
20251021,Sorriso - MT,-12.5425,-55.7211,campo,chuva,53.08,6.09,290.93,16.0,1.1,6.48,0,2.0,0.0,26.79,74.34,968.8,5.68,10.48,0.84,NASA POWER Daily API,55.34
20251022,Sorriso - MT,-12.5425,-55.7211,proximidade_agua,garoa,56.03,1.45,353.8,8.77,1.1,0.05,0,4.0,2.0,28.47,61.83,969.4,3.58,4.04,1.22,NASA POWER Daily API,35.71
20251023,Sorriso - MT,-12.5425,-55.7211,proximidade_agua,garoa,54.01,1.96,438.51,12.62,1.1,0.02,0,4.0,2.0,29.64,50.94,968.8,6.5,5.51,1.28,NASA POWER Daily API,40.42
20251024,Sorriso - MT,-12.5425,-55.7211,campo,garoa,41.33,0.0,185.44,18.78,1.1,0.05,0,4.0,0.0,29.5,51.14,968.0,8.9,4.35,1.23,NASA POWER Daily API,38.29
20251025,Sorriso - MT,-12.5425,-55.7211,campo,garoa,33.04,4.62,357.51,24.42,1.1,0.01,0,4.0,0.0,30.16,51.47,966.7,26.6,2.17,1.1,NASA POWER Daily API,47.66
20251026,Sorriso - MT,-12.5425,-55.7211,proximidade_agua,garoa,36.97,4.36,364.1,15.67,1.1,0.07,0,4.0,2.0,31.03,46.17,965.9,3.51,3.53,0.94,NASA POWER Daily API,41.69
20251027,Sorriso - MT,-12.5425,-55.7211,proximidade_agua,garoa,33.92,0.0,383.74,3.01,2.1,1.01,0,4.0,2.0,31.27,47.34,966.6,5.66,3.67,0.8,NASA POWER Daily API,23.41
20251028,Sorriso - MT,-12.5425,-55.7211,transporte,garoa,25.29,7.54,586.09,19.15,1.1,0.48,0,4.0,1.0,31.51,51.17,968.3,3.8,9.88,0.71,NASA POWER Daily API,42.26
20251029,Sorriso - MT,-12.5425,-55.7211,transporte,garoa,22.87,5.22,399.01,13.22,1.1,0.41,0,4.0,1.0,31.67,49.55,968.7,13.21,4.05,0.6,NASA POWER Daily API,31.62
20251030,Sorriso - MT,-12.5425,-55.7211,transporte,garoa,24.21,3.12,355.04,21.31,1.1,0.63,0,4.0,1.0,30.64,48.54,968.9,3.56,3.95,0.91,NASA POWER Daily API,40.14
20251031,Sorriso - MT,-12.5425,-55.7211,campo,garoa,25.87,2.24,212.14,11.78,1.1,0.76,0,4.0,0.0,30.32,54.55,968.3,1.13,2.75,0.65,NASA POWER Daily API,39.93
20251101,Sorriso - MT,-12.5425,-55.7211,transporte,garoa,31.68,0.0,333.31,22.17,1.1,0.47,0,4.0,1.0,30.25,51.35,967.9,4.86,5.99,1.0,NASA POWER Daily API,40.03
20251102,Sorriso - MT,-12.5425,-55.7211,manutencao,garoa,27.79,0.0,437.56,9.68,1.1,1.05,0,4.0,3.0,31.33,50.02,966.9,1.13,4.2,0.88,NASA POWER Daily API,35.8
20251103,Sorriso - MT,-12.5425,-55.7211,campo,garoa,26.28,3.06,294.44,9.66,2.1,1.89,0,4.0,0.0,31.36,54.52,966.6,4.61,3.52,0.58,NASA POWER Daily API,29.48
20251104,Sorriso - MT,-12.5425,-55.7211,transporte,garoa,40.48,5.37,251.38,25.34,1.1,1.88,0,4.0,1.0,28.19,68.92,968.7,0.55,5.19,0.8,NASA POWER Daily API,65.61
20251105,Sorriso - MT,-12.5425,-55.7211,campo,garoa,35.32,2.18,334.81,12.8,3.1,0.04,0,4.0,0.0,30.6,55.79,969.5,35.05,5.04,0.61,NASA POWER Daily API,35.59
20251106,Sorriso - MT,-12.5425,-55.7211,campo,chuva,95.11,1.93,238.23,8.53,2.1,18.92,1,2.0,0.0,30.97,57.78,967.4,63.97,4.85,0.33,NASA POWER Daily API,84.21
20251107,Sorriso - MT,-12.5425,-55.7211,proximidade_agua,garoa,63.23,0.0,336.63,2.76,2.1,0.42,0,4.0,2.0,28.39,67.03,965.9,3.66,5.74,0.96,NASA POWER Daily API,31.33
20251108,Sorriso - MT,-12.5425,-55.7211,transporte,garoa,75.6,9.48,473.4,15.45,3.1,3.95,0,4.0,1.0,28.85,67.75,967.1,7.71,4.82,0.57,NASA POWER Daily API,62.36
20251109,Sorriso - MT,-12.5425,-55.7211,proximidade_agua,garoa,77.51,7.72,377.18,5.22,2.1,2.39,0,4.0,2.0,27.0,76.8,969.1,6.32,8.18,0.54,NASA POWER Daily API,48.67
20251110,Sorriso - MT,-12.5425,-55.7211,campo,garoa,86.66,4.13,352.14,16.08,1.1,4.5,0,4.0,0.0,28.76,66.96,968.5,1.95,2.73,0.79,NASA POWER Daily API,63.07
20251111,Sorriso - MT,-12.5425,-55.7211,campo,garoa,87.62,7.87,345.53,19.35,2.1,2.65,0,4.0,0.0,26.74,77.07,968.5,5.53,3.16,0.56,NASA POWER Daily API,65.77
20251112,Sorriso - MT,-12.5425,-55.7211,proximidade_agua,garoa,73.51,1.89,437.6,6.31,2.1,2.37,0,4.0,2.0,26.76,72.74,968.4,7.98,9.42,0.88,NASA POWER Daily API,42.69
20251113,Sorriso - MT,-12.5425,-55.7211,campo,garoa,61.48,3.35,416.71,16.98,1.1,2.9,0,4.0,0.0,28.86,64.24,967.8,4.67,12.74,0.78,NASA POWER Daily API,48.31
20251114,Sorriso - MT,-12.5425,-55.7211,campo,garoa,69.79,4.34,495.29,7.82,2.1,2.99,0,4.0,0.0,28.98,64.92,968.3,2.52,5.28,0.83,NASA POWER Daily API,48.62
20251115,Sorriso - MT,-12.5425,-55.7211,campo,garoa,46.55,4.79,443.0,11.79,3.1,0.78,0,4.0,0.0,29.6,61.74,966.8,7.89,4.25,0.99,NASA POWER Daily API,41.14
20251116,Sorriso - MT,-12.5425,-55.7211,transporte,sol,48.46,8.55,367.86,25.05,2.1,0.0,0,0.0,1.0,31.08,52.28,965.6,9.59,3.92,0.92,NASA POWER Daily API,59.34
20251117,Sorriso - MT,-12.5425,-55.7211,transporte,garoa,44.29,0.13,381.17,11.89,1.1,0.87,0,4.0,1.0,30.98,54.88,966.9,1.66,7.18,0.78,NASA POWER Daily API,37.48
20251118,Sorriso - MT,-12.5425,-55.7211,transporte,garoa,42.76,7.1,312.67,19.32,1.1,1.53,0,4.0,1.0,29.17,61.97,968.4,11.97,8.79,0.69,NASA POWER Daily API,48.25
20251119,Sorriso - MT,-12.5425,-55.7211,campo,garoa,35.8,7.37,262.11,8.61,2.1,0.37,0,4.0,0.0,30.15,55.42,966.7,2.43,8.09,0.83,NASA POWER Daily API,40.11
20251120,Sorriso - MT,-12.5425,-55.7211,campo,garoa,28.05,7.01,271.77,22.28,2.1,0.05,0,4.0,0.0,30.96,49.47,964.4,32.0,5.46,0.82,NASA POWER Daily API,48.19
20251121,Sorriso - MT,-12.5425,-55.7211,campo,garoa,22.92,2.08,373.72,16.83,2.1,0.31,0,4.0,0.0,29.19,62.69,965.9,20.25,6.43,0.76,NASA POWER Daily API,34.91
20251122,Sorriso - MT,-12.5425,-55.7211,transporte,chuva,66.49,0.82,366.66,18.96,1.1,7.09,0,2.0,1.0,25.06,87.39,967.8,2.58,1.71,0.84,NASA POWER Daily API,64.63
20251123,Sorriso - MT,-12.5425,-55.7211,campo,garoa,52.65,0.0,265.18,13.87,2.1,0.07,0,4.0,0.0,25.25,77.39,967.3,7.99,5.79,0.38,NASA POWER Daily API,37.71
20251124,Sorriso - MT,-12.5425,-55.7211,transporte,garoa,48.19,4.78,231.78,19.74,1.1,1.9,0,4.0,1.0,28.35,66.99,965.7,8.31,7.37,0.52,NASA POWER Daily API,48.32
20251125,Sorriso - MT,-12.5425,-55.7211,campo,garoa,51.97,6.03,417.17,13.7,2.1,0.97,0,4.0,0.0,28.16,70.97,966.3,1.52,3.2,0.72,NASA POWER Daily API,50.48
20251126,Sorriso - MT,-12.5425,-55.7211,proximidade_agua,garoa,44.27,4.64,271.41,16.94,1.1,0.81,0,4.0,2.0,29.28,63.27,966.8,7.34,3.42,0.57,NASA POWER Daily API,46.46
20251127,Sorriso - MT,-12.5425,-55.7211,campo,chuva,92.64,3.59,332.61,17.17,2.1,18.97,1,2.0,0.0,28.7,68.0,967.0,16.03,4.51,0.61,NASA POWER Daily API,96.06
20251128,Sorriso - MT,-12.5425,-55.7211,campo,garoa,71.54,0.0,350.37,10.84,1.1,1.0,0,4.0,0.0,28.12,69.59,967.2,8.3,5.56,0.69,NASA POWER Daily API,38.33
20251129,Sorriso - MT,-12.5425,-55.7211,campo,garoa,60.01,4.19,253.21,9.27,1.1,0.06,0,4.0,0.0,29.94,61.16,965.1,7.22,3.81,0.76,NASA POWER Daily API,36.41
20251130,Sorriso - MT,-12.5425,-55.7211,proximidade_agua,sol,55.42,3.08,512.19,10.55,2.1,0.0,0,0.0,2.0,30.03,56.58,965.2,3.59,4.94,0.85,NASA POWER Daily API,41.56
20251201,Sorriso - MT,-12.5425,-55.7211,transporte,chuva,87.67,0.0,366.66,15.22,1.1,5.83,1,2.0,1.0,27.95,69.46,965.8,9.76,9.87,0.55,NASA POWER Daily API,73.73
20251202,Sorriso - MT,-12.5425,-55.7211,proximidade_agua,tempestade,100.0,12.83,387.21,0.89,1.1,38.6,1,3.0,2.0,26.74,79.43,966.0,13.45,6.86,0.88,NASA POWER Daily API,100.0
20251203,Sorriso - MT,-12.5425,-55.7211,proximidade_agua,tempestade,100.0,6.28,267.96,13.57,2.1,32.65,1,3.0,2.0,24.17,95.43,967.3,7.67,5.11,0.54,NASA POWER Daily API,100.0
20251204,Sorriso - MT,-12.5425,-55.7211,campo,chuva,100.0,0.0,470.07,16.16,1.1,9.52,1,2.0,0.0,24.7,91.5,966.4,17.21,4.93,0.63,NASA POWER Daily API,83.54
20251205,Sorriso - MT,-12.5425,-55.7211,proximidade_agua,chuva,100.0,0.0,339.04,6.22,1.1,17.78,1,2.0,2.0,23.3,96.99,966.1,2.02,6.33,1.07,NASA POWER Daily API,90.17
20251206,Sorriso - MT,-12.5425,-55.7211,transporte,chuva,100.0,2.77,568.57,14.14,1.1,5.82,1,2.0,1.0,23.68,91.02,967.5,9.31,14.98,0.91,NASA POWER Daily API,80.3
20251207,Sorriso - MT,-12.5425,-55.7211,campo,garoa,100.0,5.12,250.04,7.55,1.1,4.54,0,4.0,0.0,24.18,91.91,967.9,18.35,5.63,0.94,NASA POWER Daily API,53.01
20251208,Sorriso - MT,-12.5425,-55.7211,campo,garoa,100.0,0.0,229.86,0.47,2.1,2.45,0,4.0,0.0,24.52,87.37,968.1,18.5,4.66,0.74,NASA POWER Daily API,37.95
20251209,Sorriso - MT,-12.5425,-55.7211,transporte,garoa,100.0,4.81,362.4,20.31,2.1,1.73,0,4.0,1.0,25.31,80.62,967.9,6.92,5.52,1.01,NASA POWER Daily API,66.6
20251210,Sorriso - MT,-12.5425,-55.7211,campo,garoa,100.0,1.79,470.05,11.51,1.1,1.46,0,4.0,0.0,25.49,82.72,967.9,12.21,4.22,0.75,NASA POWER Daily API,50.02
20251211,Sorriso - MT,-12.5425,-55.7211,proximidade_agua,garoa,86.46,7.79,240.74,0.0,1.1,0.37,0,4.0,2.0,26.51,77.7,966.8,16.34,5.8,0.88,NASA POWER Daily API,40.83
20251212,Sorriso - MT,-12.5425,-55.7211,manutencao,garoa,64.41,0.0,363.91,13.69,1.1,1.98,0,4.0,3.0,27.28,74.91,965.8,2.13,4.12,0.79,NASA POWER Daily API,46.68
20251213,Sorriso - MT,-12.5425,-55.7211,campo,garoa,67.82,0.0,370.7,7.53,1.1,2.32,0,4.0,0.0,26.74,80.05,966.9,12.92,4.36,0.55,NASA POWER Daily API,34.33
20251214,Sorriso - MT,-12.5425,-55.7211,proximidade_agua,garoa,56.09,2.97,226.34,14.3,1.1,0.96,0,4.0,2.0,27.39,76.21,966.9,12.62,3.39,0.4,NASA POWER Daily API,45.1
20251215,Sorriso - MT,-12.5425,-55.7211,transporte,garoa,66.98,3.11,348.03,13.69,3.1,4.27,0,4.0,1.0,27.0,77.19,967.2,5.35,6.08,0.68,NASA POWER Daily API,51.19
20251216,Sorriso - MT,-12.5425,-55.7211,transporte,chuva,74.08,0.45,355.94,10.59,1.1,8.88,0,2.0,1.0,26.25,83.59,967.3,5.67,5.47,0.62,NASA POWER Daily API,51.23
20251217,Sorriso - MT,-12.5425,-55.7211,campo,chuva,79.41,2.54,358.45,2.92,1.1,5.56,1,2.0,0.0,26.94,78.88,965.8,5.1,10.55,0.46,NASA POWER Daily API,58.29
20251218,Sorriso - MT,-12.5425,-55.7211,proximidade_agua,chuva,93.4,0.54,245.97,8.44,1.1,6.72,1,2.0,2.0,24.6,92.38,966.3,9.01,12.68,0.55,NASA POWER Daily API,74.01
20251219,Sorriso - MT,-12.5425,-55.7211,campo,chuva,98.86,0.0,357.94,17.86,2.1,6.29,1,2.0,0.0,25.27,89.86,966.3,29.05,3.39,0.66,NASA POWER Daily API,84.04
20251220,Sorriso - MT,-12.5425,-55.7211,campo,chuva,100.0,4.24,406.87,3.21,1.1,6.76,1,2.0,0.0,24.58,88.83,967.1,12.08,2.39,0.72,NASA POWER Daily API,68.59
20251221,Sorriso - MT,-12.5425,-55.7211,transporte,chuva,100.0,2.53,434.51,19.35,1.1,8.75,1,2.0,1.0,24.26,92.67,966.6,6.28,5.82,0.82,NASA POWER Daily API,89.71
20251222,Sorriso - MT,-12.5425,-55.7211,transporte,chuva,100.0,2.15,445.35,20.46,1.1,12.51,1,2.0,1.0,24.82,92.09,966.6,8.06,6.52,0.85,NASA POWER Daily API,94.14
20251223,Sorriso - MT,-12.5425,-55.7211,proximidade_agua,chuva,100.0,8.75,358.7,7.55,3.1,6.88,1,2.0,2.0,24.3,90.04,967.7,25.63,3.08,1.03,NASA POWER Daily API,87.43
20251224,Sorriso - MT,-12.5425,-55.7211,campo,garoa,100.0,9.37,323.87,9.47,1.1,0.57,0,4.0,0.0,25.17,80.93,967.6,3.11,6.62,0.97,NASA POWER Daily API,54.58
20251225,Sorriso - MT,-12.5425,-55.7211,campo,garoa,94.54,1.59,498.09,24.12,2.1,0.11,0,4.0,0.0,25.68,78.07,967.9,39.76,16.74,0.94,NASA POWER Daily API,64.94
20251226,Sorriso - MT,-12.5425,-55.7211,campo,tempestade,100.0,9.37,258.04,2.92,1.1,37.08,1,3.0,0.0,24.81,83.38,968.8,6.52,1.66,0.9,NASA POWER Daily API,100.0
20251227,Sorriso - MT,-12.5425,-55.7211,campo,chuva,100.0,0.0,430.31,10.68,1.1,11.21,1,2.0,0.0,25.18,89.79,968.5,11.52,4.42,0.79,NASA POWER Daily API,77.92
20251228,Sorriso - MT,-12.5425,-55.7211,proximidade_agua,garoa,100.0,2.48,196.87,10.06,3.1,2.37,0,4.0,2.0,25.46,90.47,968.4,2.03,5.71,0.66,NASA POWER Daily API,65.3
20251229,Sorriso - MT,-12.5425,-55.7211,campo,garoa,100.0,3.97,284.55,14.57,1.1,0.73,0,4.0,0.0,25.89,84.13,968.3,2.66,7.18,0.69,NASA POWER Daily API,61.44
20251230,Sorriso - MT,-12.5425,-55.7211,proximidade_agua,garoa,100.0,2.84,175.15,14.65,2.1,0.15,0,4.0,2.0,25.49,83.16,969.9,54.86,5.38,0.53,NASA POWER Daily API,59.95
20251231,Sorriso - MT,-12.5425,-55.7211,transporte,garoa,100.0,4.13,539.8,15.2,3.1,0.04,0,4.0,1.0,26.6,77.1,970.4,4.27,6.28,0.65,NASA POWER Daily API,60.04
20240101,Londrina - PR,-23.3045,-51.1696,campo,sol,28.13,10.26,300.53,13.39,2.9,0.0,0,0.0,0.0,26.77,57.7,940.4,5.35,19.82,2.59,NASA POWER Daily API,43.94
20240102,Londrina - PR,-23.3045,-51.1696,manutencao,garoa,28.87,2.2,191.29,6.62,1.9,0.74,0,4.0,3.0,27.01,58.58,938.8,14.39,10.8,2.54,NASA POWER Daily API,25.52
20240103,Londrina - PR,-23.3045,-51.1696,campo,garoa,27.05,3.98,109.7,13.34,1.9,0.16,0,4.0,0.0,26.85,61.52,938.3,9.44,3.69,2.82,NASA POWER Daily API,34.73
20240104,Londrina - PR,-23.3045,-51.1696,transporte,garoa,19.15,5.11,88.45,18.03,1.9,0.25,0,4.0,1.0,27.28,58.32,939.2,5.62,5.24,2.73,NASA POWER Daily API,39.89
20240105,Londrina - PR,-23.3045,-51.1696,campo,garoa,27.08,8.22,201.31,6.81,3.9,0.83,0,4.0,0.0,26.75,59.29,939.3,24.96,15.68,2.6,NASA POWER Daily API,35.94
20240106,Londrina - PR,-23.3045,-51.1696,transporte,garoa,24.18,6.8,170.33,17.16,2.9,0.01,0,4.0,1.0,27.83,55.13,939.2,2.42,9.01,2.78,NASA POWER Daily API,49.54
20240107,Londrina - PR,-23.3045,-51.1696,proximidade_agua,garoa,23.78,10.68,231.63,6.36,1.9,0.27,0,4.0,2.0,29.68,50.31,939.1,4.86,1.65,2.65,NASA POWER Daily API,36.1
20240108,Londrina - PR,-23.3045,-51.1696,campo,garoa,14.77,4.34,232.93,9.89,2.9,0.27,0,4.0,0.0,31.38,49.18,938.9,16.7,1.95,1.84,NASA POWER Daily API,29.32
20240109,Londrina - PR,-23.3045,-51.1696,campo,chuva,41.93,11.9,108.56,19.85,1.9,6.77,0,2.0,0.0,29.88,58.58,940.6,1.34,5.07,2.43,NASA POWER Daily API,78.26
20240110,Londrina - PR,-23.3045,-51.1696,campo,garoa,45.42,10.72,248.89,8.21,1.9,0.83,0,4.0,0.0,28.61,62.79,940.3,8.07,3.35,2.84,NASA POWER Daily API,41.4
20240111,Londrina - PR,-23.3045,-51.1696,transporte,chuva,55.89,11.53,136.24,15.78,1.9,5.78,0,2.0,1.0,28.3,66.19,939.1,44.79,3.48,2.74,NASA POWER Daily API,64.14
20240112,Londrina - PR,-23.3045,-51.1696,campo,chuva,60.66,8.62,202.31,16.94,2.9,5.06,0,2.0,0.0,26.57,75.19,939.0,4.44,12.11,2.57,NASA POWER Daily API,65.44
20240113,Londrina - PR,-23.3045,-51.1696,transporte,garoa,55.49,1.05,42.72,21.31,3.9,3.05,0,4.0,1.0,26.35,70.91,941.3,8.04,11.59,3.75,NASA POWER Daily API,71.16
20240114,Londrina - PR,-23.3045,-51.1696,campo,garoa,64.21,6.2,401.61,12.64,1.9,0.1,0,4.0,0.0,27.53,64.94,942.3,8.0,3.94,2.84,NASA POWER Daily API,46.99
20240115,Londrina - PR,-23.3045,-51.1696,campo,garoa,60.29,0.59,167.23,15.57,4.9,0.86,0,4.0,0.0,27.23,72.55,942.1,13.73,5.01,2.72,NASA POWER Daily API,50.77
20240116,Londrina - PR,-23.3045,-51.1696,transporte,garoa,47.75,2.68,169.63,21.23,1.9,0.67,0,4.0,1.0,27.97,68.43,941.2,5.23,7.46,3.27,NASA POWER Daily API,49.71
20240117,Londrina - PR,-23.3045,-51.1696,transporte,chuva,67.55,7.99,162.33,17.62,2.9,6.73,0,2.0,1.0,28.76,64.56,941.8,17.63,7.8,2.93,NASA POWER Daily API,69.08
20240118,Londrina - PR,-23.3045,-51.1696,campo,chuva,68.16,8.25,285.72,18.87,2.9,7.39,0,2.0,0.0,28.6,68.2,940.7,10.98,8.17,2.99,NASA POWER Daily API,71.8
20240119,Londrina - PR,-23.3045,-51.1696,transporte,garoa,71.84,9.63,80.15,5.46,1.9,4.49,0,4.0,1.0,26.32,77.77,940.4,7.05,10.94,2.86,NASA POWER Daily API,51.17
20240120,Londrina - PR,-23.3045,-51.1696,campo,chuva,100.0,9.23,267.85,5.99,2.9,23.48,1,2.0,0.0,24.72,84.92,939.1,7.51,7.16,2.88,NASA POWER Daily API,97.68
20240121,Londrina - PR,-23.3045,-51.1696,transporte,garoa,100.0,3.54,21.03,17.84,2.9,2.59,0,4.0,1.0,26.07,75.62,940.2,9.3,4.93,2.41,NASA POWER Daily API,86.79
20240122,Londrina - PR,-23.3045,-51.1696,campo,garoa,100.0,9.5,251.94,9.83,2.9,4.72,0,4.0,0.0,21.8,81.24,941.7,8.77,4.6,5.09,NASA POWER Daily API,64.26
20240123,Londrina - PR,-23.3045,-51.1696,manutencao,chuva,100.0,9.78,146.75,0.0,2.9,11.58,1,2.0,3.0,21.17,81.99,940.3,8.53,5.43,4.73,NASA POWER Daily API,79.38
20240124,Londrina - PR,-23.3045,-51.1696,campo,garoa,100.0,3.4,10.29,11.39,1.9,1.13,0,4.0,0.0,22.44,72.13,939.3,20.61,1.49,3.35,NASA POWER Daily API,78.33
20240125,Londrina - PR,-23.3045,-51.1696,transporte,garoa,100.0,6.41,179.77,20.46,1.9,3.84,0,4.0,1.0,19.96,77.66,940.6,5.01,2.84,3.56,NASA POWER Daily API,71.4
20240126,Londrina - PR,-23.3045,-51.1696,transporte,chuva,100.0,9.66,146.7,18.22,1.9,6.63,1,2.0,1.0,20.01,73.09,941.5,28.77,5.68,2.82,NASA POWER Daily API,95.1
20240127,Londrina - PR,-23.3045,-51.1696,proximidade_agua,garoa,77.9,6.53,383.74,1.93,2.9,1.22,0,4.0,2.0,21.42,69.85,940.9,31.91,7.0,2.32,NASA POWER Daily API,45.37
20240128,Londrina - PR,-23.3045,-51.1696,proximidade_agua,garoa,85.49,7.74,244.17,14.03,2.9,3.3,0,4.0,2.0,23.04,64.29,941.0,4.01,6.35,2.51,NASA POWER Daily API,66.01
20240129,Londrina - PR,-23.3045,-51.1696,campo,garoa,69.93,3.9,223.21,8.5,1.9,0.93,0,4.0,0.0,24.36,62.9,940.8,2.57,3.62,2.8,NASA POWER Daily API,48.01
20240130,Londrina - PR,-23.3045,-51.1696,transporte,garoa,51.96,6.48,211.48,21.02,1.9,0.04,0,4.0,1.0,26.08,57.57,940.2,1.21,2.66,2.7,NASA POWER Daily API,66.18
20240131,Londrina - PR,-23.3045,-51.1696,transporte,garoa,52.02,10.13,48.76,16.73,1.9,1.13,0,4.0,1.0,27.09,55.72,940.7,8.66,5.05,2.26,NASA POWER Daily API,66.04
20240201,Londrina - PR,-23.3045,-51.1696,transporte,garoa,52.75,11.39,323.75,13.68,1.9,2.42,0,4.0,1.0,26.3,63.66,943.2,15.77,6.83,1.84,NASA POWER Daily API,52.44
20240202,Londrina - PR,-23.3045,-51.1696,transporte,garoa,42.39,1.93,178.37,12.39,1.9,0.33,0,4.0,1.0,26.15,62.56,944.2,2.56,5.42,2.93,NASA POWER Daily API,41.74
20240203,Londrina - PR,-23.3045,-51.1696,campo,garoa,42.1,4.98,162.12,17.24,2.9,0.66,0,4.0,0.0,25.89,65.32,944.1,4.35,8.68,3.47,NASA POWER Daily API,47.38
20240204,Londrina - PR,-23.3045,-51.1696,campo,garoa,44.07,7.02,159.51,17.73,2.9,4.46,0,4.0,0.0,25.86,67.15,943.9,11.87,13.23,1.97,NASA POWER Daily API,54.35
20240205,Londrina - PR,-23.3045,-51.1696,campo,garoa,33.53,6.14,177.39,11.89,1.9,0.2,0,4.0,0.0,27.8,58.42,943.2,5.33,2.99,1.4,NASA POWER Daily API,36.82
20240206,Londrina - PR,-23.3045,-51.1696,campo,garoa,35.61,4.43,83.97,14.71,2.9,0.36,0,4.0,0.0,27.28,62.07,943.7,3.5,2.49,1.5,NASA POWER Daily API,43.25
20240207,Londrina - PR,-23.3045,-51.1696,campo,garoa,40.93,7.67,37.0,14.07,4.9,0.74,0,4.0,0.0,27.29,64.1,942.0,10.04,5.9,1.49,NASA POWER Daily API,66.32
20240208,Londrina - PR,-23.3045,-51.1696,proximidade_agua,garoa,35.72,10.91,346.85,12.75,3.9,0.33,0,4.0,2.0,27.71,63.49,940.9,7.03,7.71,1.52,NASA POWER Daily API,52.14
20240209,Londrina - PR,-23.3045,-51.1696,campo,garoa,31.92,4.39,210.31,12.97,2.9,0.44,0,4.0,0.0,28.64,59.51,941.3,2.49,3.92,2.35,NASA POWER Daily API,44.36
20240210,Londrina - PR,-23.3045,-51.1696,proximidade_agua,garoa,36.12,4.44,238.68,7.79,1.9,0.73,0,4.0,2.0,28.58,59.35,942.8,39.64,6.12,4.12,NASA POWER Daily API,35.22
20240211,Londrina - PR,-23.3045,-51.1696,campo,garoa,24.61,3.22,174.4,13.38,1.9,0.03,0,4.0,0.0,28.76,55.03,942.8,2.02,3.73,4.06,NASA POWER Daily API,38.81
20240212,Londrina - PR,-23.3045,-51.1696,campo,garoa,28.9,7.58,169.6,14.43,1.9,0.4,0,4.0,0.0,29.16,56.2,943.2,7.07,2.85,3.6,NASA POWER Daily API,40.31
20240213,Londrina - PR,-23.3045,-51.1696,transporte,garoa,28.68,3.16,166.82,18.78,1.9,0.4,0,4.0,1.0,29.59,55.14,943.6,10.0,3.33,3.17,NASA POWER Daily API,41.01
20240214,Londrina - PR,-23.3045,-51.1696,proximidade_agua,chuva,91.96,4.68,82.87,2.45,3.9,21.98,1,2.0,2.0,27.36,73.29,942.8,28.52,2.72,2.34,NASA POWER Daily API,92.67
20240215,Londrina - PR,-23.3045,-51.1696,manutencao,chuva,100.0,0.0,151.75,4.4,2.9,13.37,1,2.0,3.0,25.31,80.96,942.8,12.62,4.67,2.58,NASA POWER Daily API,76.14
20240216,Londrina - PR,-23.3045,-51.1696,transporte,garoa,94.66,11.9,165.26,22.7,2.9,3.16,0,4.0,1.0,25.92,76.94,941.1,2.18,2.63,2.76,NASA POWER Daily API,85.83
20240217,Londrina - PR,-23.3045,-51.1696,campo,garoa,87.91,1.45,250.89,3.95,2.9,0.1,0,4.0,0.0,26.65,61.72,939.5,80.0,7.76,2.08,NASA POWER Daily API,40.6
20240218,Londrina - PR,-23.3045,-51.1696,campo,garoa,97.48,9.94,300.86,10.46,1.9,3.56,0,4.0,0.0,25.6,65.13,938.7,3.36,7.14,1.84,NASA POWER Daily API,61.71
20240219,Londrina - PR,-23.3045,-51.1696,manutencao,chuva,100.0,5.73,76.86,7.43,1.9,10.39,1,2.0,3.0,25.0,74.58,936.7,2.11,9.19,1.86,NASA POWER Daily API,91.33
20240220,Londrina - PR,-23.3045,-51.1696,campo,chuva,100.0,8.38,262.52,8.82,3.9,10.81,1,2.0,0.0,23.62,79.02,935.1,6.93,4.22,1.7,NASA POWER Daily API,90.72
20240221,Londrina - PR,-23.3045,-51.1696,transporte,garoa,100.0,7.24,157.1,27.39,1.9,2.95,0,4.0,1.0,23.4,76.21,936.2,22.77,3.76,2.49,NASA POWER Daily API,80.39
20240222,Londrina - PR,-23.3045,-51.1696,campo,garoa,78.8,10.09,186.54,3.48,1.9,3.5,0,4.0,0.0,24.5,74.33,937.5,5.36,4.4,2.45,NASA POWER Daily API,47.57
20240223,Londrina - PR,-23.3045,-51.1696,proximidade_agua,garoa,92.18,8.61,175.92,5.66,1.9,3.78,0,4.0,2.0,26.26,75.57,941.1,2.36,3.33,2.35,NASA POWER Daily API,62.77
20240224,Londrina - PR,-23.3045,-51.1696,proximidade_agua,chuva,100.0,3.52,276.18,8.3,3.9,20.17,1,2.0,2.0,26.51,77.22,944.6,5.81,4.74,2.01,NASA POWER Daily API,97.2
20240225,Londrina - PR,-23.3045,-51.1696,transporte,chuva,100.0,4.03,247.11,9.86,1.9,13.26,1,2.0,1.0,25.6,80.28,945.9,2.5,3.09,2.27,NASA POWER Daily API,90.73
20240226,Londrina - PR,-23.3045,-51.1696,campo,garoa,100.0,4.38,223.38,9.73,1.9,1.3,0,4.0,0.0,26.0,77.29,944.3,28.73,7.1,2.94,NASA POWER Daily API,53.18
20240227,Londrina - PR,-23.3045,-51.1696,transporte,garoa,100.0,8.7,233.97,19.05,2.9,0.4,0,4.0,1.0,26.47,76.76,941.4,6.77,3.55,2.55,NASA POWER Daily API,70.86
20240228,Londrina - PR,-23.3045,-51.1696,proximidade_agua,garoa,100.0,0.34,109.8,5.7,2.9,1.1,0,4.0,2.0,26.27,78.53,941.0,80.0,1.28,2.23,NASA POWER Daily API,50.09
20240229,Londrina - PR,-23.3045,-51.1696,transporte,chuva,100.0,6.42,226.15,18.5,2.9,9.79,1,2.0,1.0,25.31,81.08,942.1,12.54,6.38,2.11,NASA POWER Daily API,97.15
20240301,Londrina - PR,-23.3045,-51.1696,campo,garoa,100.0,16.02,210.56,15.26,1.9,1.43,1,4.0,0.0,26.01,77.37,941.4,8.85,5.47,2.42,NASA POWER Daily API,88.64
20240302,Londrina - PR,-23.3045,-51.1696,campo,garoa,69.16,4.65,128.96,7.16,2.9,0.19,0,4.0,0.0,26.1,71.38,941.5,8.36,2.59,2.42,NASA POWER Daily API,42.29
20240303,Londrina - PR,-23.3045,-51.1696,transporte,garoa,49.08,2.47,205.88,25.07,1.9,0.16,0,4.0,1.0,26.39,67.94,940.7,7.94,3.91,2.45,NASA POWER Daily API,54.24
20240304,Londrina - PR,-23.3045,-51.1696,transporte,garoa,48.35,4.88,111.29,11.67,1.9,0.34,0,4.0,1.0,27.04,62.6,940.5,20.36,7.31,2.93,NASA POWER Daily API,39.99
20240305,Londrina - PR,-23.3045,-51.1696,campo,garoa,51.4,9.72,86.28,14.96,3.9,1.93,0,4.0,0.0,25.59,70.92,941.1,4.18,4.6,2.29,NASA POWER Daily API,56.98
20240306,Londrina - PR,-23.3045,-51.1696,transporte,garoa,59.72,7.86,182.21,16.55,1.9,2.63,0,4.0,1.0,25.46,75.04,941.8,10.26,4.54,2.37,NASA POWER Daily API,54.71
20240307,Londrina - PR,-23.3045,-51.1696,transporte,garoa,38.01,5.09,62.51,14.94,1.9,2.52,0,4.0,1.0,25.77,73.43,943.9,6.43,3.43,3.12,NASA POWER Daily API,51.28
20240308,Londrina - PR,-23.3045,-51.1696,transporte,garoa,45.19,10.87,166.18,15.71,1.9,2.75,0,4.0,1.0,25.51,77.57,943.2,4.81,3.18,2.87,NASA POWER Daily API,52.48
20240309,Londrina - PR,-23.3045,-51.1696,campo,garoa,42.16,6.22,196.16,18.09,1.9,2.04,0,4.0,0.0,26.56,76.25,941.2,80.0,7.52,2.48,NASA POWER Daily API,49.13
20240310,Londrina - PR,-23.3045,-51.1696,campo,garoa,45.11,7.76,82.77,14.36,2.9,0.88,0,4.0,0.0,27.5,74.42,941.0,2.96,7.91,2.52,NASA POWER Daily API,56.2
20240311,Londrina - PR,-23.3045,-51.1696,transporte,garoa,53.25,10.44,151.83,12.67,1.9,0.1,0,4.0,1.0,26.91,66.7,943.1,4.66,2.15,3.07,NASA POWER Daily API,48.14
20240312,Londrina - PR,-23.3045,-51.1696,transporte,sol,35.61,2.29,204.23,18.69,1.9,0.0,0,0.0,1.0,26.68,55.02,943.5,5.15,4.04,2.15,NASA POWER Daily API,41.69
20240313,Londrina - PR,-23.3045,-51.1696,transporte,sol,35.73,7.74,203.12,19.74,1.9,0.0,0,0.0,1.0,27.35,52.1,942.5,16.3,4.06,1.9,NASA POWER Daily API,48.83
20240314,Londrina - PR,-23.3045,-51.1696,proximidade_agua,garoa,32.46,11.44,122.41,18.82,2.9,0.02,0,4.0,2.0,29.49,47.71,941.2,12.34,6.31,1.61,NASA POWER Daily API,56.84
20240315,Londrina - PR,-23.3045,-51.1696,campo,garoa,33.19,7.81,355.59,11.75,1.9,0.05,0,4.0,0.0,29.38,57.76,939.3,4.37,6.42,2.29,NASA POWER Daily API,38.43
20240316,Londrina - PR,-23.3045,-51.1696,campo,garoa,35.62,4.28,274.24,20.42,1.9,2.45,0,4.0,0.0,29.36,63.9,938.4,41.27,7.98,2.99,NASA POWER Daily API,48.63
20240317,Londrina - PR,-23.3045,-51.1696,campo,tempestade,100.0,7.44,251.6,5.78,1.9,35.54,1,3.0,0.0,27.4,77.93,940.0,26.16,7.77,1.91,NASA POWER Daily API,100.0
20240318,Londrina - PR,-23.3045,-51.1696,proximidade_agua,garoa,97.74,9.42,241.58,11.12,2.9,2.12,0,4.0,2.0,26.49,77.24,940.5,3.93,6.38,2.27,NASA POWER Daily API,66.73
20240319,Londrina - PR,-23.3045,-51.1696,campo,chuva,100.0,4.84,167.15,5.88,3.9,6.93,1,2.0,0.0,26.67,77.5,940.1,8.12,14.15,1.83,NASA POWER Daily API,79.29
20240320,Londrina - PR,-23.3045,-51.1696,campo,garoa,100.0,3.83,150.48,6.57,1.9,0.62,0,4.0,0.0,25.46,83.13,938.3,2.42,5.19,1.94,NASA POWER Daily API,54.43
20240321,Londrina - PR,-23.3045,-51.1696,proximidade_agua,chuva,100.0,8.31,48.35,6.38,2.9,16.5,1,2.0,2.0,26.15,82.49,939.2,12.07,4.81,2.46,NASA POWER Daily API,100.0
20240322,Londrina - PR,-23.3045,-51.1696,proximidade_agua,garoa,100.0,12.29,203.21,7.41,1.9,0.91,1,4.0,2.0,23.56,81.06,942.8,7.75,5.61,4.64,NASA POWER Daily API,78.32
20240323,Londrina - PR,-23.3045,-51.1696,campo,garoa,100.0,10.19,14.22,14.15,1.9,0.01,0,4.0,0.0,20.04,74.86,945.6,1.21,2.9,5.13,NASA POWER Daily API,98.22
20240324,Londrina - PR,-23.3045,-51.1696,transporte,garoa,79.09,9.37,248.68,11.91,1.9,1.07,0,4.0,1.0,21.47,80.76,943.6,14.76,5.59,3.85,NASA POWER Daily API,54.7
20240325,Londrina - PR,-23.3045,-51.1696,campo,garoa,63.4,3.83,296.11,10.73,1.9,0.09,0,4.0,0.0,23.51,77.33,941.6,2.19,11.71,2.14,NASA POWER Daily API,47.91
20240326,Londrina - PR,-23.3045,-51.1696,campo,garoa,65.27,6.05,189.83,14.67,1.9,0.07,0,4.0,0.0,24.24,73.86,941.9,15.82,4.28,2.7,NASA POWER Daily API,49.69
20240327,Londrina - PR,-23.3045,-51.1696,campo,sol,45.12,5.92,287.4,15.13,2.9,0.0,0,0.0,0.0,23.94,70.09,943.9,36.32,5.8,3.39,NASA POWER Daily API,46.03
20240328,Londrina - PR,-23.3045,-51.1696,campo,garoa,38.11,9.95,233.52,10.18,1.9,0.06,0,4.0,0.0,23.81,72.27,945.1,27.76,6.44,2.46,NASA POWER Daily API,39.79
20240329,Londrina - PR,-23.3045,-51.1696,campo,garoa,26.98,4.84,115.88,2.49,1.9,0.06,0,4.0,0.0,24.49,66.56,944.7,3.21,3.18,2.06,NASA POWER Daily API,21.5
20240330,Londrina - PR,-23.3045,-51.1696,transporte,sol,32.03,6.71,150.17,17.66,1.9,0.0,0,0.0,1.0,24.2,60.97,943.2,4.68,1.66,1.74,NASA POWER Daily API,43.99
20240331,Londrina - PR,-23.3045,-51.1696,campo,sol,18.21,7.88,259.05,18.6,1.9,0.0,0,0.0,0.0,25.38,58.32,942.2,13.32,3.53,1.64,NASA POWER Daily API,42.32
20240401,Londrina - PR,-23.3045,-51.1696,campo,garoa,43.49,12.45,248.21,13.33,1.9,3.24,0,4.0,0.0,25.15,67.08,941.2,4.18,3.19,1.78,NASA POWER Daily API,51.26
20240402,Londrina - PR,-23.3045,-51.1696,campo,garoa,49.14,5.86,118.6,5.11,2.9,1.78,0,4.0,0.0,25.41,75.43,940.0,24.91,10.57,2.5,NASA POWER Daily API,36.61
20240403,Londrina - PR,-23.3045,-51.1696,campo,garoa,36.93,11.1,85.64,10.01,1.9,0.05,0,4.0,0.0,26.29,67.58,941.0,2.66,4.86,2.2,NASA POWER Daily API,48.02
20240404,Londrina - PR,-23.3045,-51.1696,campo,sol,33.77,10.68,309.68,14.16,1.9,0.0,0,0.0,0.0,27.47,60.5,942.3,3.06,4.54,1.98,NASA POWER Daily API,44.37
20240405,Londrina - PR,-23.3045,-51.1696,proximidade_agua,garoa,36.66,13.22,71.46,7.88,1.9,0.52,0,4.0,2.0,27.37,59.8,942.5,10.98,9.98,1.83,NASA POWER Daily API,50.1
20240406,Londrina - PR,-23.3045,-51.1696,campo,garoa,34.59,10.59,235.1,11.88,1.9,0.19,0,4.0,0.0,26.64,60.14,942.2,19.44,6.91,3.74,NASA POWER Daily API,41.86
20240407,Londrina - PR,-23.3045,-51.1696,campo,sol,30.7,13.27,192.96,6.86,2.9,0.0,0,0.0,0.0,24.67,63.44,943.1,14.47,3.84,3.89,NASA POWER Daily API,39.14
20240408,Londrina - PR,-23.3045,-51.1696,campo,chuva,67.7,7.45,120.39,15.05,4.9,10.64,0,2.0,0.0,24.23,80.54,941.6,7.95,8.26,1.82,NASA POWER Daily API,73.38
20240409,Londrina - PR,-23.3045,-51.1696,campo,garoa,57.1,5.56,111.64,11.71,1.9,1.75,0,4.0,0.0,24.99,76.51,941.3,21.16,3.8,2.26,NASA POWER Daily API,44.66
20240410,Londrina - PR,-23.3045,-51.1696,campo,garoa,61.91,11.96,104.96,18.54,1.9,0.61,0,4.0,0.0,25.27,70.97,940.6,4.89,4.15,1.21,NASA POWER Daily API,60.33
20240411,Londrina - PR,-23.3045,-51.1696,campo,garoa,52.36,7.34,232.25,10.17,1.9,0.15,0,4.0,0.0,25.33,65.8,941.9,7.96,2.31,2.66,NASA POWER Daily API,41.62
20240412,Londrina - PR,-23.3045,-51.1696,campo,sol,49.13,4.72,143.89,10.2,1.9,0.0,0,0.0,0.0,25.05,66.6,943.4,39.29,15.64,4.15,NASA POWER Daily API,37.74
20240413,Londrina - PR,-23.3045,-51.1696,campo,garoa,65.67,10.06,161.63,15.74,1.9,3.64,0,4.0,0.0,23.58,80.35,942.8,2.01,5.33,4.32,NASA POWER Daily API,64.69
20240414,Londrina - PR,-23.3045,-51.1696,transporte,tempestade,100.0,6.63,141.89,18.73,1.9,55.74,1,3.0,1.0,22.3,94.48,941.9,8.62,5.04,3.68,NASA POWER Daily API,100.0
20240415,Londrina - PR,-23.3045,-51.1696,transporte,chuva,100.0,5.87,167.9,22.19,2.9,9.88,1,2.0,1.0,22.58,91.71,942.2,13.11,5.54,3.94,NASA POWER Daily API,100.0
20240416,Londrina - PR,-23.3045,-51.1696,campo,chuva,100.0,6.52,272.14,6.33,2.9,13.53,1,2.0,0.0,22.13,94.92,943.7,8.55,10.71,2.86,NASA POWER Daily API,87.67
20240417,Londrina - PR,-23.3045,-51.1696,transporte,chuva,100.0,9.08,142.42,20.52,2.9,6.45,1,2.0,1.0,22.2,87.82,942.8,6.9,3.89,3.23,NASA POWER Daily API,99.87
20240418,Londrina - PR,-23.3045,-51.1696,campo,sol,100.0,3.4,242.23,16.99,3.9,0.0,0,0.0,0.0,19.07,76.8,944.1,3.86,8.08,2.95,NASA POWER Daily API,64.31
20240419,Londrina - PR,-23.3045,-51.1696,campo,sol,100.0,9.04,285.21,16.78,1.9,0.0,0,0.0,0.0,18.05,72.45,944.8,1.83,6.93,2.99,NASA POWER Daily API,71.62
20240420,Londrina - PR,-23.3045,-51.1696,campo,sol,100.0,11.36,167.14,9.62,1.9,0.0,0,0.0,0.0,18.6,74.63,945.2,5.03,3.6,2.98,NASA POWER Daily API,59.07
20240421,Londrina - PR,-23.3045,-51.1696,transporte,sol,73.74,4.65,232.79,14.41,1.9,0.0,0,0.0,1.0,20.76,75.14,944.3,9.86,3.49,2.05,NASA POWER Daily API,50.2
20240422,Londrina - PR,-23.3045,-51.1696,campo,sol,67.8,7.23,308.32,11.69,1.9,0.0,0,0.0,0.0,22.58,72.42,942.7,4.39,5.26,1.78,NASA POWER Daily API,47.84
20240423,Londrina - PR,-23.3045,-51.1696,campo,garoa,38.05,6.28,67.07,12.7,1.9,0.12,0,4.0,0.0,23.27,75.78,942.5,9.23,2.41,2.48,NASA POWER Daily API,46.19
20240424,Londrina - PR,-23.3045,-51.1696,campo,garoa,37.49,11.76,341.83,12.19,2.9,0.01,0,4.0,0.0,23.54,68.56,943.1,5.89,1.9,2.11,NASA POWER Daily API,46.26
20240425,Londrina - PR,-23.3045,-51.1696,campo,garoa,27.92,2.3,136.8,11.05,1.9,0.02,0,4.0,0.0,24.44,68.66,943.2,7.56,10.52,2.09,NASA POWER Daily API,29.88
20240426,Londrina - PR,-23.3045,-51.1696,proximidade_agua,sol,30.29,4.19,286.77,5.47,1.9,0.0,0,0.0,2.0,23.92,73.38,942.7,20.03,10.26,3.27,NASA POWER Daily API,29.62
20240427,Londrina - PR,-23.3045,-51.1696,proximidade_agua,sol,22.03,8.55,202.96,7.77,1.9,0.0,0,0.0,2.0,24.49,71.46,941.4,25.07,8.77,3.02,NASA POWER Daily API,34.69
20240428,Londrina - PR,-23.3045,-51.1696,proximidade_agua,garoa,31.97,14.27,145.95,0.73,1.9,0.02,0,4.0,2.0,24.82,72.99,940.9,7.81,10.14,2.8,NASA POWER Daily API,34.93
20240429,Londrina - PR,-23.3045,-51.1696,campo,sol,31.31,2.27,271.92,12.31,2.9,0.0,0,0.0,0.0,24.56,68.07,942.0,20.42,2.8,3.1,NASA POWER Daily API,34.66
20240430,Londrina - PR,-23.3045,-51.1696,campo,sol,41.19,13.33,258.45,3.69,1.9,0.0,0,0.0,0.0,24.4,65.31,941.9,4.04,10.26,2.93,NASA POWER Daily API,36.32
20240501,Londrina - PR,-23.3045,-51.1696,campo,garoa,30.43,4.95,149.12,14.8,1.9,0.03,0,4.0,0.0,24.78,66.31,940.9,70.37,2.82,2.99,NASA POWER Daily API,38.28
20240502,Londrina - PR,-23.3045,-51.1696,campo,garoa,32.75,11.13,152.49,7.17,2.9,0.1,0,4.0,0.0,24.13,69.76,939.2,9.9,4.77,3.28,NASA POWER Daily API,38.26
20240503,Londrina - PR,-23.3045,-51.1696,campo,garoa,32.67,9.64,145.15,8.67,2.9,0.03,0,4.0,0.0,23.54,72.72,940.1,9.4,3.35,3.03,NASA POWER Daily API,38.42
20240504,Londrina - PR,-23.3045,-51.1696,campo,sol,21.37,5.59,275.97,6.91,1.9,0.0,0,0.0,0.0,24.48,64.25,942.7,1.94,2.07,3.19,NASA POWER Daily API,32.21
20240505,Londrina - PR,-23.3045,-51.1696,campo,sol,25.81,9.33,289.87,17.46,1.9,0.0,0,0.0,0.0,23.83,59.46,944.5,3.35,3.12,3.25,NASA POWER Daily API,44.53
20240506,Londrina - PR,-23.3045,-51.1696,campo,garoa,32.92,3.7,289.99,3.35,1.9,0.03,0,4.0,0.0,22.79,60.68,942.9,6.7,4.43,3.98,NASA POWER Daily API,23.26
20240507,Londrina - PR,-23.3045,-51.1696,campo,sol,24.09,8.43,185.16,16.21,1.9,0.0,0,0.0,0.0,24.13,66.83,941.5,8.34,3.16,3.34,NASA POWER Daily API,41.72
20240508,Londrina - PR,-23.3045,-51.1696,manutencao,garoa,36.08,12.03,255.43,8.26,2.9,0.08,0,4.0,3.0,24.24,64.63,942.3,4.11,5.03,3.69,NASA POWER Daily API,41.33
20240509,Londrina - PR,-23.3045,-51.1696,manutencao,sol,27.01,11.94,271.68,8.61,2.9,0.0,0,0.0,3.0,24.72,65.34,943.4,8.14,4.4,2.72,NASA POWER Daily API,38.8
20240510,Londrina - PR,-23.3045,-51.1696,transporte,garoa,28.18,5.29,179.36,18.33,1.9,0.02,0,4.0,1.0,23.9,63.69,943.1,42.69,3.81,3.35,NASA POWER Daily API,42.21
20240511,Londrina - PR,-23.3045,-51.1696,campo,garoa,33.82,4.29,256.49,8.93,1.9,0.01,0,4.0,0.0,23.67,58.75,941.7,7.06,8.59,2.94,NASA POWER Daily API,31.19
20240512,Londrina - PR,-23.3045,-51.1696,campo,sol,22.67,7.82,147.49,3.32,1.9,0.0,0,0.0,0.0,22.8,61.25,940.1,80.0,1.82,3.39,NASA POWER Daily API,24.64
20240513,Londrina - PR,-23.3045,-51.1696,campo,garoa,25.7,12.88,85.56,12.45,1.9,0.01,0,4.0,0.0,23.05,63.62,940.5,6.23,3.25,3.8,NASA POWER Daily API,43.59
20240514,Londrina - PR,-23.3045,-51.1696,transporte,garoa,29.45,6.0,259.11,20.79,1.9,0.16,0,4.0,1.0,20.54,72.42,943.4,10.11,8.4,4.32,NASA POWER Daily API,46.52
20240515,Londrina - PR,-23.3045,-51.1696,campo,garoa,30.87,9.62,69.82,1.85,1.9,0.06,0,4.0,0.0,19.0,75.81,944.1,5.38,5.69,2.03,NASA POWER Daily API,32.98
20240516,Londrina - PR,-23.3045,-51.1696,campo,sol,23.01,4.72,234.65,9.68,1.9,0.0,0,0.0,0.0,21.87,68.97,942.9,3.64,9.4,3.38,NASA POWER Daily API,29.24
20240517,Londrina - PR,-23.3045,-51.1696,proximidade_agua,garoa,25.26,9.19,159.15,6.48,1.9,0.05,0,4.0,2.0,23.5,64.72,943.2,13.61,3.03,3.11,NASA POWER Daily API,34.64
20240518,Londrina - PR,-23.3045,-51.1696,transporte,garoa,49.71,7.59,183.04,18.3,2.9,2.68,0,4.0,1.0,23.02,71.63,944.3,37.19,8.5,2.46,NASA POWER Daily API,55.64
20240519,Londrina - PR,-23.3045,-51.1696,campo,chuva,54.97,5.22,205.43,11.54,2.9,6.15,0,2.0,0.0,20.27,82.97,945.4,4.68,9.3,3.15,NASA POWER Daily API,54.0
20240520,Londrina - PR,-23.3045,-51.1696,campo,garoa,34.53,6.52,384.98,15.73,1.9,0.79,0,4.0,0.0,20.03,75.39,945.5,7.04,7.2,2.14,NASA POWER Daily API,42.72
20240521,Londrina - PR,-23.3045,-51.1696,campo,sol,40.28,8.27,315.53,10.02,3.9,0.0,0,0.0,0.0,21.6,70.18,945.9,14.98,6.67,3.5,NASA POWER Daily API,42.66
20240522,Londrina - PR,-23.3045,-51.1696,transporte,garoa,47.02,7.61,158.0,18.01,2.9,0.01,0,4.0,1.0,22.09,67.91,945.3,1.32,2.54,3.69,NASA POWER Daily API,63.88
20240523,Londrina - PR,-23.3045,-51.1696,transporte,garoa,29.45,0.57,151.59,18.42,1.9,0.01,0,4.0,1.0,22.69,61.02,942.9,0.77,11.63,3.53,NASA POWER Daily API,49.75
20240524,Londrina - PR,-23.3045,-51.1696,proximidade_agua,tempestade,100.0,2.96,290.42,6.49,2.9,28.37,1,3.0,2.0,19.5,83.55,942.2,8.76,2.5,3.55,NASA POWER Daily API,100.0
20240525,Londrina - PR,-23.3045,-51.1696,transporte,garoa,89.08,8.66,221.29,16.16,1.9,1.44,0,4.0,1.0,16.1,79.68,946.0,5.84,2.23,2.3,NASA POWER Daily API,62.45
20240526,Londrina - PR,-23.3045,-51.1696,campo,chuva,100.0,5.12,69.88,15.71,4.9,13.6,1,2.0,0.0,15.9,87.68,947.5,7.67,5.98,2.79,NASA POWER Daily API,100.0
20240527,Londrina - PR,-23.3045,-51.1696,campo,garoa,100.0,1.35,252.72,13.8,1.9,3.64,0,4.0,0.0,16.28,87.94,946.8,37.6,12.99,4.04,NASA POWER Daily API,57.78
20240528,Londrina - PR,-23.3045,-51.1696,campo,garoa,100.0,3.18,244.12,18.11,3.9,0.06,0,4.0,0.0,11.62,72.45,947.6,1.33,6.41,4.42,NASA POWER Daily API,77.29
20240529,Londrina - PR,-23.3045,-51.1696,transporte,sol,100.0,3.62,325.53,15.99,1.9,0.0,0,0.0,1.0,11.97,73.83,948.1,1.76,6.23,1.95,NASA POWER Daily API,64.71
20240530,Londrina - PR,-23.3045,-51.1696,campo,garoa,100.0,11.78,110.84,14.34,2.9,0.01,0,4.0,0.0,14.01,70.76,948.9,4.27,6.2,2.3,NASA POWER Daily API,67.32
20240531,Londrina - PR,-23.3045,-51.1696,campo,garoa,68.14,5.86,205.97,16.24,1.9,0.01,0,4.0,0.0,13.44,70.85,949.2,6.29,5.16,3.79,NASA POWER Daily API,51.75
20240601,Londrina - PR,-23.3045,-51.1696,proximidade_agua,sol,56.51,5.91,169.83,6.17,1.9,0.0,0,0.0,2.0,16.15,73.12,948.8,16.77,6.58,3.94,NASA POWER Daily API,39.74
20240602,Londrina - PR,-23.3045,-51.1696,campo,sol,36.5,5.67,126.75,12.21,1.9,0.0,0,0.0,0.0,17.71,68.77,948.1,5.86,2.21,3.31,NASA POWER Daily API,37.08
20240603,Londrina - PR,-23.3045,-51.1696,transporte,sol,25.44,9.37,53.7,20.19,1.9,0.0,0,0.0,1.0,20.62,60.07,948.7,4.81,3.59,1.74,NASA POWER Daily API,58.47
20240604,Londrina - PR,-23.3045,-51.1696,campo,sol,29.62,10.61,281.81,6.94,1.9,0.0,0,0.0,0.0,19.34,68.78,948.6,0.92,5.26,3.47,NASA POWER Daily API,45.58
20240605,Londrina - PR,-23.3045,-51.1696,proximidade_agua,sol,37.83,1.28,87.51,8.65,1.9,0.0,0,0.0,2.0,18.55,71.29,948.5,8.7,6.98,3.2,NASA POWER Daily API,33.14
20240606,Londrina - PR,-23.3045,-51.1696,campo,garoa,28.44,3.12,296.91,12.93,3.9,0.01,0,4.0,0.0,19.66,66.05,947.8,26.84,3.24,2.69,NASA POWER Daily API,37.22
20240607,Londrina - PR,-23.3045,-51.1696,transporte,garoa,23.13,11.98,17.77,24.78,1.9,0.01,0,4.0,1.0,20.32,63.94,948.6,6.9,4.11,2.38,NASA POWER Daily API,77.05
20240608,Londrina - PR,-23.3045,-51.1696,campo,garoa,24.24,10.39,273.41,7.57,2.9,0.01,0,4.0,0.0,19.89,66.26,948.0,7.76,11.46,3.2,NASA POWER Daily API,34.73
20240609,Londrina - PR,-23.3045,-51.1696,manutencao,sol,33.23,8.46,163.51,9.65,2.9,0.0,0,0.0,3.0,20.39,67.98,945.4,4.15,2.79,3.92,NASA POWER Daily API,38.17
20240610,Londrina - PR,-23.3045,-51.1696,transporte,sol,34.37,8.86,58.23,17.77,2.9,0.0,0,0.0,1.0,20.79,65.72,945.6,3.98,2.51,2.77,NASA POWER Daily API,58.6
20240611,Londrina - PR,-23.3045,-51.1696,campo,garoa,27.18,7.75,104.8,19.89,1.9,0.01,0,4.0,0.0,20.6,57.77,947.4,8.88,3.44,2.28,NASA POWER Daily API,46.13
20240612,Londrina - PR,-23.3045,-51.1696,campo,sol,29.0,8.01,82.11,16.92,2.9,0.0,0,0.0,0.0,19.6,62.09,946.3,7.65,4.75,2.97,NASA POWER Daily API,47.82
20240613,Londrina - PR,-23.3045,-51.1696,transporte,sol,35.36,5.26,79.17,17.32,1.9,0.0,0,0.0,1.0,19.19,56.94,944.5,24.46,2.35,4.18,NASA POWER Daily API,46.2
20240614,Londrina - PR,-23.3045,-51.1696,campo,sol,26.53,11.06,240.62,19.29,1.9,0.0,0,0.0,0.0,19.87,60.82,944.4,6.09,7.93,4.21,NASA POWER Daily API,48.86
20240615,Londrina - PR,-23.3045,-51.1696,transporte,sol,17.81,10.12,197.9,23.34,1.9,0.0,0,0.0,1.0,20.9,62.73,945.8,25.04,7.16,3.1,NASA POWER Daily API,50.22
20240616,Londrina - PR,-23.3045,-51.1696,campo,garoa,27.61,8.11,107.18,10.27,1.9,0.01,0,4.0,0.0,20.92,63.17,944.6,4.93,2.21,3.6,NASA POWER Daily API,34.81
20240617,Londrina - PR,-23.3045,-51.1696,campo,sol,16.64,9.68,270.83,14.4,1.9,0.0,0,0.0,0.0,20.89,63.61,942.3,18.88,5.17,3.25,NASA POWER Daily API,38.48
20240618,Londrina - PR,-23.3045,-51.1696,transporte,sol,29.99,4.14,83.88,14.03,2.9,0.0,0,0.0,1.0,19.49,57.55,942.3,2.75,3.4,3.63,NASA POWER Daily API,46.19
20240619,Londrina - PR,-23.3045,-51.1696,campo,garoa,27.86,7.89,101.07,13.42,2.9,0.04,0,4.0,0.0,19.8,59.59,943.9,7.79,3.26,3.27,NASA POWER Daily API,40.82
20240620,Londrina - PR,-23.3045,-51.1696,transporte,sol,25.45,5.48,242.06,21.83,1.9,0.0,0,0.0,1.0,20.32,55.86,945.5,14.51,4.4,3.28,NASA POWER Daily API,45.78
20240621,Londrina - PR,-23.3045,-51.1696,campo,sol,25.26,8.09,184.35,0.0,1.9,0.0,0,0.0,0.0,19.48,57.74,944.2,3.11,7.22,3.91,NASA POWER Daily API,21.26
20240622,Londrina - PR,-23.3045,-51.1696,transporte,sol,23.61,8.4,182.79,21.37,1.9,0.0,0,0.0,1.0,19.77,59.05,942.8,4.52,3.01,3.56,NASA POWER Daily API,47.9
20240623,Londrina - PR,-23.3045,-51.1696,campo,garoa,27.33,9.66,213.92,16.39,1.9,0.04,0,4.0,0.0,21.79,59.47,942.0,8.0,6.54,3.21,NASA POWER Daily API,44.21
20240624,Londrina - PR,-23.3045,-51.1696,transporte,garoa,38.97,8.3,123.81,13.6,1.9,0.19,0,4.0,1.0,22.84,59.53,941.9,3.54,1.0,3.84,NASA POWER Daily API,42.94
20240625,Londrina - PR,-23.3045,-51.1696,transporte,garoa,41.1,7.24,158.02,11.5,1.9,1.69,0,4.0,1.0,21.96,78.26,943.9,12.02,4.92,2.54,NASA POWER Daily API,41.12
20240626,Londrina - PR,-23.3045,-51.1696,manutencao,garoa,32.09,8.39,177.57,8.82,1.9,0.4,0,4.0,3.0,20.62,72.77,944.2,8.56,7.08,3.66,NASA POWER Daily API,35.03
20240627,Londrina - PR,-23.3045,-51.1696,campo,garoa,27.45,8.53,238.0,14.3,1.9,0.26,0,4.0,0.0,17.87,69.8,942.5,5.43,5.56,3.42,NASA POWER Daily API,40.62
20240628,Londrina - PR,-23.3045,-51.1696,campo,garoa,34.86,15.34,101.73,26.44,1.9,0.67,0,4.0,0.0,19.58,64.26,941.9,10.66,2.57,3.57,NASA POWER Daily API,65.6
20240629,Londrina - PR,-23.3045,-51.1696,transporte,garoa,49.31,7.1,262.71,16.73,1.9,3.0,0,4.0,1.0,18.21,75.85,944.0,13.4,5.04,3.26,NASA POWER Daily API,51.22
20240630,Londrina - PR,-23.3045,-51.1696,transporte,sol,27.37,8.3,110.76,20.69,1.9,0.0,0,0.0,1.0,15.31,47.14,945.6,52.3,10.72,2.19,NASA POWER Daily API,47.88
20240701,Londrina - PR,-23.3045,-51.1696,campo,garoa,33.08,5.72,140.42,15.92,1.9,0.01,0,4.0,0.0,16.32,53.43,946.8,10.46,2.92,2.16,NASA POWER Daily API,40.85
20240702,Londrina - PR,-23.3045,-51.1696,manutencao,garoa,28.33,10.48,120.18,4.57,1.9,0.18,0,4.0,3.0,18.24,54.2,946.7,4.08,2.09,2.28,NASA POWER Daily API,30.4
20240703,Londrina - PR,-23.3045,-51.1696,campo,sol,33.86,9.43,115.19,9.16,3.9,0.0,0,0.0,0.0,20.42,55.22,944.9,16.07,4.77,2.44,NASA POWER Daily API,40.95
20240704,Londrina - PR,-23.3045,-51.1696,transporte,garoa,33.71,13.89,81.76,15.98,1.9,0.05,0,4.0,1.0,20.74,55.31,944.0,16.22,4.31,2.77,NASA POWER Daily API,52.4
20240705,Londrina - PR,-23.3045,-51.1696,campo,sol,26.15,7.01,189.13,16.63,1.9,0.0,0,0.0,0.0,20.96,48.86,945.4,6.42,2.54,2.46,NASA POWER Daily API,41.1
20240706,Londrina - PR,-23.3045,-51.1696,campo,garoa,21.0,10.42,179.59,10.0,1.9,0.04,0,4.0,0.0,20.52,51.21,945.6,37.99,2.09,3.14,NASA POWER Daily API,34.87
20240707,Londrina - PR,-23.3045,-51.1696,campo,garoa,25.79,4.96,221.71,11.73,2.9,0.14,0,4.0,0.0,20.49,59.1,944.1,6.7,2.44,3.64,NASA POWER Daily API,35.09
20240708,Londrina - PR,-23.3045,-51.1696,campo,chuva,58.43,4.85,221.58,15.93,3.9,11.83,0,2.0,0.0,16.78,88.19,944.1,12.14,13.85,2.33,NASA POWER Daily API,68.47
20240709,Londrina - PR,-23.3045,-51.1696,transporte,tempestade,100.0,6.55,252.28,19.87,2.9,27.28,1,3.0,1.0,14.3,92.82,943.9,12.86,8.26,2.4,NASA POWER Daily API,100.0
20240710,Londrina - PR,-23.3045,-51.1696,manutencao,chuva,100.0,10.17,116.93,10.92,1.9,10.31,1,2.0,3.0,12.32,90.21,944.2,16.59,11.78,2.25,NASA POWER Daily API,90.96
20240711,Londrina - PR,-23.3045,-51.1696,campo,garoa,100.0,0.0,274.84,16.56,2.9,0.22,0,4.0,0.0,15.67,84.11,946.1,18.43,8.67,2.22,NASA POWER Daily API,58.12
20240712,Londrina - PR,-23.3045,-51.1696,campo,garoa,100.0,8.48,35.67,14.56,1.9,0.55,0,4.0,0.0,16.9,84.39,950.5,1.5,6.06,2.42,NASA POWER Daily API,84.68
20240713,Londrina - PR,-23.3045,-51.1696,transporte,garoa,100.0,7.58,246.17,21.25,1.9,0.35,0,4.0,1.0,15.53,87.76,950.3,3.18,5.52,3.15,NASA POWER Daily API,70.23
20240714,Londrina - PR,-23.3045,-51.1696,transporte,garoa,100.0,7.82,127.81,17.41,1.9,0.56,0,4.0,1.0,15.81,83.74,948.6,1.48,7.32,2.05,NASA POWER Daily API,77.39
20240715,Londrina - PR,-23.3045,-51.1696,transporte,garoa,99.57,13.31,259.77,20.69,1.9,0.31,1,4.0,1.0,16.49,83.4,950.2,10.83,7.21,2.09,NASA POWER Daily API,90.77
20240716,Londrina - PR,-23.3045,-51.1696,campo,garoa,48.16,3.15,195.76,5.33,2.9,0.04,0,4.0,0.0,17.78,77.87,950.5,16.3,9.34,3.1,NASA POWER Daily API,31.36
20240717,Londrina - PR,-23.3045,-51.1696,transporte,garoa,43.12,11.31,220.78,18.49,1.9,0.01,0,4.0,1.0,18.64,73.31,950.3,12.61,4.58,2.22,NASA POWER Daily API,52.7
20240718,Londrina - PR,-23.3045,-51.1696,campo,garoa,34.6,6.27,273.14,10.97,1.9,0.01,0,4.0,0.0,19.01,68.2,948.4,2.92,4.27,2.36,NASA POWER Daily API,41.58
20240719,Londrina - PR,-23.3045,-51.1696,proximidade_agua,garoa,23.69,8.4,141.37,0.0,1.9,0.01,0,4.0,2.0,18.44,62.35,950.4,4.36,5.9,2.47,NASA POWER Daily API,24.69
20240720,Londrina - PR,-23.3045,-51.1696,campo,garoa,27.6,8.05,106.23,15.18,1.9,0.01,0,4.0,0.0,17.84,59.4,949.6,1.11,7.81,2.64,NASA POWER Daily API,52.53
20240721,Londrina - PR,-23.3045,-51.1696,transporte,garoa,31.54,13.95,245.75,21.31,2.9,0.01,0,4.0,1.0,17.38,55.97,948.5,1.51,3.81,3.06,NASA POWER Daily API,63.8
20240722,Londrina - PR,-23.3045,-51.1696,proximidade_agua,garoa,19.95,8.49,228.73,9.1,4.9,0.02,0,4.0,2.0,19.38,54.91,949.2,21.76,4.0,2.0,NASA POWER Daily API,41.58
20240723,Londrina - PR,-23.3045,-51.1696,transporte,sol,25.89,1.65,173.34,26.36,1.9,0.0,0,0.0,1.0,17.73,57.29,949.9,6.93,2.34,3.27,NASA POWER Daily API,47.24
20240724,Londrina - PR,-23.3045,-51.1696,campo,sol,19.4,3.07,127.45,19.82,1.9,0.0,0,0.0,0.0,18.11,55.91,949.4,13.97,7.63,3.74,NASA POWER Daily API,38.65
20240725,Londrina - PR,-23.3045,-51.1696,manutencao,sol,17.87,4.34,245.09,5.15,2.9,0.0,0,0.0,3.0,18.82,55.57,947.8,1.85,4.07,2.59,NASA POWER Daily API,29.44
20240726,Londrina - PR,-23.3045,-51.1696,campo,sol,21.02,5.05,138.17,11.93,1.9,0.0,0,0.0,0.0,19.36,56.16,946.3,18.28,4.89,2.66,NASA POWER Daily API,31.57
20240727,Londrina - PR,-23.3045,-51.1696,campo,sol,19.73,3.16,154.1,14.08,3.9,0.0,0,0.0,0.0,20.49,53.9,946.5,15.11,10.52,2.41,NASA POWER Daily API,36.17
20240728,Londrina - PR,-23.3045,-51.1696,manutencao,sol,21.51,15.87,252.79,10.3,1.9,0.0,0,0.0,3.0,21.23,53.65,946.4,2.08,3.47,2.45,NASA POWER Daily API,47.03
20240729,Londrina - PR,-23.3045,-51.1696,campo,garoa,29.77,5.82,188.11,10.54,1.9,0.51,0,4.0,0.0,19.64,62.85,946.6,17.13,1.88,3.24,NASA POWER Daily API,33.72
20240730,Londrina - PR,-23.3045,-51.1696,manutencao,garoa,28.57,4.18,197.16,13.44,1.9,0.95,0,4.0,3.0,16.99,76.14,949.3,4.35,1.89,4.33,NASA POWER Daily API,35.5
20240731,Londrina - PR,-23.3045,-51.1696,campo,sol,32.84,9.45,5.0,14.48,1.9,0.0,0,0.0,0.0,17.63,71.95,948.9,2.33,5.14,4.35,NASA POWER Daily API,74.24
20240801,Londrina - PR,-23.3045,-51.1696,proximidade_agua,sol,29.21,3.5,171.42,4.74,2.9,0.0,0,0.0,2.0,19.43,65.36,948.1,19.32,4.9,4.65,NASA POWER Daily API,29.43
20240802,Londrina - PR,-23.3045,-51.1696,proximidade_agua,sol,22.53,12.71,92.74,0.0,2.9,0.0,0,0.0,2.0,19.96,60.4,946.5,8.26,2.81,5.42,NASA POWER Daily API,31.28
20240803,Londrina - PR,-23.3045,-51.1696,transporte,sol,34.95,11.95,187.51,23.41,1.9,0.0,0,0.0,1.0,21.19,56.14,945.7,0.48,9.18,5.11,NASA POWER Daily API,69.38
20240804,Londrina - PR,-23.3045,-51.1696,transporte,sol,35.03,5.53,150.48,16.9,1.9,0.0,0,0.0,1.0,20.62,59.14,946.7,5.11,6.48,3.89,NASA POWER Daily API,42.46
20240805,Londrina - PR,-23.3045,-51.1696,transporte,sol,30.43,11.86,186.59,28.98,1.9,0.0,0,0.0,1.0,21.52,59.54,946.4,56.34,4.79,3.88,NASA POWER Daily API,62.84
20240806,Londrina - PR,-23.3045,-51.1696,campo,sol,19.91,5.07,98.99,2.12,3.9,0.0,0,0.0,0.0,21.26,55.8,945.0,58.93,3.23,3.78,NASA POWER Daily API,23.38
20240807,Londrina - PR,-23.3045,-51.1696,campo,sol,20.72,9.65,78.48,11.41,1.9,0.0,0,0.0,0.0,21.79,54.09,941.6,7.05,2.02,3.98,NASA POWER Daily API,39.44
20240808,Londrina - PR,-23.3045,-51.1696,transporte,garoa,23.65,7.25,229.52,19.4,1.9,1.16,0,4.0,1.0,20.07,64.84,941.2,14.84,4.43,3.6,NASA POWER Daily API,45.46
20240809,Londrina - PR,-23.3045,-51.1696,transporte,chuva,53.18,7.14,200.72,16.28,2.9,6.43,0,2.0,1.0,13.28,81.57,945.6,1.22,9.27,4.39,NASA POWER Daily API,73.65
20240810,Londrina - PR,-23.3045,-51.1696,transporte,sol,36.9,4.57,117.93,14.32,2.9,0.0,0,0.0,1.0,11.35,58.17,946.6,7.57,3.69,2.99,NASA POWER Daily API,40.94
20240811,Londrina - PR,-23.3045,-51.1696,campo,garoa,35.04,4.84,85.03,12.13,2.9,0.02,0,4.0,0.0,13.42,45.82,946.4,1.99,5.96,2.66,NASA POWER Daily API,45.45
20240812,Londrina - PR,-23.3045,-51.1696,campo,sol,35.32,7.47,269.04,8.26,1.9,0.0,0,0.0,0.0,12.33,49.93,947.2,13.55,3.51,4.56,NASA POWER Daily API,33.75
20240813,Londrina - PR,-23.3045,-51.1696,transporte,sol,24.6,4.33,35.19,15.69,2.9,0.0,0,0.0,1.0,12.14,50.33,948.5,6.38,3.57,3.53,NASA POWER Daily API,55.02
20240814,Londrina - PR,-23.3045,-51.1696,transporte,garoa,30.1,7.99,254.92,17.1,1.9,0.12,0,4.0,1.0,14.61,57.33,947.3,3.0,4.0,3.2,NASA POWER Daily API,43.88
20240815,Londrina - PR,-23.3045,-51.1696,campo,sol,37.6,7.43,27.13,16.28,1.9,0.0,0,0.0,0.0,19.56,47.08,946.2,5.83,3.02,2.58,NASA POWER Daily API,63.34
20240816,Londrina - PR,-23.3045,-51.1696,campo,sol,27.22,9.72,42.04,15.4,1.9,0.0,0,0.0,0.0,23.57,40.9,945.9,2.98,10.06,2.09,NASA POWER Daily API,63.08
20240817,Londrina - PR,-23.3045,-51.1696,campo,sol,24.82,3.6,213.9,7.97,1.9,0.0,0,0.0,0.0,23.67,42.92,945.5,30.07,2.26,2.64,NASA POWER Daily API,26.29
20240818,Londrina - PR,-23.3045,-51.1696,transporte,sol,21.19,6.95,279.56,15.37,2.9,0.0,0,0.0,1.0,23.62,38.63,945.1,9.02,1.85,2.88,NASA POWER Daily API,40.14
20240819,Londrina - PR,-23.3045,-51.1696,transporte,sol,17.47,2.71,206.71,20.93,1.9,0.0,0,0.0,1.0,23.92,38.63,944.6,17.83,4.4,2.9,NASA POWER Daily API,39.41
20240820,Londrina - PR,-23.3045,-51.1696,campo,sol,17.09,1.74,283.3,8.7,1.9,0.0,0,0.0,0.0,25.15,34.76,944.8,3.96,3.78,2.82,NASA POWER Daily API,22.98
20240821,Londrina - PR,-23.3045,-51.1696,campo,garoa,25.73,5.01,245.33,9.32,1.9,0.02,0,4.0,0.0,22.45,52.62,944.2,7.64,5.39,4.99,NASA POWER Daily API,29.84
20240822,Londrina - PR,-23.3045,-51.1696,transporte,garoa,20.21,6.13,226.23,18.92,1.9,0.02,0,4.0,1.0,23.18,39.55,941.7,5.0,3.21,4.92,NASA POWER Daily API,41.53
20240823,Londrina - PR,-23.3045,-51.1696,transporte,garoa,26.98,11.67,185.75,12.42,2.9,3.32,0,4.0,1.0,21.58,50.21,940.1,20.48,7.58,4.88,NASA POWER Daily API,46.65
20240824,Londrina - PR,-23.3045,-51.1696,transporte,tempestade,100.0,6.72,253.13,17.59,2.9,31.22,1,3.0,1.0,15.4,82.89,944.9,4.06,7.14,3.49,NASA POWER Daily API,100.0
20240825,Londrina - PR,-23.3045,-51.1696,manutencao,garoa,83.13,12.06,193.77,3.63,1.9,0.05,1,4.0,3.0,12.17,56.84,949.8,27.4,1.78,4.15,NASA POWER Daily API,62.99
20240826,Londrina - PR,-23.3045,-51.1696,transporte,garoa,77.12,13.15,174.0,22.02,1.9,1.89,0,4.0,1.0,11.48,53.95,949.9,5.4,4.09,2.59,NASA POWER Daily API,71.06
20240827,Londrina - PR,-23.3045,-51.1696,campo,garoa,72.66,5.94,132.84,6.37,1.9,0.01,0,4.0,0.0,13.1,50.08,949.8,11.33,3.03,3.47,NASA POWER Daily API,40.81
20240828,Londrina - PR,-23.3045,-51.1696,campo,sol,85.99,2.46,344.19,8.97,5.9,0.0,0,0.0,0.0,15.9,53.26,949.1,3.51,3.61,3.47,NASA POWER Daily API,53.04
20240829,Londrina - PR,-23.3045,-51.1696,transporte,sol,78.11,8.04,91.28,13.8,1.9,0.0,0,0.0,1.0,20.11,55.88,948.9,5.43,4.31,3.53,NASA POWER Daily API,53.99
20240830,Londrina - PR,-23.3045,-51.1696,campo,garoa,74.03,11.96,107.49,16.02,2.9,0.14,0,4.0,0.0,21.83,53.88,947.2,3.45,1.73,3.17,NASA POWER Daily API,62.06
20240831,Londrina - PR,-23.3045,-51.1696,proximidade_agua,garoa,28.68,3.69,204.59,13.4,1.9,0.08,0,4.0,2.0,22.82,49.64,946.1,5.03,1.47,2.95,NASA POWER Daily API,38.36
20240901,Londrina - PR,-23.3045,-51.1696,campo,garoa,28.24,13.72,175.38,9.26,1.9,0.09,0,4.0,0.0,23.19,49.76,944.8,10.86,2.52,3.62,NASA POWER Daily API,39.69
20240902,Londrina - PR,-23.3045,-51.1696,proximidade_agua,sol,30.2,6.77,247.52,0.78,2.9,0.0,0,0.0,2.0,22.1,58.82,942.4,5.65,5.95,3.16,NASA POWER Daily API,28.61
20240903,Londrina - PR,-23.3045,-51.1696,campo,sol,28.96,4.64,153.31,8.8,1.9,0.0,0,0.0,0.0,25.99,38.46,942.2,21.7,3.87,2.17,NASA POWER Daily API,29.89
20240904,Londrina - PR,-23.3045,-51.1696,campo,sol,14.23,10.3,303.63,5.87,1.9,0.0,0,0.0,0.0,24.19,41.17,942.0,0.55,7.79,4.17,NASA POWER Daily API,39.77
20240905,Londrina - PR,-23.3045,-51.1696,campo,garoa,28.82,9.42,275.21,15.99,1.9,0.1,0,4.0,0.0,21.87,60.12,943.1,5.15,4.75,3.68,NASA POWER Daily API,43.89
20240906,Londrina - PR,-23.3045,-51.1696,campo,garoa,27.8,6.07,113.0,4.15,1.9,0.12,0,4.0,0.0,20.38,67.01,943.4,0.37,4.18,3.43,NASA POWER Daily API,37.26
20240907,Londrina - PR,-23.3045,-51.1696,campo,sol,8.95,7.76,169.59,6.7,1.9,0.0,0,0.0,0.0,24.43,52.09,943.8,20.05,2.9,3.06,NASA POWER Daily API,24.43
20240908,Londrina - PR,-23.3045,-51.1696,proximidade_agua,garoa,20.76,4.37,265.7,9.81,1.9,0.04,0,4.0,2.0,25.97,44.25,945.5,69.76,8.64,3.28,NASA POWER Daily API,32.22
20240909,Londrina - PR,-23.3045,-51.1696,transporte,sol,17.58,14.89,96.51,19.3,1.9,0.0,0,0.0,1.0,26.16,45.53,944.6,13.73,7.68,3.13,NASA POWER Daily API,50.2
20240910,Londrina - PR,-23.3045,-51.1696,transporte,sol,17.83,4.46,216.95,17.19,3.9,0.0,0,0.0,1.0,25.47,41.19,942.6,37.37,5.7,3.44,NASA POWER Daily API,41.12
20240911,Londrina - PR,-23.3045,-51.1696,campo,garoa,7.16,13.78,179.49,1.78,2.9,0.02,0,4.0,0.0,24.63,37.6,941.8,3.05,8.27,3.97,NASA POWER Daily API,26.37
20240912,Londrina - PR,-23.3045,-51.1696,campo,sol,11.62,6.04,252.44,22.08,1.9,0.0,0,0.0,0.0,25.72,35.5,941.9,11.44,22.46,4.19,NASA POWER Daily API,43.38
20240913,Londrina - PR,-23.3045,-51.1696,campo,garoa,17.07,3.04,346.53,8.79,2.9,0.04,0,4.0,0.0,26.44,34.61,941.0,8.01,3.9,3.77,NASA POWER Daily API,26.9
20240914,Londrina - PR,-23.3045,-51.1696,proximidade_agua,garoa,27.25,14.3,165.11,5.97,2.9,0.03,0,4.0,2.0,26.41,43.42,941.6,8.35,9.15,2.81,NASA POWER Daily API,42.2
20240915,Londrina - PR,-23.3045,-51.1696,transporte,chuva,90.24,6.21,85.9,25.07,2.9,19.18,1,2.0,1.0,20.61,74.07,944.6,31.77,6.57,4.84,NASA POWER Daily API,100.0
20240916,Londrina - PR,-23.3045,-51.1696,transporte,garoa,67.34,9.89,224.74,17.29,1.9,2.07,0,4.0,1.0,20.14,73.95,946.2,5.09,5.73,2.82,NASA POWER Daily API,59.22
20240917,Londrina - PR,-23.3045,-51.1696,proximidade_agua,garoa,61.52,8.29,197.44,9.0,1.9,0.02,0,4.0,2.0,19.49,62.41,946.2,5.65,1.98,5.24,NASA POWER Daily API,47.48
20240918,Londrina - PR,-23.3045,-51.1696,campo,garoa,58.03,7.32,119.27,2.73,2.9,0.34,0,4.0,0.0,19.03,69.12,944.5,29.22,3.71,4.12,NASA POWER Daily API,36.15
20240919,Londrina - PR,-23.3045,-51.1696,manutencao,garoa,54.3,7.56,87.16,19.7,2.9,0.06,0,4.0,3.0,23.23,62.63,941.6,11.34,4.88,4.4,NASA POWER Daily API,57.28
20240920,Londrina - PR,-23.3045,-51.1696,campo,garoa,81.06,9.14,193.81,13.88,1.9,3.77,0,4.0,0.0,22.12,74.3,941.6,4.97,1.79,4.11,NASA POWER Daily API,60.22
20240921,Londrina - PR,-23.3045,-51.1696,campo,chuva,95.31,4.18,108.01,10.56,1.9,11.09,1,2.0,0.0,20.89,79.2,942.1,9.25,3.31,2.37,NASA POWER Daily API,82.56
20240922,Londrina - PR,-23.3045,-51.1696,campo,garoa,56.97,12.06,251.97,10.42,1.9,0.02,0,4.0,0.0,24.71,65.12,941.1,9.58,7.68,2.15,NASA POWER Daily API,48.21
20240923,Londrina - PR,-23.3045,-51.1696,transporte,garoa,44.45,9.31,169.43,19.46,1.9,0.04,0,4.0,1.0,27.18,58.53,940.9,3.29,1.52,1.93,NASA POWER Daily API,52.9
20240924,Londrina - PR,-23.3045,-51.1696,proximidade_agua,garoa,45.85,10.47,247.66,6.73,2.9,0.09,0,4.0,2.0,25.9,49.72,940.9,2.93,1.55,3.11,NASA POWER Daily API,50.82
20240925,Londrina - PR,-23.3045,-51.1696,transporte,sol,47.91,12.94,244.08,18.74,3.9,0.0,0,0.0,1.0,26.93,42.1,939.6,16.25,7.23,2.89,NASA POWER Daily API,61.2
20240926,Londrina - PR,-23.3045,-51.1696,campo,garoa,61.81,5.7,418.45,2.53,2.9,3.14,0,4.0,0.0,26.28,49.96,939.3,12.45,4.48,3.58,NASA POWER Daily API,38.36
20240927,Londrina - PR,-23.3045,-51.1696,campo,garoa,71.48,5.26,93.35,19.06,1.9,4.59,0,4.0,0.0,23.62,63.58,941.0,20.9,5.52,3.89,NASA POWER Daily API,60.57
20240928,Londrina - PR,-23.3045,-51.1696,campo,sol,37.2,2.16,200.6,14.94,1.9,0.0,0,0.0,0.0,22.44,58.48,943.8,6.77,7.47,3.4,NASA POWER Daily API,37.32
20240929,Londrina - PR,-23.3045,-51.1696,proximidade_agua,sol,39.93,9.16,111.98,10.39,1.9,0.0,0,0.0,2.0,22.67,54.55,943.6,7.96,3.15,3.89,NASA POWER Daily API,43.82
20240930,Londrina - PR,-23.3045,-51.1696,transporte,garoa,38.92,4.34,94.35,21.35,2.9,0.01,0,4.0,1.0,25.22,57.17,942.1,13.91,2.55,4.54,NASA POWER Daily API,50.42
20241001,Londrina - PR,-23.3045,-51.1696,campo,garoa,38.33,0.58,92.43,9.79,1.9,0.01,0,4.0,0.0,27.47,50.09,939.1,0.77,4.64,3.85,NASA POWER Daily API,41.9
20241002,Londrina - PR,-23.3045,-51.1696,manutencao,garoa,19.4,9.39,253.69,4.19,2.9,0.03,0,4.0,3.0,28.44,51.15,937.4,0.58,4.14,3.94,NASA POWER Daily API,40.76
20241003,Londrina - PR,-23.3045,-51.1696,manutencao,garoa,41.24,10.11,188.72,8.66,1.9,4.23,0,4.0,3.0,23.51,70.41,941.6,14.97,10.07,4.68,NASA POWER Daily API,43.2
20241004,Londrina - PR,-23.3045,-51.1696,campo,sol,35.24,9.47,215.52,19.55,1.9,0.0,0,0.0,0.0,22.36,59.05,944.3,4.95,3.23,4.15,NASA POWER Daily API,50.14
20241005,Londrina - PR,-23.3045,-51.1696,manutencao,sol,27.27,4.77,321.37,16.14,1.9,0.0,0,0.0,3.0,22.52,52.38,944.2,2.02,13.8,3.51,NASA POWER Daily API,44.56
20241006,Londrina - PR,-23.3045,-51.1696,transporte,sol,29.91,7.34,111.97,17.14,1.9,0.0,0,0.0,1.0,23.67,50.4,941.9,4.83,6.28,2.88,NASA POWER Daily API,43.46
20241007,Londrina - PR,-23.3045,-51.1696,campo,sol,20.64,12.19,230.49,13.49,2.9,0.0,0,0.0,0.0,24.9,45.97,939.7,4.63,2.14,3.46,NASA POWER Daily API,43.51
20241008,Londrina - PR,-23.3045,-51.1696,campo,sol,24.47,7.45,280.18,5.26,2.9,0.0,0,0.0,0.0,28.21,38.65,938.4,9.49,2.4,3.7,NASA POWER Daily API,29.49
20241009,Londrina - PR,-23.3045,-51.1696,proximidade_agua,garoa,42.08,8.36,51.73,8.33,1.9,3.22,0,4.0,2.0,27.2,47.05,940.4,5.71,10.39,3.45,NASA POWER Daily API,55.81
20241010,Londrina - PR,-23.3045,-51.1696,transporte,tempestade,100.0,9.51,203.47,20.0,3.9,26.19,1,3.0,1.0,22.68,78.63,941.6,3.95,2.67,3.51,NASA POWER Daily API,100.0
20241011,Londrina - PR,-23.3045,-51.1696,transporte,chuva,100.0,5.76,151.6,22.28,1.9,11.22,1,2.0,1.0,23.22,79.95,938.0,44.72,3.61,5.74,NASA POWER Daily API,100.0
20241012,Londrina - PR,-23.3045,-51.1696,campo,garoa,85.97,9.31,277.88,9.32,3.9,0.04,0,4.0,0.0,22.07,69.47,942.8,19.29,3.62,2.6,NASA POWER Daily API,56.84
20241013,Londrina - PR,-23.3045,-51.1696,transporte,garoa,95.74,8.52,154.9,25.27,1.9,0.07,0,4.0,1.0,23.55,64.62,946.9,80.0,1.94,3.96,NASA POWER Daily API,74.32
20241014,Londrina - PR,-23.3045,-51.1696,campo,garoa,94.28,6.9,247.37,7.06,2.9,0.01,0,4.0,0.0,23.68,62.23,947.0,4.41,5.63,4.11,NASA POWER Daily API,51.51
20241015,Londrina - PR,-23.3045,-51.1696,transporte,garoa,94.73,11.63,74.81,13.11,2.9,0.42,0,4.0,1.0,23.56,67.97,943.8,16.42,5.11,4.18,NASA POWER Daily API,69.34
20241016,Londrina - PR,-23.3045,-51.1696,transporte,chuva,100.0,9.97,203.78,8.43,1.9,7.39,1,2.0,1.0,25.23,73.76,940.7,2.67,4.39,2.46,NASA POWER Daily API,89.96
20241017,Londrina - PR,-23.3045,-51.1696,campo,garoa,70.54,6.19,59.06,18.55,2.9,0.55,0,4.0,0.0,25.39,71.41,940.4,30.39,12.78,2.83,NASA POWER Daily API,68.26
20241018,Londrina - PR,-23.3045,-51.1696,campo,garoa,35.04,9.7,157.69,11.21,2.9,0.16,0,4.0,0.0,24.31,67.73,940.5,12.87,6.18,2.66,NASA POWER Daily API,42.46
20241019,Londrina - PR,-23.3045,-51.1696,campo,garoa,41.78,10.87,201.73,16.9,1.9,1.07,0,4.0,0.0,21.45,77.89,939.3,7.8,3.34,4.06,NASA POWER Daily API,51.62
20241020,Londrina - PR,-23.3045,-51.1696,campo,sol,47.77,8.18,181.54,12.06,1.9,0.0,0,0.0,0.0,21.96,67.07,939.5,3.12,9.18,5.09,NASA POWER Daily API,43.52
20241021,Londrina - PR,-23.3045,-51.1696,transporte,sol,49.4,9.64,254.73,20.5,2.9,0.0,0,0.0,1.0,24.23,68.65,942.1,13.58,1.54,4.64,NASA POWER Daily API,58.05
20241022,Londrina - PR,-23.3045,-51.1696,campo,garoa,52.92,6.72,173.4,11.31,1.9,4.28,0,4.0,0.0,25.34,72.63,943.3,8.53,6.87,2.97,NASA POWER Daily API,46.39
20241023,Londrina - PR,-23.3045,-51.1696,proximidade_agua,chuva,53.23,9.87,240.33,8.43,1.9,7.63,0,2.0,2.0,26.01,74.44,939.7,14.58,2.56,2.61,NASA POWER Daily API,58.12
20241024,Londrina - PR,-23.3045,-51.1696,proximidade_agua,garoa,52.22,6.48,92.42,11.0,1.9,3.33,0,4.0,2.0,27.15,71.57,935.7,4.3,9.02,4.75,NASA POWER Daily API,49.17
20241025,Londrina - PR,-23.3045,-51.1696,campo,garoa,58.73,5.03,243.1,14.79,2.9,0.85,0,4.0,0.0,26.58,75.0,935.9,25.45,5.18,3.99,NASA POWER Daily API,50.12
20241026,Londrina - PR,-23.3045,-51.1696,transporte,sol,47.44,12.01,152.38,10.37,1.9,0.0,0,0.0,1.0,26.1,58.71,940.4,12.16,3.32,3.11,NASA POWER Daily API,45.26
20241027,Londrina - PR,-23.3045,-51.1696,campo,sol,54.16,6.21,107.98,14.35,2.9,0.0,0,0.0,0.0,25.71,59.34,943.4,7.32,3.31,3.41,NASA POWER Daily API,48.1
20241028,Londrina - PR,-23.3045,-51.1696,campo,sol,55.08,6.61,186.89,16.56,1.9,0.0,0,0.0,0.0,24.58,61.13,944.3,15.19,11.16,3.15,NASA POWER Daily API,49.35
20241029,Londrina - PR,-23.3045,-51.1696,campo,garoa,52.71,11.34,201.13,9.97,2.9,0.26,0,4.0,0.0,26.08,60.76,942.6,3.48,6.64,2.44,NASA POWER Daily API,47.88
20241030,Londrina - PR,-23.3045,-51.1696,campo,garoa,28.47,5.96,63.95,14.95,1.9,0.15,0,4.0,0.0,25.83,54.54,941.0,25.38,4.33,3.33,NASA POWER Daily API,46.86
20241031,Londrina - PR,-23.3045,-51.1696,campo,sol,19.9,7.12,183.8,15.34,1.9,0.0,0,0.0,0.0,25.19,53.49,940.8,54.01,6.37,4.58,NASA POWER Daily API,38.05
20241101,Londrina - PR,-23.3045,-51.1696,campo,chuva,84.84,8.71,93.44,11.82,3.9,23.82,1,2.0,0.0,23.31,71.46,941.0,17.73,5.91,4.95,NASA POWER Daily API,100.0
20241102,Londrina - PR,-23.3045,-51.1696,campo,garoa,82.18,8.51,122.81,12.95,2.9,3.42,0,4.0,0.0,22.33,87.78,941.0,7.99,5.63,2.93,NASA POWER Daily API,61.2
20241103,Londrina - PR,-23.3045,-51.1696,proximidade_agua,chuva,100.0,2.08,201.34,8.57,4.9,20.81,1,2.0,2.0,23.26,85.18,939.5,17.34,4.87,2.74,NASA POWER Daily API,99.18
20241104,Londrina - PR,-23.3045,-51.1696,campo,chuva,100.0,5.46,159.1,13.24,1.9,15.67,1,2.0,0.0,22.98,85.69,940.0,16.55,5.24,3.82,NASA POWER Daily API,93.31
20241105,Londrina - PR,-23.3045,-51.1696,campo,chuva,100.0,4.48,11.24,17.28,2.9,11.65,1,2.0,0.0,23.92,81.62,940.6,10.29,1.39,2.97,NASA POWER Daily API,100.0
20241106,Londrina - PR,-23.3045,-51.1696,campo,chuva,100.0,3.54,36.05,5.89,1.9,14.24,1,2.0,0.0,23.88,87.68,939.0,7.74,8.16,3.31,NASA POWER Daily API,97.44
20241107,Londrina - PR,-23.3045,-51.1696,proximidade_agua,chuva,100.0,6.44,333.03,0.0,1.9,17.35,1,2.0,2.0,22.71,92.32,936.8,3.18,7.74,3.17,NASA POWER Daily API,85.06
20241108,Londrina - PR,-23.3045,-51.1696,proximidade_agua,chuva,100.0,4.67,74.47,1.67,1.9,6.21,1,2.0,2.0,23.8,81.8,935.9,6.45,13.11,1.21,NASA POWER Daily API,77.82
20241109,Londrina - PR,-23.3045,-51.1696,campo,garoa,100.0,7.73,254.77,13.12,2.9,0.25,0,4.0,0.0,23.41,77.03,939.2,2.62,7.41,2.3,NASA POWER Daily API,68.44
20241110,Londrina - PR,-23.3045,-51.1696,campo,garoa,100.0,9.22,258.33,9.81,2.9,0.12,0,4.0,0.0,22.71,73.45,940.6,1.33,4.34,2.91,NASA POWER Daily API,71.65
20241111,Londrina - PR,-23.3045,-51.1696,transporte,garoa,100.0,11.57,162.57,18.08,1.9,0.09,0,4.0,1.0,24.11,70.31,939.0,18.77,2.92,2.32,NASA POWER Daily API,70.39
20241112,Londrina - PR,-23.3045,-51.1696,transporte,garoa,86.43,5.2,182.99,18.39,2.9,0.8,0,4.0,1.0,25.17,66.34,937.0,12.52,5.45,2.94,NASA POWER Daily API,62.98
20241113,Londrina - PR,-23.3045,-51.1696,manutencao,garoa,60.42,6.04,243.33,6.58,1.9,0.01,0,4.0,3.0,22.38,55.81,938.4,68.1,2.89,2.67,NASA POWER Daily API,38.3
20241114,Londrina - PR,-23.3045,-51.1696,campo,sol,36.2,11.28,238.31,14.7,1.9,0.0,0,0.0,0.0,22.26,64.44,940.1,5.82,3.33,2.6,NASA POWER Daily API,46.56
20241115,Londrina - PR,-23.3045,-51.1696,campo,sol,28.92,7.61,60.09,12.1,1.9,0.0,0,0.0,0.0,23.6,66.35,940.8,18.12,5.02,3.96,NASA POWER Daily API,46.19
20241116,Londrina - PR,-23.3045,-51.1696,proximidade_agua,sol,27.24,6.72,56.71,6.18,1.9,0.0,0,0.0,2.0,24.99,67.96,941.1,5.22,2.14,4.12,NASA POWER Daily API,42.35
20241117,Londrina - PR,-23.3045,-51.1696,campo,sol,31.93,9.66,154.75,7.47,2.9,0.0,0,0.0,0.0,25.23,68.08,941.3,6.9,6.13,3.22,NASA POWER Daily API,36.6
20241118,Londrina - PR,-23.3045,-51.1696,proximidade_agua,sol,29.36,6.99,120.0,8.63,1.9,0.0,0,0.0,2.0,26.92,61.85,940.0,13.28,8.01,1.72,NASA POWER Daily API,36.42
20241119,Londrina - PR,-23.3045,-51.1696,transporte,sol,14.84,3.91,125.89,15.42,1.9,0.0,0,0.0,1.0,27.72,54.75,939.4,17.8,7.27,2.7,NASA POWER Daily API,33.36
20241120,Londrina - PR,-23.3045,-51.1696,campo,garoa,30.17,8.05,177.21,17.12,2.9,0.43,0,4.0,0.0,26.4,62.23,940.1,2.72,2.85,2.33,NASA POWER Daily API,52.94
20241121,Londrina - PR,-23.3045,-51.1696,transporte,chuva,44.62,7.27,154.29,16.79,2.9,8.28,0,2.0,1.0,25.79,67.09,941.2,2.51,2.5,3.56,NASA POWER Daily API,67.92
20241122,Londrina - PR,-23.3045,-51.1696,campo,garoa,52.6,8.65,232.58,15.8,1.9,3.77,0,4.0,0.0,24.3,71.51,941.5,5.07,12.16,3.28,NASA POWER Daily API,53.57
20241123,Londrina - PR,-23.3045,-51.1696,campo,sol,46.32,8.38,339.26,4.53,1.9,0.0,0,0.0,0.0,25.14,63.48,941.1,2.03,1.84,3.17,NASA POWER Daily API,39.77
20241124,Londrina - PR,-23.3045,-51.1696,campo,sol,47.71,10.86,134.79,15.0,3.9,0.0,0,0.0,0.0,24.1,57.61,942.7,6.14,8.96,4.01,NASA POWER Daily API,54.06
20241125,Londrina - PR,-23.3045,-51.1696,campo,sol,46.39,10.31,259.07,6.67,1.9,0.0,0,0.0,0.0,24.05,56.58,942.8,9.85,6.32,3.52,NASA POWER Daily API,38.37
20241126,Londrina - PR,-23.3045,-51.1696,campo,sol,50.56,2.85,159.58,4.41,2.9,0.0,0,0.0,0.0,26.99,57.3,940.5,80.0,8.71,3.07,NASA POWER Daily API,31.27
20241127,Londrina - PR,-23.3045,-51.1696,transporte,sol,44.57,5.99,191.09,20.24,1.9,0.0,0,0.0,1.0,28.52,58.61,938.2,8.91,5.24,2.38,NASA POWER Daily API,50.57
20241128,Londrina - PR,-23.3045,-51.1696,campo,chuva,87.86,4.55,202.83,10.01,2.9,19.34,1,2.0,0.0,25.79,81.72,938.0,6.37,3.6,2.4,NASA POWER Daily API,90.3
20241129,Londrina - PR,-23.3045,-51.1696,proximidade_agua,chuva,100.0,4.84,161.2,8.62,2.9,15.11,1,2.0,2.0,26.34,80.69,939.1,9.36,2.5,2.9,NASA POWER Daily API,92.41
20241130,Londrina - PR,-23.3045,-51.1696,campo,garoa,90.28,4.36,225.64,6.68,1.9,2.81,0,4.0,0.0,25.5,82.29,940.0,21.88,3.72,1.7,NASA POWER Daily API,48.17
20241201,Londrina - PR,-23.3045,-51.1696,campo,garoa,83.69,5.81,104.69,13.27,1.9,0.69,0,4.0,0.0,25.72,77.69,938.8,52.78,2.01,3.52,NASA POWER Daily API,54.02
20241202,Londrina - PR,-23.3045,-51.1696,campo,tempestade,100.0,7.99,184.63,17.09,2.9,27.13,1,3.0,0.0,25.24,84.12,936.8,8.58,3.66,4.0,NASA POWER Daily API,100.0
20241203,Londrina - PR,-23.3045,-51.1696,transporte,chuva,100.0,7.8,43.13,19.6,1.9,12.09,1,2.0,1.0,24.64,89.85,937.5,4.17,3.43,2.66,NASA POWER Daily API,100.0
20241204,Londrina - PR,-23.3045,-51.1696,campo,garoa,100.0,8.27,246.34,7.99,2.9,2.2,0,4.0,0.0,22.94,82.93,939.8,2.03,5.55,4.96,NASA POWER Daily API,64.41
20241205,Londrina - PR,-23.3045,-51.1696,campo,garoa,100.0,8.02,184.91,9.17,2.9,0.23,0,4.0,0.0,23.53,77.95,939.6,25.52,8.7,3.32,NASA POWER Daily API,57.76
20241206,Londrina - PR,-23.3045,-51.1696,transporte,garoa,100.0,5.59,142.64,20.05,4.9,2.04,0,4.0,1.0,25.19,84.53,939.2,12.37,4.13,4.47,NASA POWER Daily API,74.86
20241207,Londrina - PR,-23.3045,-51.1696,campo,tempestade,100.0,13.78,202.87,4.05,3.9,36.75,1,3.0,0.0,24.72,88.22,939.1,14.14,3.38,3.19,NASA POWER Daily API,100.0
20241208,Londrina - PR,-23.3045,-51.1696,campo,chuva,100.0,5.4,116.19,6.25,1.9,19.44,1,2.0,0.0,24.26,90.96,939.7,5.02,8.26,3.38,NASA POWER Daily API,89.27
20241209,Londrina - PR,-23.3045,-51.1696,campo,chuva,100.0,5.33,190.86,10.6,3.9,6.23,1,2.0,0.0,25.16,86.0,939.6,4.76,1.73,3.2,NASA POWER Daily API,85.3
20241210,Londrina - PR,-23.3045,-51.1696,campo,chuva,100.0,6.81,5.0,7.88,1.9,16.63,1,2.0,0.0,25.14,85.8,938.2,6.16,4.35,3.8,NASA POWER Daily API,100.0
20241211,Londrina - PR,-23.3045,-51.1696,campo,garoa,100.0,5.35,102.55,4.21,3.9,0.16,0,4.0,0.0,22.88,78.57,939.7,6.74,8.3,3.18,NASA POWER Daily API,50.84
20241212,Londrina - PR,-23.3045,-51.1696,campo,sol,100.0,5.89,293.19,12.85,1.9,0.0,0,0.0,0.0,22.24,73.48,940.6,19.71,8.11,3.02,NASA POWER Daily API,57.69
20241213,Londrina - PR,-23.3045,-51.1696,campo,garoa,100.0,6.78,224.15,10.79,2.9,3.44,0,4.0,0.0,22.86,75.46,939.4,1.49,7.1,2.94,NASA POWER Daily API,73.55
20241214,Londrina - PR,-23.3045,-51.1696,proximidade_agua,chuva,100.0,11.05,262.13,3.91,1.9,21.24,1,2.0,2.0,22.39,90.75,936.0,12.26,7.13,4.07,NASA POWER Daily API,98.2
20241215,Londrina - PR,-23.3045,-51.1696,campo,garoa,100.0,6.42,145.11,7.01,1.9,0.1,0,4.0,0.0,22.53,80.2,936.7,10.03,5.96,4.15,NASA POWER Daily API,51.31
20241216,Londrina - PR,-23.3045,-51.1696,campo,garoa,89.51,1.69,147.73,7.41,2.9,0.01,0,4.0,0.0,20.96,76.39,940.3,22.67,3.15,3.64,NASA POWER Daily API,45.51
20241217,Londrina - PR,-23.3045,-51.1696,campo,garoa,73.66,3.62,358.05,13.05,2.9,1.17,0,4.0,0.0,21.56,70.1,942.2,11.51,6.61,2.42,NASA POWER Daily API,50.8
20241218,Londrina - PR,-23.3045,-51.1696,transporte,garoa,69.4,7.37,229.53,21.7,1.9,0.01,0,4.0,1.0,22.46,71.91,942.1,4.38,3.56,2.73,NASA POWER Daily API,61.03
20241219,Londrina - PR,-23.3045,-51.1696,campo,garoa,81.76,5.03,163.7,12.82,1.9,2.07,0,4.0,0.0,22.97,79.45,941.0,7.35,3.01,3.39,NASA POWER Daily API,53.22
20241220,Londrina - PR,-23.3045,-51.1696,proximidade_agua,chuva,100.0,6.72,278.43,8.04,4.9,18.58,1,2.0,2.0,24.35,87.61,938.0,7.67,7.14,2.95,NASA POWER Daily API,100.0
20241221,Londrina - PR,-23.3045,-51.1696,campo,chuva,100.0,4.62,179.14,12.7,2.9,18.88,1,2.0,0.0,25.17,85.43,938.1,39.43,4.23,3.06,NASA POWER Daily API,97.02
20241222,Londrina - PR,-23.3045,-51.1696,campo,garoa,95.53,1.85,68.4,10.46,1.9,0.45,0,4.0,0.0,24.4,83.27,940.6,7.61,4.32,1.92,NASA POWER Daily API,56.03
20241223,Londrina - PR,-23.3045,-51.1696,campo,garoa,100.0,7.9,444.44,11.64,1.9,2.67,0,4.0,0.0,24.22,81.53,940.7,11.67,7.42,2.46,NASA POWER Daily API,60.82
20241224,Londrina - PR,-23.3045,-51.1696,campo,garoa,100.0,11.74,295.37,11.41,1.9,0.52,0,4.0,0.0,23.22,76.12,940.7,11.11,3.47,3.25,NASA POWER Daily API,62.52
20241225,Londrina - PR,-23.3045,-51.1696,transporte,garoa,100.0,15.54,305.23,14.11,2.9,0.31,1,4.0,1.0,23.22,80.57,938.6,0.97,5.27,2.65,NASA POWER Daily API,99.98
20241226,Londrina - PR,-23.3045,-51.1696,transporte,garoa,100.0,10.71,156.92,17.48,1.9,0.32,0,4.0,1.0,24.17,78.75,937.4,37.67,2.97,2.35,NASA POWER Daily API,69.07
20241227,Londrina - PR,-23.3045,-51.1696,transporte,garoa,66.82,8.38,136.34,20.99,1.9,0.35,0,4.0,1.0,23.68,75.17,938.9,1.94,3.88,2.84,NASA POWER Daily API,66.98
20241228,Londrina - PR,-23.3045,-51.1696,campo,garoa,30.46,6.06,118.19,14.34,1.9,0.01,0,4.0,0.0,23.34,65.38,940.3,9.82,4.18,2.99,NASA POWER Daily API,38.9
20241229,Londrina - PR,-23.3045,-51.1696,transporte,garoa,36.8,6.2,215.62,10.17,2.9,1.48,0,4.0,1.0,24.12,67.55,939.0,5.36,2.1,2.68,NASA POWER Daily API,39.37
20241230,Londrina - PR,-23.3045,-51.1696,campo,garoa,36.35,8.46,79.16,13.79,1.9,0.39,0,4.0,0.0,24.48,69.88,939.2,4.62,4.96,2.64,NASA POWER Daily API,46.19
20241231,Londrina - PR,-23.3045,-51.1696,campo,garoa,29.58,7.87,261.21,9.2,1.9,0.86,0,4.0,0.0,25.46,65.43,939.7,9.96,2.46,2.2,NASA POWER Daily API,34.96
20250101,Londrina - PR,-23.3045,-51.1696,campo,garoa,31.37,8.05,101.01,5.64,1.9,2.06,0,4.0,0.0,26.11,64.76,939.7,5.77,12.8,2.16,NASA POWER Daily API,32.38
20250102,Londrina - PR,-23.3045,-51.1696,campo,garoa,32.26,5.47,425.69,15.55,3.9,1.65,0,4.0,0.0,26.05,66.56,939.1,80.0,6.37,2.74,NASA POWER Daily API,46.27
20250103,Londrina - PR,-23.3045,-51.1696,campo,garoa,46.96,2.93,105.26,10.74,1.9,1.27,0,4.0,0.0,26.31,68.71,937.9,2.15,4.77,2.73,NASA POWER Daily API,43.43
20250104,Londrina - PR,-23.3045,-51.1696,campo,garoa,29.42,5.37,226.09,5.32,1.9,0.01,0,4.0,0.0,25.73,60.27,937.5,11.53,5.99,4.04,NASA POWER Daily API,26.78
20250105,Londrina - PR,-23.3045,-51.1696,transporte,sol,27.78,4.92,210.76,16.07,1.9,0.0,0,0.0,1.0,24.99,56.11,937.8,3.15,6.35,2.94,NASA POWER Daily API,39.23
20250106,Londrina - PR,-23.3045,-51.1696,transporte,sol,22.98,7.22,50.66,10.63,2.9,0.0,0,0.0,1.0,24.56,52.51,938.0,15.43,10.65,2.81,NASA POWER Daily API,47.34
20250107,Londrina - PR,-23.3045,-51.1696,campo,sol,31.02,9.87,125.64,14.12,1.9,0.0,0,0.0,0.0,25.42,53.0,937.9,14.36,9.81,2.51,NASA POWER Daily API,42.95
20250108,Londrina - PR,-23.3045,-51.1696,transporte,garoa,40.02,6.33,360.0,21.51,2.9,0.56,0,4.0,1.0,25.86,61.0,937.9,3.43,2.92,2.88,NASA POWER Daily API,53.85
20250109,Londrina - PR,-23.3045,-51.1696,transporte,garoa,23.73,11.14,189.41,19.28,2.9,0.33,0,4.0,1.0,25.57,62.92,937.3,2.44,3.24,3.01,NASA POWER Daily API,57.05
20250110,Londrina - PR,-23.3045,-51.1696,campo,garoa,37.08,2.46,65.94,18.27,1.9,0.74,0,4.0,0.0,25.5,61.31,938.2,8.29,5.97,3.01,NASA POWER Daily API,50.08
20250111,Londrina - PR,-23.3045,-51.1696,campo,chuva,43.95,2.06,242.32,13.24,1.9,5.47,0,2.0,0.0,25.54,64.87,937.6,2.26,3.32,3.11,NASA POWER Daily API,53.25
20250112,Londrina - PR,-23.3045,-51.1696,campo,garoa,36.7,0.0,196.77,15.89,1.9,1.18,0,4.0,0.0,25.26,65.39,937.8,12.44,6.18,2.78,NASA POWER Daily API,37.63
20250113,Londrina - PR,-23.3045,-51.1696,proximidade_agua,sol,39.03,11.32,98.04,11.48,1.9,0.0,0,0.0,2.0,24.5,60.76,937.9,3.47,9.56,3.21,NASA POWER Daily API,47.58
20250114,Londrina - PR,-23.3045,-51.1696,campo,garoa,35.63,14.56,267.17,8.68,2.9,0.04,0,4.0,0.0,25.1,56.92,937.8,25.7,2.86,3.12,NASA POWER Daily API,44.65
20250115,Londrina - PR,-23.3045,-51.1696,campo,sol,38.23,1.62,102.56,11.62,2.9,0.0,0,0.0,0.0,25.96,53.89,938.3,10.34,6.72,3.02,NASA POWER Daily API,35.45
20250116,Londrina - PR,-23.3045,-51.1696,transporte,garoa,51.04,8.09,94.59,26.05,2.9,1.99,0,4.0,1.0,26.97,62.48,939.2,4.65,6.98,3.47,NASA POWER Daily API,65.95
20250117,Londrina - PR,-23.3045,-51.1696,transporte,chuva,100.0,6.49,137.33,21.04,2.9,23.21,1,2.0,1.0,23.62,89.39,939.6,8.04,4.62,3.64,NASA POWER Daily API,100.0
20250118,Londrina - PR,-23.3045,-51.1696,campo,chuva,90.81,8.82,74.18,8.66,1.9,8.73,1,2.0,0.0,24.38,84.65,940.9,5.39,3.6,3.37,NASA POWER Daily API,86.29
20250119,Londrina - PR,-23.3045,-51.1696,campo,garoa,98.02,8.41,85.86,14.82,1.9,4.27,0,4.0,0.0,25.56,79.72,939.9,16.88,2.41,2.47,NASA POWER Daily API,67.55
20250120,Londrina - PR,-23.3045,-51.1696,campo,chuva,100.0,5.15,395.3,8.58,2.9,10.41,1,2.0,0.0,25.03,82.41,939.0,9.21,10.59,3.44,NASA POWER Daily API,84.23
20250121,Londrina - PR,-23.3045,-51.1696,campo,chuva,100.0,3.56,282.75,10.52,1.9,6.91,1,2.0,0.0,25.32,77.78,940.6,0.8,4.62,3.11,NASA POWER Daily API,91.4
20250122,Londrina - PR,-23.3045,-51.1696,transporte,chuva,100.0,10.17,134.5,26.84,1.9,5.73,1,2.0,1.0,26.34,72.54,943.1,3.73,10.52,2.04,NASA POWER Daily API,100.0
20250123,Londrina - PR,-23.3045,-51.1696,proximidade_agua,garoa,100.0,3.7,5.0,9.22,2.9,4.12,0,4.0,2.0,25.99,73.28,943.7,4.31,3.23,1.69,NASA POWER Daily API,86.2
20250124,Londrina - PR,-23.3045,-51.1696,campo,garoa,90.62,5.2,117.39,11.71,1.9,1.89,0,4.0,0.0,26.19,71.74,942.8,2.67,9.07,2.13,NASA POWER Daily API,60.37
20250125,Londrina - PR,-23.3045,-51.1696,campo,garoa,92.86,7.77,185.87,9.53,1.9,2.2,0,4.0,0.0,27.34,67.1,941.8,7.63,7.94,2.75,NASA POWER Daily API,55.38
20250126,Londrina - PR,-23.3045,-51.1696,transporte,garoa,75.98,8.96,229.73,20.99,1.9,0.59,0,4.0,1.0,26.71,70.69,941.1,4.99,3.59,2.15,NASA POWER Daily API,64.41
20250127,Londrina - PR,-23.3045,-51.1696,campo,garoa,70.58,6.67,115.59,13.49,1.9,3.9,0,4.0,0.0,25.5,75.7,940.8,8.68,4.26,2.73,NASA POWER Daily API,54.17
20250128,Londrina - PR,-23.3045,-51.1696,proximidade_agua,garoa,61.56,9.49,142.4,9.5,2.9,1.58,0,4.0,2.0,25.67,72.1,940.4,4.34,3.0,1.62,NASA POWER Daily API,53.42
20250129,Londrina - PR,-23.3045,-51.1696,transporte,garoa,47.6,5.46,307.38,15.98,1.9,1.06,0,4.0,1.0,26.31,68.82,939.8,10.46,2.68,2.07,NASA POWER Daily API,46.49
20250130,Londrina - PR,-23.3045,-51.1696,proximidade_agua,garoa,43.0,6.12,281.77,10.76,1.9,0.13,0,4.0,2.0,26.9,65.22,938.5,2.6,1.86,1.69,NASA POWER Daily API,48.49
20250131,Londrina - PR,-23.3045,-51.1696,campo,garoa,52.77,10.74,134.76,6.64,1.9,4.19,0,4.0,0.0,24.42,76.07,937.2,5.42,7.7,1.47,NASA POWER Daily API,45.07
20250201,Londrina - PR,-23.3045,-51.1696,transporte,chuva,62.51,2.39,78.24,8.06,2.9,5.61,0,2.0,1.0,24.18,80.21,936.7,2.5,2.47,2.48,NASA POWER Daily API,58.56
20250202,Londrina - PR,-23.3045,-51.1696,campo,garoa,64.83,6.32,148.79,12.71,1.9,3.39,0,4.0,0.0,23.97,80.91,937.4,5.79,3.63,2.85,NASA POWER Daily API,50.86
20250203,Londrina - PR,-23.3045,-51.1696,campo,chuva,100.0,6.84,187.54,8.86,2.9,19.49,1,2.0,0.0,22.75,88.26,938.9,6.37,6.52,2.95,NASA POWER Daily API,95.7
20250204,Londrina - PR,-23.3045,-51.1696,campo,chuva,100.0,0.0,216.72,5.44,1.9,21.69,1,2.0,0.0,22.78,89.33,940.0,37.07,11.19,3.71,NASA POWER Daily API,84.34
20250205,Londrina - PR,-23.3045,-51.1696,campo,chuva,100.0,7.51,104.76,9.5,2.9,15.79,1,2.0,0.0,22.77,92.05,940.6,1.95,7.81,3.45,NASA POWER Daily API,100.0
20250206,Londrina - PR,-23.3045,-51.1696,campo,chuva,100.0,6.88,233.48,11.27,2.9,6.18,1,2.0,0.0,22.7,89.41,942.7,16.74,4.65,2.91,NASA POWER Daily API,86.1
20250207,Londrina - PR,-23.3045,-51.1696,campo,garoa,100.0,14.63,162.33,13.78,1.9,1.81,1,4.0,0.0,24.53,74.62,942.8,5.5,2.66,1.13,NASA POWER Daily API,85.59
20250208,Londrina - PR,-23.3045,-51.1696,campo,garoa,100.0,6.88,184.3,8.24,2.9,0.92,0,4.0,0.0,24.14,81.79,943.2,3.54,2.56,3.0,NASA POWER Daily API,55.81
20250209,Londrina - PR,-23.3045,-51.1696,transporte,garoa,100.0,3.23,5.95,14.93,1.9,0.53,0,4.0,1.0,24.86,76.94,943.7,18.71,4.38,2.92,NASA POWER Daily API,83.0
20250210,Londrina - PR,-23.3045,-51.1696,campo,garoa,100.0,5.58,384.84,9.22,2.9,1.03,0,4.0,0.0,24.94,76.02,942.2,4.1,5.42,2.67,NASA POWER Daily API,55.84
20250211,Londrina - PR,-23.3045,-51.1696,campo,garoa,76.07,7.32,168.08,6.65,1.9,1.28,0,4.0,0.0,24.69,73.33,941.1,12.9,2.07,2.7,NASA POWER Daily API,45.44
20250212,Londrina - PR,-23.3045,-51.1696,campo,garoa,39.97,9.44,178.15,12.0,1.9,0.14,0,4.0,0.0,25.07,69.66,941.6,5.48,7.64,2.37,NASA POWER Daily API,42.41
20250213,Londrina - PR,-23.3045,-51.1696,campo,garoa,54.2,2.03,164.18,12.64,1.9,4.18,0,4.0,0.0,25.14,73.02,942.7,1.53,2.44,2.01,NASA POWER Daily API,49.46
20250214,Londrina - PR,-23.3045,-51.1696,campo,garoa,45.27,7.15,166.71,10.95,2.9,3.01,0,4.0,0.0,25.13,74.24,941.1,7.64,3.51,1.52,NASA POWER Daily API,45.19
20250215,Londrina - PR,-23.3045,-51.1696,campo,garoa,56.46,7.16,71.41,13.56,1.9,4.86,0,4.0,0.0,26.61,72.43,940.0,4.09,6.57,1.54,NASA POWER Daily API,57.09
20250216,Londrina - PR,-23.3045,-51.1696,transporte,garoa,49.74,10.74,97.28,21.2,2.9,0.33,0,4.0,1.0,27.93,67.12,940.3,58.42,3.48,2.65,NASA POWER Daily API,60.63
20250217,Londrina - PR,-23.3045,-51.1696,campo,garoa,54.74,10.01,112.79,14.09,1.9,0.76,0,4.0,0.0,28.16,65.16,941.0,8.16,8.23,2.65,NASA POWER Daily API,50.68
20250218,Londrina - PR,-23.3045,-51.1696,transporte,chuva,80.82,7.79,286.51,14.67,1.9,6.49,1,2.0,1.0,25.68,74.98,941.6,4.83,1.76,2.54,NASA POWER Daily API,82.8
20250219,Londrina - PR,-23.3045,-51.1696,campo,garoa,68.35,8.44,91.46,18.87,1.9,1.19,0,4.0,0.0,24.91,78.09,941.8,9.43,3.94,2.28,NASA POWER Daily API,59.44
20250220,Londrina - PR,-23.3045,-51.1696,campo,garoa,59.21,9.42,240.17,14.59,1.9,0.2,0,4.0,0.0,26.73,67.68,942.9,21.71,2.76,1.94,NASA POWER Daily API,51.36
20250221,Londrina - PR,-23.3045,-51.1696,campo,garoa,53.91,8.12,138.8,10.89,1.9,3.27,0,4.0,0.0,27.6,62.03,944.0,2.16,4.95,2.05,NASA POWER Daily API,52.62
20250222,Londrina - PR,-23.3045,-51.1696,campo,garoa,52.49,4.67,183.28,5.97,1.9,0.61,0,4.0,0.0,26.53,68.14,944.0,7.92,5.34,2.52,NASA POWER Daily API,33.9
20250223,Londrina - PR,-23.3045,-51.1696,transporte,garoa,39.9,5.03,194.45,11.04,2.9,0.26,0,4.0,1.0,27.15,62.15,942.8,2.5,4.1,2.86,NASA POWER Daily API,44.74
20250224,Londrina - PR,-23.3045,-51.1696,transporte,garoa,59.29,12.79,178.08,19.24,1.9,3.77,0,4.0,1.0,26.54,65.44,942.5,10.02,6.17,3.59,NASA POWER Daily API,64.16
20250225,Londrina - PR,-23.3045,-51.1696,campo,garoa,57.95,8.66,308.36,11.66,1.9,3.86,0,4.0,0.0,26.2,69.75,943.6,4.83,4.67,3.32,NASA POWER Daily API,49.95
20250226,Londrina - PR,-23.3045,-51.1696,transporte,garoa,46.97,3.35,209.24,20.39,1.9,1.67,0,4.0,1.0,27.19,65.03,943.8,3.97,13.52,2.3,NASA POWER Daily API,49.9
20250227,Londrina - PR,-23.3045,-51.1696,campo,garoa,56.47,4.87,204.42,11.67,1.9,2.2,0,4.0,0.0,26.49,66.35,942.8,4.62,3.82,2.83,NASA POWER Daily API,44.02
20250228,Londrina - PR,-23.3045,-51.1696,campo,garoa,38.77,6.36,107.92,10.63,1.9,0.13,0,4.0,0.0,27.0,61.63,942.6,15.82,15.55,3.46,NASA POWER Daily API,37.07
20250301,Londrina - PR,-23.3045,-51.1696,transporte,garoa,50.57,9.0,202.57,19.35,2.9,0.31,0,4.0,1.0,27.64,61.22,943.6,13.45,3.84,3.52,NASA POWER Daily API,56.49
20250302,Londrina - PR,-23.3045,-51.1696,campo,garoa,40.75,4.98,245.88,13.93,1.9,0.07,0,4.0,0.0,27.66,60.81,943.8,5.31,5.45,3.4,NASA POWER Daily API,40.15
20250303,Londrina - PR,-23.3045,-51.1696,transporte,garoa,33.94,2.95,181.01,23.89,2.9,0.04,0,4.0,1.0,28.17,59.19,943.8,3.78,3.27,3.03,NASA POWER Daily API,50.55
20250304,Londrina - PR,-23.3045,-51.1696,campo,garoa,31.56,7.64,5.0,6.68,1.9,0.02,0,4.0,0.0,27.06,57.89,942.9,4.6,5.33,4.05,NASA POWER Daily API,56.64
20250305,Londrina - PR,-23.3045,-51.1696,campo,garoa,35.99,1.02,86.06,11.43,1.9,1.04,0,4.0,0.0,26.45,62.12,943.8,5.5,5.26,4.23,NASA POWER Daily API,33.54
20250306,Londrina - PR,-23.3045,-51.1696,campo,garoa,22.91,4.62,196.34,14.43,1.9,0.15,0,4.0,0.0,26.78,59.92,945.2,14.65,1.5,4.11,NASA POWER Daily API,35.02
20250307,Londrina - PR,-23.3045,-51.1696,campo,sol,31.06,4.23,94.99,11.43,1.9,0.0,0,0.0,0.0,26.37,57.32,945.4,4.45,13.65,4.27,NASA POWER Daily API,33.15
20250308,Londrina - PR,-23.3045,-51.1696,campo,sol,21.06,2.39,214.47,7.83,1.9,0.0,0,0.0,0.0,27.4,56.02,944.1,11.1,6.74,2.97,NASA POWER Daily API,23.81
20250309,Londrina - PR,-23.3045,-51.1696,transporte,garoa,26.04,0.0,77.72,23.65,2.9,0.03,0,4.0,1.0,29.26,43.86,941.8,1.31,5.43,1.43,NASA POWER Daily API,60.6
20250310,Londrina - PR,-23.3045,-51.1696,proximidade_agua,garoa,32.94,6.81,22.59,5.96,1.9,2.96,0,4.0,2.0,26.98,54.48,940.8,4.39,1.72,2.25,NASA POWER Daily API,56.95
20250311,Londrina - PR,-23.3045,-51.1696,transporte,garoa,46.83,4.46,164.19,16.51,2.9,2.14,0,4.0,1.0,24.33,73.04,943.8,12.08,8.95,2.82,NASA POWER Daily API,48.77
20250312,Londrina - PR,-23.3045,-51.1696,proximidade_agua,garoa,48.42,16.09,311.75,4.49,2.9,4.53,0,4.0,2.0,24.88,70.88,944.4,7.58,12.44,1.87,NASA POWER Daily API,52.66
20250313,Londrina - PR,-23.3045,-51.1696,campo,garoa,51.59,8.07,231.45,20.63,1.9,2.3,0,4.0,0.0,24.82,74.93,942.6,80.0,4.16,2.55,NASA POWER Daily API,57.23
20250314,Londrina - PR,-23.3045,-51.1696,campo,garoa,47.46,4.41,215.64,4.45,1.9,0.96,0,4.0,0.0,26.13,66.89,941.3,13.88,11.2,1.85,NASA POWER Daily API,30.74
20250315,Londrina - PR,-23.3045,-51.1696,campo,chuva,70.46,5.06,213.51,1.19,1.9,6.45,0,2.0,0.0,26.41,64.77,941.8,10.67,6.44,2.19,NASA POWER Daily API,43.92
20250316,Londrina - PR,-23.3045,-51.1696,proximidade_agua,garoa,58.93,6.2,143.53,11.16,1.9,0.84,0,4.0,2.0,25.53,68.59,943.9,8.12,3.78,2.75,NASA POWER Daily API,48.15
20250317,Londrina - PR,-23.3045,-51.1696,campo,garoa,61.64,6.01,422.3,8.48,3.9,0.61,0,4.0,0.0,25.59,66.01,944.4,14.3,2.84,2.71,NASA POWER Daily API,45.46
20250318,Londrina - PR,-23.3045,-51.1696,proximidade_agua,garoa,64.62,4.39,214.16,9.31,2.9,1.69,0,4.0,2.0,25.81,63.66,942.5,16.24,4.98,2.65,NASA POWER Daily API,48.7
20250319,Londrina - PR,-23.3045,-51.1696,campo,garoa,50.46,7.21,211.67,7.43,2.9,1.02,0,4.0,0.0,25.66,63.89,941.9,5.24,10.08,2.16,NASA POWER Daily API,40.47
20250320,Londrina - PR,-23.3045,-51.1696,proximidade_agua,garoa,41.22,8.32,233.21,7.47,1.9,0.01,0,4.0,2.0,24.21,58.19,944.3,2.21,5.72,3.31,NASA POWER Daily API,45.63
20250321,Londrina - PR,-23.3045,-51.1696,manutencao,garoa,41.29,0.0,169.24,2.54,1.9,0.01,0,4.0,3.0,23.5,51.65,944.6,5.1,9.45,2.99,NASA POWER Daily API,20.73
20250322,Londrina - PR,-23.3045,-51.1696,campo,garoa,32.72,7.03,414.95,17.25,1.9,0.45,0,4.0,0.0,24.73,55.15,943.2,50.72,5.79,2.83,NASA POWER Daily API,44.45
20250323,Londrina - PR,-23.3045,-51.1696,proximidade_agua,garoa,32.45,8.05,5.0,7.87,2.9,1.16,0,4.0,2.0,25.93,58.91,941.3,20.84,4.55,2.57,NASA POWER Daily API,66.17
20250324,Londrina - PR,-23.3045,-51.1696,campo,garoa,39.62,2.09,330.77,10.54,2.9,2.49,0,4.0,0.0,26.15,65.28,941.2,17.3,5.46,1.97,NASA POWER Daily API,37.17
20250325,Londrina - PR,-23.3045,-51.1696,campo,garoa,32.78,6.08,142.63,6.19,2.9,1.17,0,4.0,0.0,27.53,60.2,941.5,18.2,8.93,1.67,NASA POWER Daily API,32.6
20250326,Londrina - PR,-23.3045,-51.1696,proximidade_agua,garoa,45.94,5.65,177.32,8.58,1.9,4.83,0,4.0,2.0,25.5,69.64,942.2,11.22,11.64,2.72,NASA POWER Daily API,44.36
20250327,Londrina - PR,-23.3045,-51.1696,campo,garoa,38.39,1.85,319.04,14.22,1.9,0.63,0,4.0,0.0,25.93,65.86,941.7,11.32,5.41,2.45,NASA POWER Daily API,37.2
20250328,Londrina - PR,-23.3045,-51.1696,proximidade_agua,garoa,44.44,10.38,135.39,3.84,2.9,0.79,0,4.0,2.0,25.65,65.94,941.0,24.63,3.85,2.71,NASA POWER Daily API,41.35
20250329,Londrina - PR,-23.3045,-51.1696,campo,garoa,52.73,4.92,311.6,16.58,1.9,2.17,0,4.0,0.0,25.81,68.39,941.1,6.26,3.27,2.24,NASA POWER Daily API,49.18
20250330,Londrina - PR,-23.3045,-51.1696,campo,garoa,47.21,9.62,173.05,9.65,2.9,0.19,0,4.0,0.0,25.25,67.37,940.4,12.48,2.37,2.88,NASA POWER Daily API,44.11
20250331,Londrina - PR,-23.3045,-51.1696,campo,garoa,39.41,7.62,146.07,6.68,1.9,0.21,0,4.0,0.0,25.85,63.43,942.5,4.19,3.13,2.57,NASA POWER Daily API,33.68
20250401,Londrina - PR,-23.3045,-51.1696,transporte,garoa,48.24,7.02,274.06,21.77,1.9,0.2,0,4.0,1.0,26.09,65.62,943.3,4.32,2.33,1.25,NASA POWER Daily API,54.5
20250402,Londrina - PR,-23.3045,-51.1696,manutencao,garoa,45.66,5.51,243.13,8.91,2.9,3.99,0,4.0,3.0,25.73,67.94,942.4,18.7,4.94,2.68,NASA POWER Daily API,41.88
20250403,Londrina - PR,-23.3045,-51.1696,campo,chuva,72.1,9.2,170.55,14.25,3.9,7.89,0,2.0,0.0,23.58,85.31,942.6,14.53,3.71,1.72,NASA POWER Daily API,70.77
20250404,Londrina - PR,-23.3045,-51.1696,campo,garoa,46.68,7.11,145.49,9.01,2.9,0.87,0,4.0,0.0,25.51,71.93,943.8,57.07,2.35,2.5,NASA POWER Daily API,40.93
20250405,Londrina - PR,-23.3045,-51.1696,transporte,garoa,41.7,7.64,266.24,21.36,1.9,0.03,0,4.0,1.0,21.37,62.29,948.6,3.37,7.12,5.7,NASA POWER Daily API,52.14
20250406,Londrina - PR,-23.3045,-51.1696,proximidade_agua,sol,47.7,10.55,36.16,16.96,1.9,0.0,0,0.0,2.0,21.34,62.19,948.4,1.61,3.38,5.14,NASA POWER Daily API,77.64
20250407,Londrina - PR,-23.3045,-51.1696,campo,sol,44.51,0.45,188.23,8.75,1.9,0.0,0,0.0,0.0,21.88,66.33,945.6,2.68,17.18,4.22,NASA POWER Daily API,36.03
20250408,Londrina - PR,-23.3045,-51.1696,transporte,garoa,52.04,8.99,25.17,16.59,1.9,1.43,0,4.0,1.0,23.4,65.89,943.3,5.45,4.78,3.3,NASA POWER Daily API,71.85
20250409,Londrina - PR,-23.3045,-51.1696,transporte,garoa,52.65,6.22,73.59,30.57,4.9,0.3,0,4.0,1.0,24.11,68.41,942.2,2.7,3.68,2.77,NASA POWER Daily API,83.53
20250410,Londrina - PR,-23.3045,-51.1696,campo,garoa,23.47,11.03,272.51,14.29,1.9,0.02,0,4.0,0.0,23.12,68.69,941.8,9.61,10.84,2.91,NASA POWER Daily API,41.86
20250411,Londrina - PR,-23.3045,-51.1696,campo,garoa,33.87,4.61,250.19,9.21,2.9,0.2,0,4.0,0.0,23.86,64.22,941.6,7.23,2.11,1.95,NASA POWER Daily API,34.23
20250412,Londrina - PR,-23.3045,-51.1696,campo,garoa,30.48,11.59,225.58,14.37,2.9,0.07,0,4.0,0.0,23.03,66.31,942.5,13.2,3.6,3.34,NASA POWER Daily API,46.8
20250413,Londrina - PR,-23.3045,-51.1696,campo,garoa,41.33,5.25,174.39,10.45,2.9,3.41,0,4.0,0.0,22.56,72.91,941.8,8.56,2.7,2.47,NASA POWER Daily API,41.72
20250414,Londrina - PR,-23.3045,-51.1696,campo,garoa,35.07,7.63,123.45,16.72,2.9,0.1,0,4.0,0.0,23.58,68.74,941.6,12.17,10.97,1.83,NASA POWER Daily API,47.05
20250415,Londrina - PR,-23.3045,-51.1696,proximidade_agua,chuva,65.24,9.35,68.89,2.98,3.9,12.69,0,2.0,2.0,22.36,75.0,942.1,5.64,3.28,3.46,NASA POWER Daily API,69.64
20250416,Londrina - PR,-23.3045,-51.1696,campo,garoa,62.41,2.5,57.02,14.7,2.9,3.49,0,4.0,0.0,23.22,77.19,941.0,2.23,4.36,1.7,NASA POWER Daily API,66.5
20250417,Londrina - PR,-23.3045,-51.1696,campo,garoa,60.5,5.2,178.21,14.36,2.9,0.2,0,4.0,0.0,23.41,72.79,942.4,4.24,4.21,2.25,NASA POWER Daily API,49.22
20250418,Londrina - PR,-23.3045,-51.1696,campo,garoa,58.7,12.79,145.41,10.38,2.9,0.38,0,4.0,0.0,22.59,78.53,942.8,11.17,3.83,2.61,NASA POWER Daily API,51.81
20250419,Londrina - PR,-23.3045,-51.1696,transporte,garoa,68.82,6.39,123.37,23.82,1.9,0.5,0,4.0,1.0,21.07,78.96,942.0,2.27,8.68,1.41,NASA POWER Daily API,68.95
20250420,Londrina - PR,-23.3045,-51.1696,campo,garoa,61.06,0.0,148.66,17.21,1.9,0.07,0,4.0,0.0,22.56,70.56,941.2,13.04,3.02,2.31,NASA POWER Daily API,45.3
20250421,Londrina - PR,-23.3045,-51.1696,transporte,garoa,55.38,7.78,353.34,24.86,2.9,0.09,0,4.0,1.0,22.7,67.32,941.3,3.12,3.82,2.28,NASA POWER Daily API,63.49
20250422,Londrina - PR,-23.3045,-51.1696,transporte,sol,27.82,4.16,177.52,13.49,1.9,0.0,0,0.0,1.0,22.33,63.89,942.1,6.38,2.65,2.66,NASA POWER Daily API,34.91
20250423,Londrina - PR,-23.3045,-51.1696,transporte,sol,21.29,10.58,5.0,18.36,4.9,0.0,0,0.0,1.0,22.52,61.88,942.2,2.59,6.48,2.57,NASA POWER Daily API,83.73
20250424,Londrina - PR,-23.3045,-51.1696,campo,chuva,78.69,4.07,106.46,6.46,3.9,16.67,1,2.0,0.0,18.87,82.49,941.3,8.62,5.17,2.5,NASA POWER Daily API,81.99
20250425,Londrina - PR,-23.3045,-51.1696,transporte,garoa,63.9,6.75,215.84,14.19,2.9,2.23,0,4.0,1.0,21.5,80.64,938.7,2.6,2.69,1.76,NASA POWER Daily API,59.84
20250426,Londrina - PR,-23.3045,-51.1696,campo,garoa,60.47,9.41,155.63,13.32,3.9,0.4,0,4.0,0.0,22.58,77.81,939.6,6.42,3.65,2.29,NASA POWER Daily API,54.86
20250427,Londrina - PR,-23.3045,-51.1696,campo,garoa,68.13,4.24,178.4,18.18,1.9,1.35,0,4.0,0.0,20.45,86.83,940.0,7.05,1.93,2.3,NASA POWER Daily API,54.79
20250428,Londrina - PR,-23.3045,-51.1696,campo,chuva,100.0,7.84,45.67,8.01,1.9,16.55,1,2.0,0.0,21.85,76.96,939.8,8.37,5.97,2.86,NASA POWER Daily API,100.0
20250429,Londrina - PR,-23.3045,-51.1696,proximidade_agua,garoa,86.31,5.08,240.69,0.0,2.9,0.02,0,4.0,2.0,19.14,64.63,941.1,26.63,5.2,2.54,NASA POWER Daily API,42.8
20250430,Londrina - PR,-23.3045,-51.1696,campo,sol,88.21,11.01,147.54,5.69,3.9,0.0,0,0.0,0.0,18.84,68.2,943.2,5.79,3.59,2.54,NASA POWER Daily API,54.7
20250501,Londrina - PR,-23.3045,-51.1696,transporte,sol,60.29,8.54,85.76,11.06,1.9,0.0,0,0.0,1.0,17.98,65.21,944.8,2.05,2.29,3.43,NASA POWER Daily API,53.3
20250502,Londrina - PR,-23.3045,-51.1696,campo,sol,44.86,8.5,257.09,16.44,2.9,0.0,0,0.0,0.0,19.34,66.2,945.3,40.21,4.19,2.82,NASA POWER Daily API,50.2
20250503,Londrina - PR,-23.3045,-51.1696,proximidade_agua,garoa,62.63,4.24,159.18,5.18,1.9,0.01,0,4.0,2.0,21.22,67.75,945.3,1.22,10.92,2.14,NASA POWER Daily API,50.84
20250504,Londrina - PR,-23.3045,-51.1696,campo,sol,56.38,0.0,91.59,18.71,1.9,0.0,0,0.0,0.0,21.1,66.03,945.3,1.44,5.6,3.3,NASA POWER Daily API,57.42
20250505,Londrina - PR,-23.3045,-51.1696,transporte,sol,30.85,6.52,276.52,15.84,1.9,0.0,0,0.0,1.0,21.36,67.02,945.9,8.4,4.6,3.34,NASA POWER Daily API,40.97
20250506,Londrina - PR,-23.3045,-51.1696,campo,sol,26.36,7.1,155.12,15.3,1.9,0.0,0,0.0,0.0,20.97,66.81,944.3,32.78,3.6,2.8,NASA POWER Daily API,39.67
20250507,Londrina - PR,-23.3045,-51.1696,proximidade_agua,sol,32.04,7.53,186.52,4.72,1.9,0.0,0,0.0,2.0,21.54,64.78,943.7,9.1,4.83,3.1,NASA POWER Daily API,32.64
20250508,Londrina - PR,-23.3045,-51.1696,campo,sol,24.77,5.74,38.5,14.9,2.9,0.0,0,0.0,0.0,22.44,64.34,943.3,19.72,7.64,3.23,NASA POWER Daily API,54.94
20250509,Londrina - PR,-23.3045,-51.1696,campo,garoa,38.34,9.45,23.43,6.77,1.9,2.36,0,4.0,0.0,23.4,69.93,942.3,24.7,3.22,3.38,NASA POWER Daily API,57.42
20250510,Londrina - PR,-23.3045,-51.1696,transporte,chuva,73.75,3.02,212.35,7.82,3.9,13.31,0,2.0,1.0,21.79,87.57,943.7,25.38,5.08,2.77,NASA POWER Daily API,62.31
20250511,Londrina - PR,-23.3045,-51.1696,proximidade_agua,garoa,56.92,6.96,95.29,12.18,1.9,0.03,0,4.0,2.0,19.11,73.26,948.1,53.54,7.81,4.41,NASA POWER Daily API,48.56
20250512,Londrina - PR,-23.3045,-51.1696,campo,garoa,56.21,8.35,278.85,17.95,1.9,0.02,0,4.0,0.0,19.37,72.33,948.5,2.33,1.79,4.47,NASA POWER Daily API,58.98
20250513,Londrina - PR,-23.3045,-51.1696,campo,garoa,53.83,11.81,309.16,16.31,1.9,0.06,0,4.0,0.0,20.11,76.83,947.7,3.77,2.15,3.71,NASA POWER Daily API,53.94
20250514,Londrina - PR,-23.3045,-51.1696,proximidade_agua,sol,43.4,3.44,136.99,8.75,1.9,0.0,0,0.0,2.0,19.62,69.31,948.0,3.84,6.77,4.02,NASA POWER Daily API,36.49
20250515,Londrina - PR,-23.3045,-51.1696,manutencao,sol,54.67,3.45,272.54,8.09,1.9,0.0,0,0.0,3.0,18.46,71.8,948.2,2.33,5.45,3.94,NASA POWER Daily API,41.05
20250516,Londrina - PR,-23.3045,-51.1696,transporte,sol,40.51,10.74,73.8,19.95,1.9,0.0,0,0.0,1.0,19.57,71.25,947.7,18.3,2.18,3.7,NASA POWER Daily API,58.17
20250517,Londrina - PR,-23.3045,-51.1696,campo,sol,34.42,4.39,149.41,10.25,1.9,0.0,0,0.0,0.0,20.35,66.87,946.1,1.72,6.99,3.68,NASA POWER Daily API,38.81
20250518,Londrina - PR,-23.3045,-51.1696,campo,chuva,43.78,6.28,230.98,11.16,1.9,6.2,0,2.0,0.0,21.19,67.18,945.6,18.92,3.2,3.32,NASA POWER Daily API,49.16
20250519,Londrina - PR,-23.3045,-51.1696,transporte,garoa,41.59,7.54,252.1,14.2,1.9,0.96,0,4.0,1.0,21.66,66.4,945.5,2.72,5.02,2.56,NASA POWER Daily API,50.16
20250520,Londrina - PR,-23.3045,-51.1696,transporte,garoa,47.89,4.55,183.42,19.86,1.9,0.01,0,4.0,1.0,22.63,62.86,945.8,2.87,2.04,2.01,NASA POWER Daily API,55.06
20250521,Londrina - PR,-23.3045,-51.1696,campo,garoa,40.59,9.59,252.82,16.52,1.9,0.94,0,4.0,0.0,22.68,63.62,945.5,3.99,1.65,1.82,NASA POWER Daily API,48.89
20250522,Londrina - PR,-23.3045,-51.1696,campo,garoa,50.4,4.76,83.02,11.78,1.9,3.75,0,4.0,0.0,21.78,67.02,945.8,7.01,2.66,2.01,NASA POWER Daily API,45.58
20250523,Londrina - PR,-23.3045,-51.1696,transporte,garoa,49.28,11.73,157.63,19.36,3.9,0.84,0,4.0,1.0,20.01,77.79,946.8,5.42,4.59,2.75,NASA POWER Daily API,61.41
20250524,Londrina - PR,-23.3045,-51.1696,transporte,garoa,46.42,2.83,100.45,20.04,1.9,0.02,0,4.0,1.0,19.6,74.11,947.6,3.77,5.01,3.63,NASA POWER Daily API,46.92
20250525,Londrina - PR,-23.3045,-51.1696,transporte,sol,39.22,8.03,340.56,15.86,2.9,0.0,0,0.0,1.0,20.27,68.91,946.8,4.47,1.82,2.92,NASA POWER Daily API,47.18
20250526,Londrina - PR,-23.3045,-51.1696,transporte,sol,37.47,6.41,201.04,20.16,2.9,0.0,0,0.0,1.0,19.99,66.12,945.5,12.56,2.06,3.42,NASA POWER Daily API,50.42
20250527,Londrina - PR,-23.3045,-51.1696,campo,garoa,28.11,3.36,197.17,14.4,2.9,0.01,0,4.0,0.0,20.1,61.1,943.7,4.51,5.26,4.08,NASA POWER Daily API,37.35
20250528,Londrina - PR,-23.3045,-51.1696,campo,chuva,82.4,7.22,137.08,8.38,1.9,17.15,1,2.0,0.0,16.03,74.99,943.7,16.26,5.83,5.25,NASA POWER Daily API,84.79
20250529,Londrina - PR,-23.3045,-51.1696,campo,garoa,61.81,6.83,100.37,7.38,2.9,0.01,0,4.0,0.0,9.56,71.17,948.3,3.46,12.62,3.39,NASA POWER Daily API,42.0
20250530,Londrina - PR,-23.3045,-51.1696,campo,sol,64.88,7.72,229.24,8.04,1.9,0.0,0,0.0,0.0,11.23,66.8,948.0,6.84,6.97,1.82,NASA POWER Daily API,42.55
20250531,Londrina - PR,-23.3045,-51.1696,campo,sol,54.92,8.01,154.26,10.17,2.9,0.0,0,0.0,0.0,13.7,63.22,947.6,5.54,5.94,2.09,NASA POWER Daily API,44.7
20250601,Londrina - PR,-23.3045,-51.1696,campo,garoa,59.76,0.64,205.75,6.35,2.9,0.03,0,4.0,0.0,17.96,66.09,948.4,1.81,5.96,2.29,NASA POWER Daily API,39.61
20250602,Londrina - PR,-23.3045,-51.1696,campo,garoa,54.19,6.67,193.73,17.29,2.9,0.12,0,4.0,0.0,18.62,67.58,948.3,7.13,10.1,3.67,NASA POWER Daily API,52.04
20250603,Londrina - PR,-23.3045,-51.1696,campo,chuva,75.72,3.49,177.13,7.54,3.9,7.44,0,2.0,0.0,18.46,80.05,946.3,12.83,9.51,3.43,NASA POWER Daily API,56.72
20250604,Londrina - PR,-23.3045,-51.1696,campo,chuva,66.13,6.74,174.38,20.35,2.9,5.84,0,2.0,0.0,19.99,82.05,944.5,21.14,7.94,2.49,NASA POWER Daily API,69.72
20250605,Londrina - PR,-23.3045,-51.1696,campo,chuva,73.19,11.79,241.23,10.81,1.9,7.52,0,2.0,0.0,20.71,80.42,943.4,10.49,7.5,3.66,NASA POWER Daily API,64.74
20250606,Londrina - PR,-23.3045,-51.1696,campo,chuva,100.0,8.96,290.47,15.66,2.9,23.12,1,2.0,0.0,20.38,88.05,944.3,24.72,4.61,2.21,NASA POWER Daily API,100.0
20250607,Londrina - PR,-23.3045,-51.1696,transporte,chuva,100.0,4.31,141.05,14.64,2.9,8.31,1,2.0,1.0,19.75,88.58,943.7,24.48,2.66,2.34,NASA POWER Daily API,89.38
20250608,Londrina - PR,-23.3045,-51.1696,campo,tempestade,100.0,9.59,277.21,4.58,3.9,51.34,1,3.0,0.0,17.7,92.78,941.9,2.07,6.33,2.76,NASA POWER Daily API,100.0
20250609,Londrina - PR,-23.3045,-51.1696,transporte,garoa,100.0,1.75,141.99,22.15,1.9,0.66,0,4.0,1.0,16.36,86.79,943.7,9.6,1.48,2.03,NASA POWER Daily API,65.77
20250610,Londrina - PR,-23.3045,-51.1696,campo,garoa,100.0,7.52,199.43,14.26,3.9,0.02,0,4.0,0.0,14.41,81.94,946.2,10.62,4.92,1.9,NASA POWER Daily API,65.09
20250611,Londrina - PR,-23.3045,-51.1696,campo,sol,100.0,8.67,279.57,16.59,2.9,0.0,0,0.0,0.0,12.83,78.34,948.1,8.49,9.54,2.36,NASA POWER Daily API,66.91
20250612,Londrina - PR,-23.3045,-51.1696,proximidade_agua,sol,100.0,4.85,122.29,6.5,1.9,0.0,0,0.0,2.0,11.53,78.09,948.1,2.11,6.41,4.77,NASA POWER Daily API,58.14
20250613,Londrina - PR,-23.3045,-51.1696,campo,sol,100.0,8.13,55.58,9.84,1.9,0.0,0,0.0,0.0,12.99,80.49,947.8,7.74,2.22,4.92,NASA POWER Daily API,66.1
20250614,Londrina - PR,-23.3045,-51.1696,proximidade_agua,garoa,100.0,10.39,202.26,12.58,1.9,0.12,0,4.0,2.0,15.0,81.56,947.2,7.4,6.52,4.91,NASA POWER Daily API,65.73
20250615,Londrina - PR,-23.3045,-51.1696,campo,tempestade,100.0,2.23,129.18,12.51,3.9,27.11,1,3.0,0.0,15.65,87.94,945.9,17.82,5.15,2.52,NASA POWER Daily API,100.0
20250616,Londrina - PR,-23.3045,-51.1696,transporte,garoa,75.94,3.92,140.65,13.28,1.9,4.44,0,4.0,1.0,17.2,90.86,948.1,3.41,4.99,2.92,NASA POWER Daily API,53.92
20250617,Londrina - PR,-23.3045,-51.1696,manutencao,garoa,84.91,6.63,172.1,11.01,2.9,0.01,0,4.0,3.0,17.49,83.84,948.3,5.0,3.43,3.7,NASA POWER Daily API,53.26
20250618,Londrina - PR,-23.3045,-51.1696,campo,sol,91.89,8.98,173.22,17.6,1.9,0.0,0,0.0,0.0,17.23,80.12,948.0,1.56,12.37,2.98,NASA POWER Daily API,69.92
20250619,Londrina - PR,-23.3045,-51.1696,transporte,garoa,72.72,1.88,275.85,11.8,2.9,0.6,0,4.0,1.0,17.41,79.52,947.2,12.69,7.33,2.63,NASA POWER Daily API,46.24
20250620,Londrina - PR,-23.3045,-51.1696,transporte,garoa,88.39,8.01,176.72,14.2,1.9,0.05,0,4.0,1.0,17.37,84.79,945.4,1.31,8.27,2.85,NASA POWER Daily API,69.83
20250621,Londrina - PR,-23.3045,-51.1696,campo,chuva,100.0,0.0,84.31,9.04,1.9,5.74,1,2.0,0.0,16.49,90.16,943.0,3.02,20.11,2.18,NASA POWER Daily API,75.78
20250622,Londrina - PR,-23.3045,-51.1696,campo,chuva,63.15,6.4,99.17,6.06,1.9,5.08,0,2.0,0.0,17.57,92.2,939.4,12.03,6.58,2.71,NASA POWER Daily API,49.68
20250623,Londrina - PR,-23.3045,-51.1696,transporte,garoa,67.11,3.58,240.23,13.43,1.9,4.19,0,4.0,1.0,15.81,86.69,938.5,7.08,4.57,5.69,NASA POWER Daily API,50.62
20250624,Londrina - PR,-23.3045,-51.1696,proximidade_agua,sol,46.11,6.93,128.09,13.07,1.9,0.0,0,0.0,2.0,7.25,63.51,947.3,2.55,5.12,3.94,NASA POWER Daily API,52.42
20250625,Londrina - PR,-23.3045,-51.1696,transporte,garoa,48.94,5.7,253.12,17.76,1.9,0.01,0,4.0,1.0,8.03,60.27,946.4,4.2,3.82,3.83,NASA POWER Daily API,47.91
20250626,Londrina - PR,-23.3045,-51.1696,transporte,garoa,65.35,7.35,17.71,17.04,1.9,3.1,0,4.0,1.0,15.15,80.32,944.6,3.51,7.28,3.18,NASA POWER Daily API,78.42
20250627,Londrina - PR,-23.3045,-51.1696,proximidade_agua,garoa,66.91,11.34,151.11,6.7,2.9,0.68,0,4.0,2.0,18.48,90.77,946.1,15.31,2.2,2.22,NASA POWER Daily API,53.48
20250628,Londrina - PR,-23.3045,-51.1696,campo,garoa,57.72,8.77,383.31,9.69,1.9,0.1,0,4.0,0.0,19.01,87.83,945.7,8.88,6.01,3.65,NASA POWER Daily API,44.44
20250629,Londrina - PR,-23.3045,-51.1696,transporte,garoa,46.6,4.34,49.7,12.83,1.9,0.17,0,4.0,1.0,18.8,86.53,944.4,5.84,3.94,3.61,NASA POWER Daily API,52.34
20250630,Londrina - PR,-23.3045,-51.1696,campo,garoa,52.76,1.58,208.51,8.7,2.9,0.31,0,4.0,0.0,14.94,84.21,947.9,2.5,8.75,3.91,NASA POWER Daily API,41.74
20250701,Londrina - PR,-23.3045,-51.1696,manutencao,garoa,44.83,11.61,244.61,14.13,1.9,1.12,0,4.0,3.0,13.29,85.28,950.4,18.25,3.25,2.31,NASA POWER Daily API,49.18
20250702,Londrina - PR,-23.3045,-51.1696,campo,garoa,55.7,3.53,142.93,3.45,1.9,0.1,0,4.0,0.0,14.02,85.85,952.0,2.87,3.43,1.62,NASA POWER Daily API,35.66
20250703,Londrina - PR,-23.3045,-51.1696,campo,garoa,34.27,8.73,94.42,8.45,2.9,0.01,0,4.0,0.0,14.15,78.95,952.7,24.36,2.0,2.94,NASA POWER Daily API,36.77
20250704,Londrina - PR,-23.3045,-51.1696,campo,sol,45.75,1.57,272.03,13.01,1.9,0.0,0,0.0,0.0,13.38,80.19,951.7,8.17,6.32,3.43,NASA POWER Daily API,36.3
20250705,Londrina - PR,-23.3045,-51.1696,campo,sol,41.78,2.18,124.86,12.42,1.9,0.0,0,0.0,0.0,13.92,80.01,950.6,0.55,3.54,2.68,NASA POWER Daily API,47.09
20250706,Londrina - PR,-23.3045,-51.1696,transporte,garoa,26.34,10.15,134.79,8.5,1.9,0.01,0,4.0,1.0,13.85,73.27,949.1,51.11,1.83,1.7,NASA POWER Daily API,34.04
20250707,Londrina - PR,-23.3045,-51.1696,transporte,sol,42.72,6.84,343.88,16.03,1.9,0.0,0,0.0,1.0,13.43,78.47,950.1,23.32,4.87,2.79,NASA POWER Daily API,44.81
20250708,Londrina - PR,-23.3045,-51.1696,manutencao,sol,26.3,0.0,230.5,10.13,1.9,0.0,0,0.0,3.0,13.97,74.1,949.7,6.58,10.45,2.11,NASA POWER Daily API,25.36
20250709,Londrina - PR,-23.3045,-51.1696,campo,sol,27.76,7.47,354.04,14.8,1.9,0.0,0,0.0,0.0,13.52,72.62,950.1,7.08,6.39,3.14,NASA POWER Daily API,39.45
20250710,Londrina - PR,-23.3045,-51.1696,campo,garoa,30.17,6.96,309.12,15.56,1.9,0.01,0,4.0,0.0,14.92,77.81,951.3,16.87,4.98,3.15,NASA POWER Daily API,40.51
20250711,Londrina - PR,-23.3045,-51.1696,campo,sol,31.33,0.25,5.0,13.02,1.9,0.0,0,0.0,0.0,16.17,71.51,951.5,1.56,3.15,2.79,NASA POWER Daily API,62.12
20250712,Londrina - PR,-23.3045,-51.1696,campo,sol,30.7,9.47,218.51,7.87,1.9,0.0,0,0.0,0.0,16.72,68.76,950.4,12.89,4.64,3.05,NASA POWER Daily API,33.75
20250713,Londrina - PR,-23.3045,-51.1696,transporte,sol,34.91,4.6,272.47,21.54,1.9,0.0,0,0.0,1.0,16.9,73.65,950.9,31.65,2.43,3.82,NASA POWER Daily API,46.95
20250714,Londrina - PR,-23.3045,-51.1696,proximidade_agua,garoa,28.26,8.15,280.51,3.53,1.9,0.41,0,4.0,2.0,16.95,72.94,950.5,3.94,6.04,2.53,NASA POWER Daily API,30.59
20250715,Londrina - PR,-23.3045,-51.1696,proximidade_agua,garoa,31.39,4.46,270.74,4.1,3.9,0.49,0,4.0,2.0,17.32,69.73,948.4,24.24,1.64,2.51,NASA POWER Daily API,32.89
20250716,Londrina - PR,-23.3045,-51.1696,transporte,garoa,17.86,6.91,77.34,23.01,1.9,0.01,0,4.0,1.0,17.52,62.7,947.4,18.74,4.21,2.35,NASA POWER Daily API,50.15
20250717,Londrina - PR,-23.3045,-51.1696,proximidade_agua,sol,21.19,3.7,260.63,9.65,1.9,0.0,0,0.0,2.0,17.97,64.94,946.2,24.51,2.42,3.82,NASA POWER Daily API,31.36
20250718,Londrina - PR,-23.3045,-51.1696,transporte,sol,24.59,11.73,226.28,23.34,1.9,0.0,0,0.0,1.0,12.99,69.23,946.7,58.73,14.87,3.69,NASA POWER Daily API,53.88
20250719,Londrina - PR,-23.3045,-51.1696,campo,garoa,34.27,6.03,72.18,15.58,1.9,0.01,0,4.0,0.0,14.03,64.19,948.2,25.65,8.81,2.31,NASA POWER Daily API,46.35
20250720,Londrina - PR,-23.3045,-51.1696,proximidade_agua,sol,31.76,10.17,203.34,6.18,1.9,0.0,0,0.0,2.0,14.19,70.1,947.7,18.37,6.06,2.72,NASA POWER Daily API,36.88
20250721,Londrina - PR,-23.3045,-51.1696,transporte,garoa,27.99,7.97,207.67,21.93,2.9,0.01,0,4.0,1.0,16.7,65.84,945.8,16.22,4.12,2.14,NASA POWER Daily API,51.42
20250722,Londrina - PR,-23.3045,-51.1696,campo,sol,27.05,8.29,277.85,10.98,1.9,0.0,0,0.0,0.0,18.33,63.14,945.5,5.74,3.15,2.33,NASA POWER Daily API,35.64
20250723,Londrina - PR,-23.3045,-51.1696,campo,sol,25.2,7.64,266.76,6.87,1.9,0.0,0,0.0,0.0,18.94,61.2,947.1,21.58,3.61,1.96,NASA POWER Daily API,29.16
20250724,Londrina - PR,-23.3045,-51.1696,campo,garoa,39.69,1.04,203.18,17.16,1.9,0.63,0,4.0,0.0,16.87,71.66,946.6,27.59,7.02,4.19,NASA POWER Daily API,40.07
20250725,Londrina - PR,-23.3045,-51.1696,manutencao,garoa,45.15,12.93,205.5,1.41,1.9,3.6,0,4.0,3.0,17.35,76.73,945.3,19.44,8.58,3.14,NASA POWER Daily API,37.42
20250726,Londrina - PR,-23.3045,-51.1696,transporte,garoa,45.33,5.87,219.27,20.95,2.9,0.02,0,4.0,1.0,18.65,70.69,945.2,70.9,2.98,3.14,NASA POWER Daily API,53.24
20250727,Londrina - PR,-23.3045,-51.1696,transporte,garoa,37.65,4.02,59.79,22.71,1.9,4.35,0,4.0,1.0,19.98,61.78,941.6,24.63,3.7,4.88,NASA POWER Daily API,62.47
20250728,Londrina - PR,-23.3045,-51.1696,transporte,chuva,85.14,1.83,197.31,18.81,2.9,14.71,1,2.0,1.0,17.2,78.51,943.3,3.4,7.12,5.52,NASA POWER Daily API,92.85
20250729,Londrina - PR,-23.3045,-51.1696,transporte,sol,61.62,3.05,153.08,14.44,2.9,0.0,0,0.0,1.0,12.34,67.74,947.6,18.62,5.57,3.24,NASA POWER Daily API,46.84
20250730,Londrina - PR,-23.3045,-51.1696,manutencao,sol,49.89,1.37,289.88,4.76,1.9,0.0,0,0.0,3.0,12.23,61.6,948.3,6.09,5.66,2.88,NASA POWER Daily API,27.26
20250731,Londrina - PR,-23.3045,-51.1696,campo,sol,63.59,8.06,203.81,18.07,1.9,0.0,0,0.0,0.0,12.93,62.14,949.0,7.09,7.7,4.66,NASA POWER Daily API,54.98
20250801,Londrina - PR,-23.3045,-51.1696,proximidade_agua,garoa,53.52,6.71,217.25,5.36,3.9,0.01,0,4.0,2.0,15.71,67.7,948.9,5.18,5.31,4.83,NASA POWER Daily API,42.97
20250802,Londrina - PR,-23.3045,-51.1696,campo,sol,61.8,3.65,257.57,13.88,1.9,0.0,0,0.0,0.0,18.06,60.36,947.5,12.34,2.24,4.24,NASA POWER Daily API,44.68
20250803,Londrina - PR,-23.3045,-51.1696,transporte,garoa,56.19,1.33,234.33,22.86,1.9,0.06,0,4.0,1.0,18.36,58.89,946.6,0.74,4.21,3.44,NASA POWER Daily API,63.91
20250804,Londrina - PR,-23.3045,-51.1696,transporte,garoa,35.43,6.72,144.95,16.31,1.9,0.46,0,4.0,1.0,17.74,63.15,947.8,7.8,3.21,2.01,NASA POWER Daily API,43.45
20250805,Londrina - PR,-23.3045,-51.1696,campo,garoa,25.25,0.0,236.78,14.58,1.9,0.01,0,4.0,0.0,18.08,64.74,949.4,4.85,4.76,2.45,NASA POWER Daily API,30.64
20250806,Londrina - PR,-23.3045,-51.1696,transporte,sol,27.67,9.75,54.64,19.76,1.9,0.0,0,0.0,1.0,16.34,71.4,948.3,19.15,2.99,3.41,NASA POWER Daily API,58.75
20250807,Londrina - PR,-23.3045,-51.1696,manutencao,garoa,23.76,5.19,201.71,0.0,1.9,0.13,0,4.0,3.0,17.31,70.4,945.0,13.2,4.68,2.8,NASA POWER Daily API,17.84
20250808,Londrina - PR,-23.3045,-51.1696,campo,garoa,24.15,6.68,182.44,11.18,1.9,0.73,0,4.0,0.0,16.93,68.66,943.2,5.51,3.85,4.18,NASA POWER Daily API,34.19
20250809,Londrina - PR,-23.3045,-51.1696,campo,garoa,34.06,3.07,193.43,20.16,1.9,0.01,0,4.0,0.0,10.9,64.3,946.1,11.99,5.68,4.07,NASA POWER Daily API,43.71
20250810,Londrina - PR,-23.3045,-51.1696,campo,sol,21.8,6.19,228.86,13.75,1.9,0.0,0,0.0,0.0,11.63,57.68,947.6,23.54,4.54,2.26,NASA POWER Daily API,35.18
20250811,Londrina - PR,-23.3045,-51.1696,transporte,garoa,19.99,14.22,144.82,21.93,2.9,0.01,0,4.0,1.0,12.82,66.89,947.1,5.9,2.5,2.22,NASA POWER Daily API,55.49
20250812,Londrina - PR,-23.3045,-51.1696,campo,garoa,31.4,8.75,102.15,14.03,2.9,0.01,0,4.0,0.0,14.09,57.66,946.1,10.93,8.62,2.24,NASA POWER Daily API,43.36
20250813,Londrina - PR,-23.3045,-51.1696,campo,garoa,25.71,8.17,339.84,14.48,1.9,0.2,0,4.0,0.0,15.4,50.38,946.0,5.58,15.07,2.43,NASA POWER Daily API,39.65
20250814,Londrina - PR,-23.3045,-51.1696,transporte,sol,25.41,6.24,271.91,24.09,2.9,0.0,0,0.0,1.0,17.03,49.99,947.4,4.91,1.92,2.42,NASA POWER Daily API,51.4
20250815,Londrina - PR,-23.3045,-51.1696,proximidade_agua,garoa,28.78,4.39,24.04,8.92,2.9,0.04,0,4.0,2.0,15.24,66.47,948.7,2.89,6.16,3.66,NASA POWER Daily API,61.25
20250816,Londrina - PR,-23.3045,-51.1696,proximidade_agua,garoa,31.77,3.88,277.77,14.79,3.9,0.06,0,4.0,2.0,17.17,64.03,946.8,2.79,3.79,3.2,NASA POWER Daily API,51.46
20250817,Londrina - PR,-23.3045,-51.1696,campo,sol,35.27,3.17,319.21,11.13,1.9,0.0,0,0.0,0.0,18.9,58.66,945.6,23.5,15.06,2.88,NASA POWER Daily API,32.92
20250818,Londrina - PR,-23.3045,-51.1696,campo,sol,28.45,4.06,135.0,5.91,1.9,0.0,0,0.0,0.0,19.63,52.72,946.0,12.64,5.57,3.84,NASA POWER Daily API,25.25
20250819,Londrina - PR,-23.3045,-51.1696,transporte,sol,37.4,6.56,122.23,24.22,2.9,0.0,0,0.0,1.0,19.6,63.48,942.8,14.44,6.7,5.5,NASA POWER Daily API,55.82
20250820,Londrina - PR,-23.3045,-51.1696,campo,chuva,38.71,6.84,162.92,12.65,1.9,5.01,0,2.0,0.0,17.89,76.48,943.4,1.47,1.55,3.05,NASA POWER Daily API,61.11
20250821,Londrina - PR,-23.3045,-51.1696,campo,garoa,36.1,6.26,132.57,7.89,1.9,0.01,0,4.0,0.0,20.81,74.93,943.6,19.47,4.34,2.67,NASA POWER Daily API,32.51
20250822,Londrina - PR,-23.3045,-51.1696,transporte,sol,36.55,8.01,248.17,19.06,1.9,0.0,0,0.0,1.0,23.19,59.13,941.7,16.16,8.38,4.78,NASA POWER Daily API,48.57
20250823,Londrina - PR,-23.3045,-51.1696,manutencao,sol,30.58,1.13,299.09,5.2,1.9,0.0,0,0.0,3.0,23.01,51.14,941.3,2.02,4.86,4.15,NASA POWER Daily API,28.25
20250824,Londrina - PR,-23.3045,-51.1696,proximidade_agua,garoa,46.39,9.75,136.25,0.5,1.9,0.04,0,4.0,2.0,20.77,70.0,944.6,2.79,2.38,4.02,NASA POWER Daily API,39.98
20250825,Londrina - PR,-23.3045,-51.1696,manutencao,garoa,38.2,7.06,99.34,8.67,1.9,0.09,0,4.0,3.0,18.75,73.48,947.9,6.79,7.82,3.14,NASA POWER Daily API,34.73
20250826,Londrina - PR,-23.3045,-51.1696,campo,garoa,52.06,0.67,5.15,12.99,2.9,4.05,0,4.0,0.0,19.0,75.55,948.2,56.71,2.24,2.32,NASA POWER Daily API,68.92
20250827,Londrina - PR,-23.3045,-51.1696,proximidade_agua,garoa,37.07,8.49,130.37,3.22,1.9,0.09,0,4.0,2.0,19.18,70.6,948.0,8.39,4.1,2.6,NASA POWER Daily API,33.07
20250828,Londrina - PR,-23.3045,-51.1696,transporte,sol,34.01,6.55,164.99,15.31,1.9,0.0,0,0.0,1.0,19.64,66.84,947.8,4.48,5.04,2.71,NASA POWER Daily API,41.16
20250829,Londrina - PR,-23.3045,-51.1696,manutencao,sol,37.84,7.06,89.47,15.27,3.9,0.0,0,0.0,3.0,20.66,63.08,945.5,26.77,3.0,3.31,NASA POWER Daily API,47.41
20250830,Londrina - PR,-23.3045,-51.1696,transporte,sol,30.74,0.95,207.6,22.8,2.9,0.0,0,0.0,1.0,20.45,62.87,946.5,18.08,2.65,5.0,NASA POWER Daily API,45.9
20250831,Londrina - PR,-23.3045,-51.1696,campo,sol,28.27,4.88,131.11,9.08,1.9,0.0,0,0.0,0.0,20.5,60.88,946.8,5.93,5.32,5.3,NASA POWER Daily API,29.96
20250901,Londrina - PR,-23.3045,-51.1696,transporte,sol,33.15,3.51,242.26,22.24,1.9,0.0,0,0.0,1.0,21.29,61.67,947.9,5.19,3.46,5.1,NASA POWER Daily API,46.36
20250902,Londrina - PR,-23.3045,-51.1696,transporte,sol,21.41,7.11,167.1,30.83,3.9,0.0,0,0.0,1.0,21.68,61.21,947.3,1.45,3.32,5.01,NASA POWER Daily API,73.7
20250903,Londrina - PR,-23.3045,-51.1696,manutencao,sol,18.65,3.59,261.85,7.78,1.9,0.0,0,0.0,3.0,22.92,55.18,945.7,7.68,8.25,4.29,NASA POWER Daily API,24.18
20250904,Londrina - PR,-23.3045,-51.1696,transporte,sol,27.73,8.51,113.72,21.79,1.9,0.0,0,0.0,1.0,23.81,47.04,944.4,6.1,5.22,4.0,NASA POWER Daily API,49.67
20250905,Londrina - PR,-23.3045,-51.1696,transporte,garoa,9.03,5.88,238.03,20.12,1.9,0.01,0,4.0,1.0,24.64,46.64,944.1,0.78,12.62,3.64,NASA POWER Daily API,51.24
20250906,Londrina - PR,-23.3045,-51.1696,campo,garoa,35.15,9.54,112.54,0.73,2.9,0.13,0,4.0,0.0,23.11,64.85,945.2,11.34,2.69,2.23,NASA POWER Daily API,28.87
20250907,Londrina - PR,-23.3045,-51.1696,campo,sol,24.18,10.16,153.92,13.99,3.9,0.0,0,0.0,0.0,21.86,54.93,946.7,14.87,3.16,3.49,NASA POWER Daily API,44.73
20250908,Londrina - PR,-23.3045,-51.1696,transporte,garoa,19.85,6.26,81.61,12.21,2.9,0.04,0,4.0,1.0,24.09,49.32,943.1,8.09,1.41,5.7,NASA POWER Daily API,37.76
20250909,Londrina - PR,-23.3045,-51.1696,manutencao,garoa,26.6,6.39,179.79,1.85,3.9,1.23,0,4.0,3.0,23.06,41.9,942.9,1.84,3.07,4.99,NASA POWER Daily API,33.75
20250910,Londrina - PR,-23.3045,-51.1696,transporte,sol,16.92,9.53,163.31,17.6,2.9,0.0,0,0.0,1.0,22.1,39.24,945.3,10.53,3.21,2.17,NASA POWER Daily API,44.35
20250911,Londrina - PR,-23.3045,-51.1696,campo,sol,22.49,0.0,206.39,14.42,1.9,0.0,0,0.0,0.0,23.24,35.54,945.3,8.56,6.53,3.13,NASA POWER Daily API,29.89
20250912,Londrina - PR,-23.3045,-51.1696,transporte,garoa,23.57,7.95,167.0,19.46,2.9,0.11,0,4.0,1.0,24.29,40.27,944.0,13.19,7.74,3.0,NASA POWER Daily API,47.2
20250913,Londrina - PR,-23.3045,-51.1696,campo,sol,32.71,2.31,32.32,12.69,1.9,0.0,0,0.0,0.0,22.04,50.15,944.1,0.64,4.94,4.06,NASA POWER Daily API,62.6
20250914,Londrina - PR,-23.3045,-51.1696,campo,garoa,26.83,8.37,26.3,7.14,1.9,0.01,0,4.0,0.0,22.12,49.88,944.5,14.91,6.09,4.28,NASA POWER Daily API,50.05
20250915,Londrina - PR,-23.3045,-51.1696,campo,garoa,21.54,3.61,354.22,14.58,1.9,0.01,0,4.0,0.0,24.54,44.53,942.7,27.33,8.66,3.24,NASA POWER Daily API,33.78
20250916,Londrina - PR,-23.3045,-51.1696,campo,garoa,23.59,11.12,182.26,8.46,1.9,1.41,0,4.0,0.0,24.71,49.5,941.8,3.04,1.91,3.01,NASA POWER Daily API,36.03
20250917,Londrina - PR,-23.3045,-51.1696,transporte,sol,20.62,8.39,334.46,12.81,1.9,0.0,0,0.0,1.0,24.93,52.12,942.2,30.24,7.21,2.83,NASA POWER Daily API,36.34
20250918,Londrina - PR,-23.3045,-51.1696,transporte,sol,33.15,6.69,213.73,26.42,1.9,0.0,0,0.0,1.0,22.31,44.81,944.0,25.94,3.02,3.75,NASA POWER Daily API,55.2
20250919,Londrina - PR,-23.3045,-51.1696,transporte,sol,23.31,4.61,198.87,19.86,1.9,0.0,0,0.0,1.0,24.45,48.2,942.8,10.61,3.22,3.13,NASA POWER Daily API,41.95
20250920,Londrina - PR,-23.3045,-51.1696,manutencao,garoa,19.82,2.69,119.19,6.86,2.9,0.35,0,4.0,3.0,27.53,40.4,939.9,3.67,1.27,3.16,NASA POWER Daily API,25.32
20250921,Londrina - PR,-23.3045,-51.1696,campo,garoa,32.58,5.12,74.88,20.34,2.9,3.93,0,4.0,0.0,28.56,47.87,935.6,9.22,4.28,5.36,NASA POWER Daily API,56.79
20250922,Londrina - PR,-23.3045,-51.1696,campo,tempestade,100.0,9.72,11.93,8.57,2.9,37.1,1,3.0,0.0,21.05,68.63,936.9,54.18,14.79,6.49,NASA POWER Daily API,100.0
20250923,Londrina - PR,-23.3045,-51.1696,campo,sol,86.47,5.91,128.04,7.86,1.9,0.0,0,0.0,0.0,18.2,55.81,945.3,47.63,11.62,2.86,NASA POWER Daily API,47.09
20250924,Londrina - PR,-23.3045,-51.1696,transporte,garoa,76.13,1.03,270.45,26.28,1.9,0.04,0,4.0,1.0,20.15,56.97,949.7,5.53,10.42,3.75,NASA POWER Daily API,61.61
20250925,Londrina - PR,-23.3045,-51.1696,campo,garoa,95.88,1.06,209.18,19.98,1.9,0.06,0,4.0,0.0,18.88,61.53,950.7,18.19,5.05,5.71,NASA POWER Daily API,59.65
20250926,Londrina - PR,-23.3045,-51.1696,campo,garoa,98.06,4.86,114.75,9.84,1.9,0.09,0,4.0,0.0,18.27,63.17,948.4,1.6,7.4,5.67,NASA POWER Daily API,57.8
20250927,Londrina - PR,-23.3045,-51.1696,transporte,sol,93.33,0.22,252.89,25.02,2.9,0.0,0,0.0,1.0,19.76,59.92,945.6,16.81,9.97,4.42,NASA POWER Daily API,66.75
20250928,Londrina - PR,-23.3045,-51.1696,campo,garoa,85.27,12.3,244.7,8.4,1.9,0.01,1,4.0,0.0,21.71,58.24,943.9,16.74,9.94,2.96,NASA POWER Daily API,70.22
20250929,Londrina - PR,-23.3045,-51.1696,campo,garoa,22.11,7.34,262.35,19.87,2.9,0.03,0,4.0,0.0,25.99,51.34,943.6,8.64,10.71,2.13,NASA POWER Daily API,46.59
20250930,Londrina - PR,-23.3045,-51.1696,campo,garoa,19.17,13.15,130.03,9.04,1.9,0.11,0,4.0,0.0,27.26,50.0,943.8,24.63,11.32,3.43,NASA POWER Daily API,36.18
20251001,Londrina - PR,-23.3045,-51.1696,proximidade_agua,garoa,19.89,6.98,154.28,3.31,1.9,0.43,0,4.0,2.0,25.64,55.4,945.4,11.95,3.55,2.81,NASA POWER Daily API,26.95
20251002,Londrina - PR,-23.3045,-51.1696,campo,garoa,19.31,12.37,146.73,15.88,1.9,0.27,0,4.0,0.0,22.81,63.05,946.2,10.83,2.66,3.91,NASA POWER Daily API,43.94
20251003,Londrina - PR,-23.3045,-51.1696,proximidade_agua,garoa,27.83,7.08,292.72,9.88,2.9,0.61,0,4.0,2.0,22.15,68.28,944.8,6.84,4.08,3.92,NASA POWER Daily API,40.01
20251004,Londrina - PR,-23.3045,-51.1696,proximidade_agua,garoa,31.02,4.7,150.6,12.38,2.9,0.33,0,4.0,2.0,24.34,57.41,942.8,28.91,2.34,5.07,NASA POWER Daily API,41.47
20251005,Londrina - PR,-23.3045,-51.1696,transporte,sol,17.86,3.16,112.92,17.65,2.9,0.0,0,0.0,1.0,27.43,42.01,941.2,7.29,19.02,4.39,NASA POWER Daily API,38.61
20251006,Londrina - PR,-23.3045,-51.1696,manutencao,garoa,25.32,6.94,142.78,0.0,4.9,0.01,0,4.0,3.0,28.7,40.23,938.4,2.18,9.42,4.78,NASA POWER Daily API,32.94
20251007,Londrina - PR,-23.3045,-51.1696,transporte,chuva,39.06,3.14,195.15,20.0,1.9,6.73,0,2.0,1.0,23.63,71.78,941.0,7.61,7.79,2.52,NASA POWER Daily API,56.32
20251008,Londrina - PR,-23.3045,-51.1696,transporte,garoa,38.82,8.4,271.16,22.75,4.9,0.72,0,4.0,1.0,20.33,63.72,945.1,6.75,5.75,4.78,NASA POWER Daily API,61.17
20251009,Londrina - PR,-23.3045,-51.1696,manutencao,garoa,46.25,2.1,137.13,7.8,2.9,0.29,0,4.0,3.0,21.03,64.15,945.0,30.4,5.17,4.73,NASA POWER Daily API,33.39
20251010,Londrina - PR,-23.3045,-51.1696,campo,garoa,44.26,5.98,224.19,7.02,1.9,1.49,0,4.0,0.0,22.29,68.41,943.8,34.52,5.47,3.62,NASA POWER Daily API,34.97
20251011,Londrina - PR,-23.3045,-51.1696,transporte,chuva,83.79,0.0,175.0,24.36,1.9,17.16,1,2.0,1.0,23.04,67.3,940.9,1.85,3.46,4.17,NASA POWER Daily API,100.0
20251012,Londrina - PR,-23.3045,-51.1696,proximidade_agua,chuva,100.0,8.43,70.7,5.9,4.9,16.66,1,2.0,2.0,20.57,81.93,938.9,1.7,8.58,4.26,NASA POWER Daily API,100.0
20251013,Londrina - PR,-23.3045,-51.1696,transporte,tempestade,100.0,2.74,97.58,18.94,3.9,28.56,1,3.0,1.0,21.36,87.75,937.1,7.91,6.51,3.07,NASA POWER Daily API,100.0
20251014,Londrina - PR,-23.3045,-51.1696,transporte,garoa,100.0,8.05,198.44,18.05,1.9,0.09,0,4.0,1.0,22.29,70.86,941.6,44.1,3.88,1.94,NASA POWER Daily API,66.47
20251015,Londrina - PR,-23.3045,-51.1696,proximidade_agua,garoa,100.0,9.59,331.62,6.48,2.9,0.02,0,4.0,2.0,22.53,66.83,943.2,7.25,5.91,3.89,NASA POWER Daily API,59.6
20251016,Londrina - PR,-23.3045,-51.1696,campo,garoa,100.0,13.25,162.96,9.12,2.9,0.73,1,4.0,0.0,25.02,64.28,942.0,28.27,14.3,3.26,NASA POWER Daily API,79.5
20251017,Londrina - PR,-23.3045,-51.1696,campo,tempestade,100.0,0.91,100.28,9.5,1.9,28.66,1,3.0,0.0,25.1,69.52,940.0,1.64,5.14,2.83,NASA POWER Daily API,100.0
20251018,Londrina - PR,-23.3045,-51.1696,proximidade_agua,chuva,100.0,9.87,232.41,10.41,2.9,22.99,1,2.0,2.0,20.95,89.1,939.7,14.81,3.85,2.95,NASA POWER Daily API,100.0
20251019,Londrina - PR,-23.3045,-51.1696,transporte,garoa,100.0,4.14,303.05,18.15,1.9,0.75,0,4.0,1.0,18.6,69.9,944.9,3.43,2.39,4.18,NASA POWER Daily API,62.89
20251020,Londrina - PR,-23.3045,-51.1696,campo,sol,100.0,4.75,317.06,9.42,1.9,0.0,0,0.0,0.0,16.64,62.56,948.3,9.4,7.2,5.57,NASA POWER Daily API,51.67
20251021,Londrina - PR,-23.3045,-51.1696,campo,sol,100.0,12.13,188.07,9.88,1.9,0.0,1,0.0,0.0,16.74,60.52,948.8,24.78,3.92,6.33,NASA POWER Daily API,75.96
20251022,Londrina - PR,-23.3045,-51.1696,transporte,garoa,100.0,13.57,201.36,18.38,1.9,0.01,1,4.0,1.0,17.84,62.58,948.9,4.79,4.07,5.74,NASA POWER Daily API,88.09
20251023,Londrina - PR,-23.3045,-51.1696,campo,garoa,100.0,6.72,295.54,11.48,2.9,0.01,0,4.0,0.0,18.67,61.74,947.5,7.54,4.62,5.31,NASA POWER Daily API,58.53
20251024,Londrina - PR,-23.3045,-51.1696,campo,garoa,70.5,7.98,286.21,10.94,2.9,0.01,0,4.0,0.0,20.07,62.65,945.2,17.09,8.43,5.06,NASA POWER Daily API,50.48
20251025,Londrina - PR,-23.3045,-51.1696,campo,garoa,25.67,10.06,274.9,17.64,1.9,0.01,0,4.0,0.0,23.06,57.32,941.5,31.92,3.45,4.45,NASA POWER Daily API,45.7
20251026,Londrina - PR,-23.3045,-51.1696,campo,garoa,23.46,10.83,87.67,5.38,1.9,0.01,0,4.0,0.0,22.89,58.95,940.4,14.87,2.23,2.54,NASA POWER Daily API,31.3
20251027,Londrina - PR,-23.3045,-51.1696,transporte,garoa,28.43,4.53,95.11,19.9,2.9,0.22,0,4.0,1.0,21.98,70.11,942.5,10.82,6.94,2.2,NASA POWER Daily API,45.83
20251028,Londrina - PR,-23.3045,-51.1696,manutencao,chuva,59.78,3.64,219.59,9.66,1.9,10.77,0,2.0,3.0,22.51,75.27,943.3,5.62,19.32,2.74,NASA POWER Daily API,54.16
20251029,Londrina - PR,-23.3045,-51.1696,transporte,garoa,61.9,10.35,150.99,17.68,2.9,4.71,0,4.0,1.0,22.86,72.77,942.3,17.37,4.44,4.11,NASA POWER Daily API,63.49
20251030,Londrina - PR,-23.3045,-51.1696,campo,garoa,60.37,5.55,297.09,14.11,3.9,2.78,0,4.0,0.0,21.59,71.08,943.1,11.07,3.34,2.28,NASA POWER Daily API,53.78
20251031,Londrina - PR,-23.3045,-51.1696,campo,garoa,69.95,3.92,39.53,13.17,1.9,4.84,0,4.0,0.0,21.89,75.21,942.1,5.55,7.52,2.11,NASA POWER Daily API,66.64
20251101,Londrina - PR,-23.3045,-51.1696,campo,chuva,100.0,16.76,266.53,20.11,1.9,24.13,1,2.0,0.0,22.52,78.39,941.6,9.37,2.51,2.44,NASA POWER Daily API,100.0
20251102,Londrina - PR,-23.3045,-51.1696,campo,chuva,100.0,16.59,121.14,8.32,1.9,21.93,1,2.0,0.0,22.83,85.89,939.4,12.27,3.02,3.38,NASA POWER Daily API,100.0
20251103,Londrina - PR,-23.3045,-51.1696,campo,chuva,100.0,6.61,23.11,9.17,3.9,5.17,1,2.0,0.0,23.85,83.41,938.6,18.59,16.38,2.99,NASA POWER Daily API,100.0
20251104,Londrina - PR,-23.3045,-51.1696,transporte,chuva,100.0,7.21,149.89,22.4,1.9,5.02,1,2.0,1.0,24.83,78.08,939.6,1.65,9.06,2.43,NASA POWER Daily API,100.0
20251105,Londrina - PR,-23.3045,-51.1696,campo,chuva,100.0,5.35,205.58,6.04,1.9,5.2,1,2.0,0.0,23.12,88.69,941.5,6.65,6.16,3.1,NASA POWER Daily API,74.8
20251106,Londrina - PR,-23.3045,-51.1696,transporte,garoa,100.0,7.54,141.76,25.25,2.9,0.33,0,4.0,1.0,22.69,78.5,941.0,1.83,6.59,2.87,NASA POWER Daily API,83.36
20251107,Londrina - PR,-23.3045,-51.1696,campo,garoa,100.0,2.8,216.61,2.05,1.9,1.06,0,4.0,0.0,22.42,73.88,937.0,6.26,6.17,4.68,NASA POWER Daily API,42.2
20251108,Londrina - PR,-23.3045,-51.1696,proximidade_agua,chuva,100.0,5.61,196.32,8.12,1.9,20.6,1,2.0,2.0,22.1,75.96,935.4,3.03,13.61,4.98,NASA POWER Daily API,95.92
20251109,Londrina - PR,-23.3045,-51.1696,proximidade_agua,garoa,88.82,8.36,201.76,7.1,1.9,0.94,0,4.0,2.0,19.54,75.35,942.9,18.83,12.81,2.47,NASA POWER Daily API,54.47
20251110,Londrina - PR,-23.3045,-51.1696,campo,garoa,87.84,7.06,200.12,18.02,1.9,0.49,0,4.0,0.0,19.73,69.23,945.1,16.02,10.03,3.49,NASA POWER Daily API,61.88
20251111,Londrina - PR,-23.3045,-51.1696,campo,garoa,63.32,12.25,30.71,13.88,2.9,0.02,0,4.0,0.0,20.02,61.62,943.6,12.63,4.28,3.6,NASA POWER Daily API,74.4
20251112,Londrina - PR,-23.3045,-51.1696,manutencao,chuva,78.56,5.15,183.02,0.22,1.9,7.11,1,2.0,3.0,24.07,66.66,941.8,0.7,6.05,3.34,NASA POWER Daily API,73.86
20251113,Londrina - PR,-23.3045,-51.1696,campo,chuva,99.98,3.05,145.31,13.79,1.9,9.06,1,2.0,0.0,23.04,82.06,943.3,2.57,5.25,2.25,NASA POWER Daily API,90.8
20251114,Londrina - PR,-23.3045,-51.1696,campo,garoa,100.0,3.84,193.23,15.73,1.9,3.3,0,4.0,0.0,22.62,80.18,944.7,10.92,12.22,1.74,NASA POWER Daily API,61.99
20251115,Londrina - PR,-23.3045,-51.1696,campo,garoa,71.78,4.32,194.96,5.04,1.9,4.11,0,4.0,0.0,21.94,79.25,943.2,11.48,9.43,1.7,NASA POWER Daily API,41.54
20251116,Londrina - PR,-23.3045,-51.1696,transporte,chuva,100.0,6.78,183.19,16.99,2.9,22.04,1,2.0,1.0,21.63,87.58,939.9,24.09,16.1,2.99,NASA POWER Daily API,100.0
20251117,Londrina - PR,-23.3045,-51.1696,campo,chuva,100.0,3.9,135.85,14.38,2.9,6.94,1,2.0,0.0,21.86,86.57,938.3,3.93,3.45,4.22,NASA POWER Daily API,87.26
20251118,Londrina - PR,-23.3045,-51.1696,transporte,garoa,100.0,11.53,214.39,15.53,2.9,1.44,0,4.0,1.0,18.93,74.07,938.1,10.99,3.0,5.1,NASA POWER Daily API,70.65
20251119,Londrina - PR,-23.3045,-51.1696,campo,sol,100.0,9.24,232.68,19.3,3.9,0.0,0,0.0,0.0,19.44,67.99,939.5,8.15,9.27,3.04,NASA POWER Daily API,73.65
20251120,Londrina - PR,-23.3045,-51.1696,campo,garoa,98.72,8.66,134.06,14.05,2.9,0.04,0,4.0,0.0,20.38,67.67,940.5,2.33,5.0,3.68,NASA POWER Daily API,69.91
20251121,Londrina - PR,-23.3045,-51.1696,campo,sol,85.76,6.68,94.79,19.02,2.9,0.0,0,0.0,0.0,22.02,62.26,940.7,9.09,4.93,3.17,NASA POWER Daily API,64.1
20251122,Londrina - PR,-23.3045,-51.1696,campo,garoa,70.93,8.6,128.81,5.43,3.9,0.04,0,4.0,0.0,25.06,54.92,939.7,22.27,11.67,1.79,NASA POWER Daily API,46.94
20251123,Londrina - PR,-23.3045,-51.1696,campo,garoa,47.44,7.19,266.31,13.46,2.9,1.18,0,4.0,0.0,24.06,63.3,940.1,14.0,2.47,2.03,NASA POWER Daily API,47.36
20251124,Londrina - PR,-23.3045,-51.1696,campo,chuva,58.99,3.12,70.98,11.68,2.9,12.12,0,2.0,0.0,21.13,78.81,940.4,6.78,7.58,2.81,NASA POWER Daily API,64.9
20251125,Londrina - PR,-23.3045,-51.1696,transporte,garoa,52.37,7.46,273.47,14.25,1.9,0.11,0,4.0,1.0,21.39,66.45,941.0,10.99,1.84,2.29,NASA POWER Daily API,46.88
20251126,Londrina - PR,-23.3045,-51.1696,campo,sol,45.65,3.68,409.54,11.92,1.9,0.0,0,0.0,0.0,22.14,65.44,941.6,15.04,7.76,2.65,NASA POWER Daily API,37.83
20251127,Londrina - PR,-23.3045,-51.1696,campo,sol,39.84,8.72,155.08,7.86,1.9,0.0,0,0.0,0.0,22.96,61.09,941.7,1.32,8.23,2.46,NASA POWER Daily API,48.3
20251128,Londrina - PR,-23.3045,-51.1696,transporte,garoa,44.51,6.56,165.76,24.13,1.9,0.01,0,4.0,1.0,24.43,61.97,940.6,5.14,4.4,2.22,NASA POWER Daily API,55.86
20251129,Londrina - PR,-23.3045,-51.1696,transporte,garoa,45.06,4.68,60.64,21.36,1.9,0.06,0,4.0,1.0,27.44,55.51,938.2,7.74,4.68,0.95,NASA POWER Daily API,59.61
20251130,Londrina - PR,-23.3045,-51.1696,campo,garoa,38.62,10.74,187.99,2.19,1.9,0.05,0,4.0,0.0,27.85,52.41,937.8,18.29,6.9,1.99,NASA POWER Daily API,31.29
20251201,Londrina - PR,-23.3045,-51.1696,campo,garoa,35.65,9.86,212.26,12.4,2.9,4.36,0,4.0,0.0,26.83,58.11,937.2,23.18,5.41,2.9,NASA POWER Daily API,48.52
20251202,Londrina - PR,-23.3045,-51.1696,transporte,chuva,60.48,5.72,86.73,18.17,2.9,7.09,0,2.0,1.0,24.82,74.63,937.3,17.89,4.77,3.07,NASA POWER Daily API,66.9
20251203,Londrina - PR,-23.3045,-51.1696,transporte,garoa,43.0,7.8,40.5,19.1,2.9,0.05,0,4.0,1.0,25.8,66.44,937.2,8.58,6.1,2.53,NASA POWER Daily API,67.69
20251204,Londrina - PR,-23.3045,-51.1696,campo,sol,38.99,8.65,134.57,5.58,1.9,0.0,0,0.0,0.0,24.67,61.46,938.0,13.89,2.91,2.44,NASA POWER Daily API,33.38
20251205,Londrina - PR,-23.3045,-51.1696,transporte,sol,40.65,1.74,244.81,22.6,1.9,0.0,0,0.0,1.0,24.53,60.84,939.6,7.19,5.28,2.94,NASA POWER Daily API,47.78
20251206,Londrina - PR,-23.3045,-51.1696,proximidade_agua,sol,36.08,8.56,80.08,11.07,3.9,0.0,0,0.0,2.0,25.75,59.31,940.3,7.04,5.24,2.94,NASA POWER Daily API,50.39
20251207,Londrina - PR,-23.3045,-51.1696,campo,chuva,68.33,7.95,279.09,11.76,2.9,8.95,0,2.0,0.0,26.87,64.57,940.6,1.73,5.92,2.78,NASA POWER Daily API,70.14
20251208,Londrina - PR,-23.3045,-51.1696,campo,chuva,100.0,9.54,104.33,10.51,2.9,22.01,1,2.0,0.0,23.61,84.66,939.0,16.82,1.42,3.46,NASA POWER Daily API,100.0
20251209,Londrina - PR,-23.3045,-51.1696,proximidade_agua,tempestade,100.0,5.3,137.21,3.14,2.9,53.87,1,3.0,2.0,22.42,89.25,932.6,3.77,2.8,6.23,NASA POWER Daily API,100.0
20251210,Londrina - PR,-23.3045,-51.1696,transporte,garoa,100.0,14.21,211.54,21.46,1.9,1.59,1,4.0,1.0,21.55,78.16,933.4,6.01,5.16,6.92,NASA POWER Daily API,95.2
20251211,Londrina - PR,-23.3045,-51.1696,transporte,garoa,100.0,8.34,217.38,12.98,1.9,0.02,0,4.0,1.0,21.72,75.78,936.3,12.5,3.58,3.77,NASA POWER Daily API,60.75
20251212,Londrina - PR,-23.3045,-51.1696,transporte,tempestade,100.0,0.0,180.18,22.15,1.9,35.0,1,3.0,1.0,22.03,87.71,936.0,16.15,6.68,3.29,NASA POWER Daily API,100.0
20251213,Londrina - PR,-23.3045,-51.1696,transporte,chuva,100.0,10.2,79.99,14.04,1.9,14.83,1,2.0,1.0,23.68,91.1,936.1,18.7,3.68,4.04,NASA POWER Daily API,100.0
20251214,Londrina - PR,-23.3045,-51.1696,transporte,chuva,100.0,7.08,268.97,18.13,3.9,11.23,1,2.0,1.0,23.36,92.73,937.6,2.87,9.6,3.14,NASA POWER Daily API,100.0
20251215,Londrina - PR,-23.3045,-51.1696,proximidade_agua,chuva,100.0,8.86,253.01,1.07,1.9,12.34,1,2.0,2.0,24.88,85.83,937.7,4.27,14.09,2.37,NASA POWER Daily API,82.69
20251216,Londrina - PR,-23.3045,-51.1696,campo,chuva,100.0,2.33,245.7,13.55,2.9,7.45,1,2.0,0.0,23.38,93.23,937.9,14.69,3.31,2.48,NASA POWER Daily API,86.55
20251217,Londrina - PR,-23.3045,-51.1696,campo,garoa,100.0,13.08,218.03,10.58,2.9,0.02,1,4.0,0.0,22.21,79.96,940.1,2.47,14.28,3.75,NASA POWER Daily API,86.61
20251218,Londrina - PR,-23.3045,-51.1696,transporte,sol,100.0,9.24,354.37,24.57,1.9,0.0,0,0.0,1.0,20.97,76.49,940.2,6.8,1.93,3.01,NASA POWER Daily API,75.89
20251219,Londrina - PR,-23.3045,-51.1696,transporte,sol,100.0,11.0,239.59,20.59,3.9,0.0,0,0.0,1.0,22.87,79.99,939.8,12.17,3.25,3.47,NASA POWER Daily API,77.09
20251220,Londrina - PR,-23.3045,-51.1696,campo,sol,89.13,8.21,207.92,16.11,3.9,0.0,0,0.0,0.0,23.15,81.92,940.4,31.05,7.16,4.31,NASA POWER Daily API,65.25
20251221,Londrina - PR,-23.3045,-51.1696,manutencao,garoa,61.59,9.4,145.99,14.48,1.9,0.01,0,4.0,3.0,24.44,82.0,940.3,4.22,2.81,3.66,NASA POWER Daily API,51.92
20251222,Londrina - PR,-23.3045,-51.1696,transporte,garoa,43.49,11.92,92.0,22.28,1.9,0.51,0,4.0,1.0,25.03,77.89,939.8,16.09,6.3,3.34,NASA POWER Daily API,59.4
20251223,Londrina - PR,-23.3045,-51.1696,campo,garoa,43.47,6.22,260.6,11.25,1.9,0.26,0,4.0,0.0,25.3,77.95,940.4,5.72,4.55,3.34,NASA POWER Daily API,39.34
20251224,Londrina - PR,-23.3045,-51.1696,campo,garoa,30.48,9.0,242.65,10.56,1.9,0.53,0,4.0,0.0,25.84,74.41,940.4,2.72,5.7,2.77,NASA POWER Daily API,43.75
20251225,Londrina - PR,-23.3045,-51.1696,campo,garoa,37.45,5.08,349.25,10.34,1.9,0.26,0,4.0,0.0,27.27,66.37,940.4,2.03,2.74,2.25,NASA POWER Daily API,41.2
20251226,Londrina - PR,-23.3045,-51.1696,proximidade_agua,garoa,32.58,4.98,107.97,2.99,2.9,1.04,0,4.0,2.0,27.32,68.66,941.2,40.98,13.82,2.02,NASA POWER Daily API,31.28
20251227,Londrina - PR,-23.3045,-51.1696,campo,garoa,32.12,4.86,244.27,10.76,2.9,1.06,0,4.0,0.0,27.56,66.39,941.8,9.08,17.34,1.72,NASA POWER Daily API,36.89
20251228,Londrina - PR,-23.3045,-51.1696,transporte,garoa,42.89,8.0,96.35,22.2,1.9,3.36,0,4.0,1.0,28.26,63.28,940.7,59.89,6.21,1.37,NASA POWER Daily API,57.64
20251229,Londrina - PR,-23.3045,-51.1696,campo,chuva,57.76,9.37,160.01,12.26,2.9,5.91,0,2.0,0.0,26.45,72.63,940.2,19.43,10.63,2.23,NASA POWER Daily API,60.23
20251230,Londrina - PR,-23.3045,-51.1696,campo,garoa,48.98,1.92,336.26,15.82,1.9,0.84,0,4.0,0.0,26.17,72.84,940.8,6.95,4.24,2.65,NASA POWER Daily API,42.71
20251231,Londrina - PR,-23.3045,-51.1696,manutencao,chuva,70.8,10.24,202.9,4.47,1.9,5.36,0,2.0,3.0,25.29,78.31,942.0,7.7,3.85,1.83,NASA POWER Daily API,52.52
20240101,Luis Eduardo Magalhaes - BA,-12.0956,-45.7866,campo,chuva,60.66,0.0,235.55,10.6,2.2,10.4,0,2.0,0.0,25.59,75.88,927.8,7.36,6.18,2.06,NASA POWER Daily API,52.81
20240102,Luis Eduardo Magalhaes - BA,-12.0956,-45.7866,campo,chuva,83.53,5.39,408.7,4.65,1.2,10.39,1,2.0,0.0,23.73,85.83,927.6,9.59,6.5,2.38,NASA POWER Daily API,71.93
20240103,Luis Eduardo Magalhaes - BA,-12.0956,-45.7866,proximidade_agua,tempestade,100.0,3.89,293.38,4.98,4.2,34.12,1,3.0,2.0,23.68,86.5,927.9,30.89,5.72,2.89,NASA POWER Daily API,100.0
20240104,Luis Eduardo Magalhaes - BA,-12.0956,-45.7866,campo,chuva,100.0,5.5,384.71,2.6,1.2,11.92,1,2.0,0.0,24.42,82.16,928.2,20.97,11.31,2.83,NASA POWER Daily API,75.66
20240105,Luis Eduardo Magalhaes - BA,-12.0956,-45.7866,campo,chuva,100.0,5.46,381.86,11.63,1.2,8.54,1,2.0,0.0,23.04,89.93,928.3,2.31,7.37,2.88,NASA POWER Daily API,90.77
20240106,Luis Eduardo Magalhaes - BA,-12.0956,-45.7866,transporte,chuva,100.0,2.6,331.45,13.99,1.2,6.01,1,2.0,1.0,24.98,78.24,928.0,10.48,7.5,3.43,NASA POWER Daily API,81.25
20240107,Luis Eduardo Magalhaes - BA,-12.0956,-45.7866,transporte,chuva,100.0,0.0,217.1,13.59,2.2,5.09,1,2.0,1.0,25.65,76.66,928.0,2.87,12.69,1.7,NASA POWER Daily API,85.29
20240108,Luis Eduardo Magalhaes - BA,-12.0956,-45.7866,campo,garoa,100.0,0.7,158.96,11.17,2.2,3.68,0,4.0,0.0,24.07,85.87,928.1,1.08,2.26,2.47,NASA POWER Daily API,67.35
20240109,Luis Eduardo Magalhaes - BA,-12.0956,-45.7866,campo,garoa,100.0,0.0,191.1,16.53,2.2,0.61,0,4.0,0.0,25.25,76.24,928.7,2.11,7.82,2.86,NASA POWER Daily API,64.16
20240110,Luis Eduardo Magalhaes - BA,-12.0956,-45.7866,transporte,garoa,83.38,7.01,351.85,16.89,2.2,0.2,0,4.0,1.0,26.09,68.66,928.2,2.17,4.69,2.53,NASA POWER Daily API,66.63
20240111,Luis Eduardo Magalhaes - BA,-12.0956,-45.7866,proximidade_agua,garoa,69.62,7.2,209.01,0.19,1.2,1.21,0,4.0,2.0,25.56,74.48,928.3,8.31,4.67,2.16,NASA POWER Daily API,38.63
20240112,Luis Eduardo Magalhaes - BA,-12.0956,-45.7866,proximidade_agua,garoa,53.24,0.86,258.49,5.27,1.2,1.46,0,4.0,2.0,26.39,69.48,927.0,9.49,3.7,2.65,NASA POWER Daily API,33.74
20240113,Luis Eduardo Magalhaes - BA,-12.0956,-45.7866,transporte,chuva,76.13,0.0,24.46,11.9,1.2,9.47,0,2.0,1.0,25.37,74.37,928.2,17.23,1.99,2.55,NASA POWER Daily API,75.68
20240114,Luis Eduardo Magalhaes - BA,-12.0956,-45.7866,campo,garoa,64.22,8.46,380.78,17.83,1.2,2.09,0,4.0,0.0,25.37,71.71,930.0,11.38,4.11,2.89,NASA POWER Daily API,57.1
20240115,Luis Eduardo Magalhaes - BA,-12.0956,-45.7866,campo,chuva,61.09,3.56,345.89,17.58,1.2,6.3,0,2.0,0.0,25.9,68.3,930.5,18.51,4.44,2.12,NASA POWER Daily API,59.17
20240116,Luis Eduardo Magalhaes - BA,-12.0956,-45.7866,transporte,garoa,59.48,6.32,291.9,13.55,1.2,0.99,0,4.0,1.0,25.91,68.76,929.5,25.94,2.83,2.6,NASA POWER Daily API,47.07
20240117,Luis Eduardo Magalhaes - BA,-12.0956,-45.7866,campo,garoa,63.16,0.0,432.89,18.91,1.2,0.06,0,4.0,0.0,26.3,65.85,929.5,7.31,12.37,2.22,NASA POWER Daily API,47.36
20240118,Luis Eduardo Magalhaes - BA,-12.0956,-45.7866,campo,garoa,53.77,8.6,222.51,11.11,2.2,0.02,0,4.0,0.0,27.27,59.06,928.9,5.59,3.86,1.63,NASA POWER Daily API,45.97
20240119,Luis Eduardo Magalhaes - BA,-12.0956,-45.7866,campo,garoa,61.31,4.13,409.1,6.81,2.2,3.4,0,4.0,0.0,27.06,62.77,928.8,10.54,4.87,1.89,NASA POWER Daily API,41.39
20240120,Luis Eduardo Magalhaes - BA,-12.0956,-45.7866,transporte,garoa,50.8,1.7,337.81,21.16,1.2,1.46,0,4.0,1.0,27.45,62.04,927.9,2.07,5.19,2.17,NASA POWER Daily API,55.69
20240121,Luis Eduardo Magalhaes - BA,-12.0956,-45.7866,transporte,garoa,57.94,7.85,331.57,17.54,1.2,2.27,0,4.0,1.0,26.95,67.34,928.9,2.27,3.4,2.57,NASA POWER Daily API,60.46
20240122,Luis Eduardo Magalhaes - BA,-12.0956,-45.7866,campo,garoa,48.19,4.29,183.14,6.47,1.2,2.92,0,4.0,0.0,26.72,70.27,929.0,3.35,3.41,2.01,NASA POWER Daily API,34.57
20240123,Luis Eduardo Magalhaes - BA,-12.0956,-45.7866,proximidade_agua,garoa,47.46,7.54,193.17,7.75,2.2,2.11,0,4.0,2.0,25.85,74.14,928.1,4.61,4.89,2.5,NASA POWER Daily API,44.81
20240124,Luis Eduardo Magalhaes - BA,-12.0956,-45.7866,campo,chuva,61.65,1.77,273.15,17.9,1.2,6.11,0,2.0,0.0,26.02,73.64,926.6,23.87,4.49,3.67,NASA POWER Daily API,57.95
20240125,Luis Eduardo Magalhaes - BA,-12.0956,-45.7866,campo,chuva,94.94,5.77,177.96,3.42,3.2,12.12,1,2.0,0.0,24.78,81.63,926.5,1.8,6.47,4.08,NASA POWER Daily API,86.05
20240126,Luis Eduardo Magalhaes - BA,-12.0956,-45.7866,proximidade_agua,tempestade,100.0,2.39,332.5,0.01,2.2,53.79,1,3.0,2.0,23.52,88.64,927.4,21.58,7.25,3.83,NASA POWER Daily API,100.0
20240127,Luis Eduardo Magalhaes - BA,-12.0956,-45.7866,proximidade_agua,chuva,100.0,2.18,345.82,1.05,1.2,18.5,1,2.0,2.0,23.98,85.05,928.6,4.96,2.74,2.68,NASA POWER Daily API,80.47
20240128,Luis Eduardo Magalhaes - BA,-12.0956,-45.7866,campo,chuva,100.0,2.72,242.54,6.51,3.2,15.91,1,2.0,0.0,23.54,85.55,930.4,15.86,5.37,2.54,NASA POWER Daily API,85.68
20240129,Luis Eduardo Magalhaes - BA,-12.0956,-45.7866,proximidade_agua,chuva,100.0,1.95,250.73,2.99,3.2,12.38,1,2.0,2.0,23.95,79.86,930.9,11.51,1.79,2.71,NASA POWER Daily API,80.96
20240130,Luis Eduardo Magalhaes - BA,-12.0956,-45.7866,campo,chuva,100.0,3.99,487.46,8.91,2.2,5.69,1,2.0,0.0,24.23,82.1,929.8,8.46,5.92,2.48,NASA POWER Daily API,78.08
20240131,Luis Eduardo Magalhaes - BA,-12.0956,-45.7866,campo,garoa,100.0,5.12,336.42,14.09,2.2,4.58,0,4.0,0.0,24.96,80.18,929.3,3.25,11.11,2.55,NASA POWER Daily API,64.22
20240201,Luis Eduardo Magalhaes - BA,-12.0956,-45.7866,campo,garoa,100.0,6.18,256.23,15.22,1.2,1.25,0,4.0,0.0,24.37,80.64,929.5,8.27,4.48,2.52,NASA POWER Daily API,61.42
20240202,Luis Eduardo Magalhaes - BA,-12.0956,-45.7866,transporte,garoa,100.0,1.31,105.68,15.38,1.2,0.02,0,4.0,1.0,24.57,70.48,929.7,5.17,8.67,3.19,NASA POWER Daily API,55.32
20240203,Luis Eduardo Magalhaes - BA,-12.0956,-45.7866,campo,garoa,88.99,0.0,190.93,11.85,1.2,0.07,0,4.0,0.0,24.1,68.27,929.9,5.21,10.82,3.5,NASA POWER Daily API,46.26
20240204,Luis Eduardo Magalhaes - BA,-12.0956,-45.7866,campo,garoa,68.21,0.67,315.45,10.77,1.2,0.56,0,4.0,0.0,24.16,70.0,929.5,14.74,8.12,3.37,NASA POWER Daily API,39.88
20240205,Luis Eduardo Magalhaes - BA,-12.0956,-45.7866,campo,garoa,50.51,2.36,396.27,8.0,2.2,0.08,0,4.0,0.0,25.25,68.78,929.5,4.68,2.37,3.33,NASA POWER Daily API,34.57
20240206,Luis Eduardo Magalhaes - BA,-12.0956,-45.7866,transporte,garoa,46.0,0.0,308.7,16.11,1.2,0.29,0,4.0,1.0,26.0,67.01,930.2,5.31,8.4,2.96,NASA POWER Daily API,38.88
20240207,Luis Eduardo Magalhaes - BA,-12.0956,-45.7866,campo,garoa,36.41,8.11,302.54,10.34,1.2,0.34,0,4.0,0.0,26.59,64.27,929.0,12.7,2.63,2.19,NASA POWER Daily API,37.44
20240208,Luis Eduardo Magalhaes - BA,-12.0956,-45.7866,transporte,chuva,56.63,2.65,241.27,14.82,2.2,11.41,0,2.0,1.0,26.61,64.91,928.1,21.9,5.32,1.86,NASA POWER Daily API,60.6
20240209,Luis Eduardo Magalhaes - BA,-12.0956,-45.7866,proximidade_agua,chuva,91.21,0.2,351.61,5.33,4.2,14.42,1,2.0,2.0,24.17,82.0,928.7,2.34,16.23,1.81,NASA POWER Daily API,89.75
20240210,Luis Eduardo Magalhaes - BA,-12.0956,-45.7866,transporte,chuva,100.0,11.17,238.28,9.09,1.2,21.8,1,2.0,1.0,22.45,92.43,929.9,8.47,5.08,2.87,NASA POWER Daily API,100.0
20240211,Luis Eduardo Magalhaes - BA,-12.0956,-45.7866,transporte,garoa,100.0,4.17,412.53,20.13,1.2,3.04,0,4.0,1.0,22.59,82.64,931.5,5.95,7.56,3.38,NASA POWER Daily API,67.0
20240212,Luis Eduardo Magalhaes - BA,-12.0956,-45.7866,campo,garoa,100.0,7.57,273.41,4.69,2.2,0.04,0,4.0,0.0,23.57,72.99,930.7,29.39,3.62,4.69,NASA POWER Daily API,50.63
20240213,Luis Eduardo Magalhaes - BA,-12.0956,-45.7866,campo,garoa,99.46,6.44,297.59,5.01,2.2,0.01,0,4.0,0.0,24.59,69.58,930.9,12.55,2.73,4.11,NASA POWER Daily API,49.64
20240214,Luis Eduardo Magalhaes - BA,-12.0956,-45.7866,campo,garoa,100.0,0.0,384.67,16.73,1.2,0.02,0,4.0,0.0,25.56,64.76,930.7,9.59,6.3,2.57,NASA POWER Daily API,55.56
20240215,Luis Eduardo Magalhaes - BA,-12.0956,-45.7866,manutencao,sol,94.92,5.33,269.6,9.93,2.2,0.0,0,0.0,3.0,26.37,60.31,930.2,23.54,6.64,2.13,NASA POWER Daily API,53.3
20240216,Luis Eduardo Magalhaes - BA,-12.0956,-45.7866,transporte,garoa,65.39,6.42,167.07,15.38,2.2,1.91,0,4.0,1.0,26.86,60.54,929.6,20.67,11.31,1.76,NASA POWER Daily API,54.26
20240217,Luis Eduardo Magalhaes - BA,-12.0956,-45.7866,campo,chuva,73.93,10.59,339.06,21.05,1.2,13.32,0,2.0,0.0,25.72,75.04,928.7,40.74,5.0,1.13,NASA POWER Daily API,81.54
20240218,Luis Eduardo Magalhaes - BA,-12.0956,-45.7866,campo,chuva,79.1,3.64,292.81,13.21,1.2,8.15,1,2.0,0.0,25.32,75.73,928.4,3.46,7.37,1.94,NASA POWER Daily API,77.1
20240219,Luis Eduardo Magalhaes - BA,-12.0956,-45.7866,proximidade_agua,tempestade,100.0,4.88,334.2,9.15,1.2,26.31,1,3.0,2.0,24.7,82.86,927.5,4.55,4.75,1.79,NASA POWER Daily API,100.0
20240220,Luis Eduardo Magalhaes - BA,-12.0956,-45.7866,campo,chuva,100.0,0.0,298.58,14.45,2.2,17.6,1,2.0,0.0,23.66,88.45,926.9,12.21,4.14,3.25,NASA POWER Daily API,93.09
20240221,Luis Eduardo Magalhaes - BA,-12.0956,-45.7866,proximidade_agua,tempestade,100.0,0.43,420.75,10.37,5.2,26.63,1,3.0,2.0,22.82,90.44,926.8,16.92,9.56,2.92,NASA POWER Daily API,100.0
20240222,Luis Eduardo Magalhaes - BA,-12.0956,-45.7866,transporte,tempestade,100.0,7.89,214.88,12.47,2.2,29.37,1,3.0,1.0,22.77,87.14,928.4,1.65,4.15,2.45,NASA POWER Daily API,100.0
20240223,Luis Eduardo Magalhaes - BA,-12.0956,-45.7866,campo,chuva,100.0,1.96,222.37,9.05,4.2,7.4,1,2.0,0.0,23.0,88.01,930.0,2.11,2.94,2.77,NASA POWER Daily API,88.69
20240224,Luis Eduardo Magalhaes - BA,-12.0956,-45.7866,campo,garoa,100.0,1.83,252.23,14.87,1.2,0.12,0,4.0,0.0,23.72,84.28,930.7,23.54,5.69,3.81,NASA POWER Daily API,55.25
20240225,Luis Eduardo Magalhaes - BA,-12.0956,-45.7866,campo,garoa,100.0,0.0,103.49,14.89,1.2,0.03,0,4.0,0.0,24.12,77.84,930.7,7.91,3.99,4.27,NASA POWER Daily API,53.27
20240226,Luis Eduardo Magalhaes - BA,-12.0956,-45.7866,campo,garoa,100.0,5.58,324.75,11.95,1.2,0.24,0,4.0,0.0,23.72,76.57,929.2,2.57,5.69,3.28,NASA POWER Daily API,61.76
20240227,Luis Eduardo Magalhaes - BA,-12.0956,-45.7866,proximidade_agua,garoa,100.0,9.5,295.91,0.0,1.2,0.16,0,4.0,2.0,24.2,78.3,928.4,2.85,4.59,2.6,NASA POWER Daily API,54.92
20240228,Luis Eduardo Magalhaes - BA,-12.0956,-45.7866,proximidade_agua,garoa,92.72,3.05,259.56,8.67,1.2,0.02,0,4.0,2.0,24.89,77.75,929.0,6.5,4.38,2.92,NASA POWER Daily API,50.62
20240229,Luis Eduardo Magalhaes - BA,-12.0956,-45.7866,campo,garoa,45.51,4.7,395.78,9.5,1.2,0.35,0,4.0,0.0,25.37,72.78,929.4,75.47,4.84,2.49,NASA POWER Daily API,35.52
20240301,Luis Eduardo Magalhaes - BA,-12.0956,-45.7866,campo,garoa,25.25,1.72,290.96,14.36,2.2,0.31,0,4.0,0.0,26.02,69.93,928.8,15.86,2.86,2.11,NASA POWER Daily API,34.54
20240302,Luis Eduardo Magalhaes - BA,-12.0956,-45.7866,transporte,garoa,33.09,4.4,269.2,14.67,1.2,0.38,0,4.0,1.0,26.35,72.27,928.2,10.02,6.51,1.88,NASA POWER Daily API,38.05
20240303,Luis Eduardo Magalhaes - BA,-12.0956,-45.7866,proximidade_agua,chuva,51.21,1.7,342.76,7.48,1.2,6.63,0,2.0,2.0,25.87,77.26,927.9,16.82,7.06,2.09,NASA POWER Daily API,46.12
20240304,Luis Eduardo Magalhaes - BA,-12.0956,-45.7866,manutencao,chuva,84.29,0.93,311.86,0.0,2.2,13.41,1,2.0,3.0,23.01,91.31,929.1,6.65,2.61,2.85,NASA POWER Daily API,67.78
20240305,Luis Eduardo Magalhaes - BA,-12.0956,-45.7866,campo,garoa,73.11,2.3,277.81,3.03,1.2,0.43,0,4.0,0.0,23.78,79.87,929.7,2.01,7.15,2.67,NASA POWER Daily API,39.24
20240306,Luis Eduardo Magalhaes - BA,-12.0956,-45.7866,campo,garoa,65.19,0.59,406.17,12.0,1.2,0.07,0,4.0,0.0,25.44,76.26,929.6,3.05,5.51,3.01,NASA POWER Daily API,39.95
20240307,Luis Eduardo Magalhaes - BA,-12.0956,-45.7866,campo,garoa,58.36,8.29,449.53,16.57,2.2,0.1,0,4.0,0.0,25.64,75.83,930.1,2.73,2.77,3.32,NASA POWER Daily API,59.84
20240308,Luis Eduardo Magalhaes - BA,-12.0956,-45.7866,proximidade_agua,garoa,64.13,3.06,213.3,8.02,1.2,0.02,0,4.0,2.0,25.77,71.44,929.3,22.61,4.7,3.51,NASA POWER Daily API,41.22
20240309,Luis Eduardo Magalhaes - BA,-12.0956,-45.7866,campo,garoa,65.34,0.0,332.76,18.9,3.2,1.78,0,4.0,0.0,25.77,68.21,928.9,12.65,3.29,3.01,NASA POWER Daily API,53.98
20240310,Luis Eduardo Magalhaes - BA,-12.0956,-45.7866,campo,garoa,49.59,5.53,229.95,5.4,2.2,0.03,0,4.0,0.0,26.21,62.39,929.1,8.22,8.27,2.06,NASA POWER Daily API,34.35
20240311,Luis Eduardo Magalhaes - BA,-12.0956,-45.7866,campo,garoa,30.75,2.88,278.02,13.52,1.2,0.07,0,4.0,0.0,26.78,60.49,929.4,14.96,6.7,2.69,NASA POWER Daily API,33.94
20240312,Luis Eduardo Magalhaes - BA,-12.0956,-45.7866,campo,garoa,17.48,5.02,377.39,12.29,1.2,0.77,0,4.0,0.0,27.51,57.34,929.8,3.03,3.9,2.39,NASA POWER Daily API,31.3
20240313,Luis Eduardo Magalhaes - BA,-12.0956,-45.7866,campo,garoa,37.22,8.81,464.48,8.08,1.2,0.78,0,4.0,0.0,27.47,61.85,929.5,3.62,2.83,2.21,NASA POWER Daily API,35.97
20240314,Luis Eduardo Magalhaes - BA,-12.0956,-45.7866,campo,garoa,28.28,6.8,238.98,16.72,3.2,0.16,0,4.0,0.0,27.65,59.79,928.7,2.03,3.64,2.81,NASA POWER Daily API,51.75
20240315,Luis Eduardo Magalhaes - BA,-12.0956,-45.7866,campo,garoa,42.99,8.57,215.1,9.17,1.2,3.42,0,4.0,0.0,27.09,66.09,927.4,4.51,2.79,2.92,NASA POWER Daily API,41.47
20240316,Luis Eduardo Magalhaes - BA,-12.0956,-45.7866,campo,garoa,44.06,8.63,213.28,15.3,1.2,3.04,0,4.0,0.0,26.23,70.43,927.3,4.54,5.71,2.93,NASA POWER Daily API,49.16
20240317,Luis Eduardo Magalhaes - BA,-12.0956,-45.7866,campo,sol,38.83,4.26,242.3,14.98,1.2,0.0,0,0.0,0.0,27.54,57.16,928.0,8.06,5.03,2.29,NASA POWER Daily API,39.67
20240318,Luis Eduardo Magalhaes - BA,-12.0956,-45.7866,transporte,garoa,41.38,10.17,237.29,19.14,2.2,0.82,0,4.0,1.0,28.45,53.3,927.6,7.7,4.2,2.62,NASA POWER Daily API,54.79
20240319,Luis Eduardo Magalhaes - BA,-12.0956,-45.7866,proximidade_agua,garoa,41.86,1.66,400.98,10.58,1.2,2.71,0,4.0,2.0,29.51,51.97,926.3,3.87,3.31,1.76,NASA POWER Daily API,39.04
20240320,Luis Eduardo Magalhaes - BA,-12.0956,-45.7866,campo,chuva,60.66,6.56,342.64,7.64,3.2,7.14,0,2.0,0.0,28.08,59.27,926.5,8.58,2.6,2.06,NASA POWER Daily API,55.14
20240321,Luis Eduardo Magalhaes - BA,-12.0956,-45.7866,transporte,garoa,69.16,8.37,494.63,20.67,1.2,3.02,0,4.0,1.0,27.13,64.99,927.7,6.38,4.08,1.6,NASA POWER Daily API,63.08
20240322,Luis Eduardo Magalhaes - BA,-12.0956,-45.7866,campo,chuva,86.9,6.52,228.62,12.6,1.2,9.7,1,2.0,0.0,26.87,71.22,927.4,5.43,12.18,2.49,NASA POWER Daily API,83.24
20240323,Luis Eduardo Magalhaes - BA,-12.0956,-45.7866,campo,garoa,78.57,5.76,260.38,12.15,1.2,1.29,0,4.0,0.0,26.81,67.25,927.5,4.39,5.16,2.39,NASA POWER Daily API,50.89
20240324,Luis Eduardo Magalhaes - BA,-12.0956,-45.7866,campo,garoa,63.6,3.29,188.26,6.09,3.2,1.55,0,4.0,0.0,27.37,62.22,927.1,13.01,4.98,2.39,NASA POWER Daily API,40.8
20240325,Luis Eduardo Magalhaes - BA,-12.0956,-45.7866,campo,sol,67.42,5.31,439.43,11.83,2.2,0.0,0,0.0,0.0,26.87,52.76,926.9,3.05,5.07,3.01,NASA POWER Daily API,47.64
20240326,Luis Eduardo Magalhaes - BA,-12.0956,-45.7866,transporte,sol,54.65,3.11,271.19,17.17,1.2,0.0,0,0.0,1.0,27.66,47.88,927.8,3.19,13.78,1.96,NASA POWER Daily API,45.96
20240327,Luis Eduardo Magalhaes - BA,-12.0956,-45.7866,campo,garoa,45.07,6.07,384.56,13.63,2.2,0.27,0,4.0,0.0,27.63,57.84,928.1,13.57,2.49,2.89,NASA POWER Daily API,44.15
20240328,Luis Eduardo Magalhaes - BA,-12.0956,-45.7866,campo,garoa,45.46,4.02,198.53,12.17,1.2,0.65,0,4.0,0.0,28.06,59.72,929.4,5.3,6.13,3.42,NASA POWER Daily API,38.41
20240329,Luis Eduardo Magalhaes - BA,-12.0956,-45.7866,proximidade_agua,garoa,26.44,6.62,224.47,5.07,2.2,0.06,0,4.0,2.0,28.61,52.18,929.4,8.35,7.04,3.59,NASA POWER Daily API,32.15
20240330,Luis Eduardo Magalhaes - BA,-12.0956,-45.7866,campo,garoa,28.33,4.34,182.48,12.78,1.2,0.03,0,4.0,0.0,28.88,50.68,928.7,1.22,14.92,2.28,NASA POWER Daily API,45.83
20240331,Luis Eduardo Magalhaes - BA,-12.0956,-45.7866,campo,garoa,14.64,4.44,370.64,10.72,1.2,0.13,0,4.0,0.0,29.4,50.0,928.0,55.35,5.55,2.12,NASA POWER Daily API,27.4
20240401,Luis Eduardo Magalhaes - BA,-12.0956,-45.7866,campo,garoa,33.06,4.16,324.78,10.49,1.2,0.61,0,4.0,0.0,28.85,55.82,927.9,12.6,3.97,2.32,NASA POWER Daily API,32.8
20240402,Luis Eduardo Magalhaes - BA,-12.0956,-45.7866,campo,garoa,39.92,7.12,179.55,12.59,1.2,1.5,0,4.0,0.0,27.66,63.94,928.2,17.77,3.38,2.34,NASA POWER Daily API,41.42
20240403,Luis Eduardo Magalhaes - BA,-12.0956,-45.7866,campo,garoa,37.55,5.24,221.84,0.0,2.2,0.62,0,4.0,0.0,26.24,74.54,928.1,6.08,7.08,3.14,NASA POWER Daily API,24.32
20240404,Luis Eduardo Magalhaes - BA,-12.0956,-45.7866,campo,garoa,46.32,2.63,114.12,4.44,3.2,4.93,0,4.0,0.0,26.0,73.98,928.8,4.45,3.47,2.95,NASA POWER Daily API,35.96
20240405,Luis Eduardo Magalhaes - BA,-12.0956,-45.7866,manutencao,chuva,72.34,4.3,384.26,0.0,1.2,8.96,0,2.0,3.0,24.74,79.06,928.9,4.67,4.24,2.18,NASA POWER Daily API,43.99
20240406,Luis Eduardo Magalhaes - BA,-12.0956,-45.7866,proximidade_agua,chuva,100.0,5.57,213.47,5.37,2.2,23.23,1,2.0,2.0,25.17,80.18,928.5,10.66,9.1,1.64,NASA POWER Daily API,96.06
20240407,Luis Eduardo Magalhaes - BA,-12.0956,-45.7866,campo,chuva,100.0,1.94,278.41,4.96,2.2,22.54,1,2.0,0.0,24.51,84.35,928.8,7.05,4.57,3.27,NASA POWER Daily API,87.06
20240408,Luis Eduardo Magalhaes - BA,-12.0956,-45.7866,campo,garoa,100.0,2.56,165.21,13.68,2.2,1.08,0,4.0,0.0,24.71,77.4,928.8,23.56,6.35,3.04,NASA POWER Daily API,57.73
20240409,Luis Eduardo Magalhaes - BA,-12.0956,-45.7866,campo,garoa,100.0,6.72,241.39,7.95,1.2,0.74,0,4.0,0.0,25.77,74.12,928.3,2.41,4.83,2.47,NASA POWER Daily API,58.5
20240410,Luis Eduardo Magalhaes - BA,-12.0956,-45.7866,transporte,garoa,100.0,2.84,440.51,22.93,1.2,2.55,0,4.0,1.0,25.85,73.04,927.5,8.07,10.56,1.33,NASA POWER Daily API,68.92
20240411,Luis Eduardo Magalhaes - BA,-12.0956,-45.7866,proximidade_agua,chuva,100.0,4.73,335.18,9.05,2.2,9.58,1,2.0,2.0,25.43,78.12,928.1,1.94,3.59,2.5,NASA POWER Daily API,92.84
20240412,Luis Eduardo Magalhaes - BA,-12.0956,-45.7866,transporte,garoa,100.0,0.0,312.26,16.29,2.2,1.35,0,4.0,1.0,25.48,74.39,928.5,5.12,12.45,3.16,NASA POWER Daily API,58.58
20240413,Luis Eduardo Magalhaes - BA,-12.0956,-45.7866,campo,garoa,92.21,3.94,249.21,9.76,1.2,0.39,0,4.0,0.0,25.37,70.6,928.2,15.04,2.18,3.46,NASA POWER Daily API,49.18
20240414,Luis Eduardo Magalhaes - BA,-12.0956,-45.7866,manutencao,garoa,46.32,7.39,152.83,11.52,2.2,0.16,0,4.0,3.0,25.0,65.64,927.8,4.71,9.52,3.71,NASA POWER Daily API,43.19
20240415,Luis Eduardo Magalhaes - BA,-12.0956,-45.7866,transporte,garoa,43.11,0.12,160.2,24.39,3.2,0.12,0,4.0,1.0,25.35,64.62,927.8,1.91,2.77,3.31,NASA POWER Daily API,58.79
20240416,Luis Eduardo Magalhaes - BA,-12.0956,-45.7866,manutencao,garoa,52.32,8.44,417.6,5.74,2.2,0.5,0,4.0,3.0,25.44,69.92,928.9,22.86,5.63,3.49,NASA POWER Daily API,39.12
20240417,Luis Eduardo Magalhaes - BA,-12.0956,-45.7866,campo,garoa,46.76,1.6,197.68,21.23,3.2,0.76,0,4.0,0.0,26.08,67.22,928.3,8.68,4.57,3.74,NASA POWER Daily API,52.07
20240418,Luis Eduardo Magalhaes - BA,-12.0956,-45.7866,campo,garoa,42.52,0.26,408.82,10.25,1.2,1.38,0,4.0,0.0,26.14,70.74,927.9,5.76,8.23,2.7,NASA POWER Daily API,31.98
20240419,Luis Eduardo Magalhaes - BA,-12.0956,-45.7866,campo,garoa,46.56,1.34,306.24,17.14,3.2,3.84,0,4.0,0.0,26.6,66.99,928.4,4.89,2.78,2.4,NASA POWER Daily API,49.54
20240420,Luis Eduardo Magalhaes - BA,-12.0956,-45.7866,transporte,garoa,37.81,5.48,230.34,14.75,1.2,0.05,0,4.0,1.0,26.41,62.9,929.4,5.85,4.37,3.08,NASA POWER Daily API,40.3
20240421,Luis Eduardo Magalhaes - BA,-12.0956,-45.7866,campo,garoa,38.48,0.98,289.62,10.62,1.2,0.03,0,4.0,0.0,25.98,62.96,929.0,22.78,2.4,3.87,NASA POWER Daily API,30.63
20240422,Luis Eduardo Magalhaes - BA,-12.0956,-45.7866,transporte,sol,32.42,0.32,43.94,26.86,2.2,0.0,0,0.0,1.0,26.4,60.06,928.2,5.63,6.24,3.44,NASA POWER Daily API,64.41
20240423,Luis Eduardo Magalhaes - BA,-12.0956,-45.7866,campo,garoa,39.3,4.61,296.9,12.17,2.2,0.05,0,4.0,0.0,26.56,61.21,928.8,2.78,5.96,2.71,NASA POWER Daily API,44.8
20240424,Luis Eduardo Magalhaes - BA,-12.0956,-45.7866,campo,garoa,35.57,3.83,209.37,12.29,3.2,1.22,0,4.0,0.0,27.06,59.4,928.8,18.8,11.62,2.48,NASA POWER Daily API,40.28
20240425,Luis Eduardo Magalhaes - BA,-12.0956,-45.7866,campo,garoa,30.54,3.01,339.48,12.42,2.2,0.11,0,4.0,0.0,27.6,52.97,928.2,6.03,11.87,3.22,NASA POWER Daily API,34.91
20240426,Luis Eduardo Magalhaes - BA,-12.0956,-45.7866,campo,garoa,30.04,5.63,337.27,10.51,1.2,1.21,0,4.0,0.0,26.61,55.86,927.7,13.21,10.51,3.89,NASA POWER Daily API,34.05
20240427,Luis Eduardo Magalhaes - BA,-12.0956,-45.7866,manutencao,garoa,26.41,6.12,225.19,3.69,1.2,0.72,0,4.0,3.0,25.79,61.95,928.1,3.5,7.03,4.32,NASA POWER Daily API,24.46
20240428,Luis Eduardo Magalhaes - BA,-12.0956,-45.7866,campo,garoa,35.55,7.37,182.15,12.25,1.2,0.73,0,4.0,0.0,26.25,67.04,928.1,18.69,10.91,2.99,NASA POWER Daily API,39.22
20240429,Luis Eduardo Magalhaes - BA,-12.0956,-45.7866,campo,sol,33.31,2.63,350.59,17.9,1.2,0.0,0,0.0,0.0,26.62,53.48,928.6,1.27,13.68,3.41,NASA POWER Daily API,51.91
20240430,Luis Eduardo Magalhaes - BA,-12.0956,-45.7866,transporte,garoa,28.16,3.48,121.82,19.94,2.2,0.03,0,4.0,1.0,26.18,53.43,928.9,7.6,0.77,3.87,NASA POWER Daily API,43.96
20240501,Luis Eduardo Magalhaes - BA,-12.0956,-45.7866,transporte,garoa,26.74,5.03,284.41,19.22,2.2,0.01,0,4.0,1.0,26.15,51.02,928.1,11.61,5.79,3.27,NASA POWER Daily API,44.3
20240502,Luis Eduardo Magalhaes - BA,-12.0956,-45.7866,campo,sol,22.4,2.8,443.9,11.3,1.2,0.0,0,0.0,0.0,26.73,52.02,927.0,8.4,4.37,3.43,NASA POWER Daily API,28.67
20240503,Luis Eduardo Magalhaes - BA,-12.0956,-45.7866,campo,sol,22.8,0.0,314.75,7.52,1.2,0.0,0,0.0,0.0,26.8,42.62,927.2,39.09,13.88,3.59,NASA POWER Daily API,21.12
20240504,Luis Eduardo Magalhaes - BA,-12.0956,-45.7866,proximidade_agua,sol,16.53,5.03,220.12,18.55,1.2,0.0,0,0.0,2.0,26.4,42.0,928.8,9.87,8.57,4.51,NASA POWER Daily API,42.19
20240505,Luis Eduardo Magalhaes - BA,-12.0956,-45.7866,transporte,sol,16.06,0.0,307.06,18.06,1.2,0.0,0,0.0,1.0,26.35,51.27,929.4,7.48,6.43,5.17,NASA POWER Daily API,32.12
20240506,Luis Eduardo Magalhaes - BA,-12.0956,-45.7866,campo,garoa,15.75,6.78,265.44,14.33,2.2,0.03,0,4.0,0.0,26.83,54.56,928.3,8.35,5.46,5.44,NASA POWER Daily API,36.73
20240507,Luis Eduardo Magalhaes - BA,-12.0956,-45.7866,proximidade_agua,sol,12.51,0.95,276.26,2.0,1.2,0.0,0,0.0,2.0,25.6,47.52,927.9,5.42,5.2,4.94,NASA POWER Daily API,16.08
20240508,Luis Eduardo Magalhaes - BA,-12.0956,-45.7866,transporte,garoa,26.81,5.83,293.96,17.5,1.2,0.01,0,4.0,1.0,26.31,50.94,929.0,7.18,19.79,3.94,NASA POWER Daily API,41.18
20240509,Luis Eduardo Magalhaes - BA,-12.0956,-45.7866,transporte,sol,13.08,0.57,322.89,20.03,2.2,0.0,0,0.0,1.0,25.94,42.03,929.4,10.5,8.3,4.86,NASA POWER Daily API,36.43
20240510,Luis Eduardo Magalhaes - BA,-12.0956,-45.7866,campo,sol,8.0,6.19,190.34,13.12,2.2,0.0,0,0.0,0.0,25.59,44.28,928.8,2.35,8.73,3.05,NASA POWER Daily API,38.21
20240511,Luis Eduardo Magalhaes - BA,-12.0956,-45.7866,campo,garoa,17.43,0.0,298.48,20.12,1.2,0.02,0,4.0,0.0,25.64,32.3,928.7,1.59,3.36,3.01,NASA POWER Daily API,41.17
20240512,Luis Eduardo Magalhaes - BA,-12.0956,-45.7866,proximidade_agua,sol,34.07,3.78,391.35,9.35,1.2,0.0,0,0.0,2.0,26.86,54.05,928.4,1.26,3.54,2.85,NASA POWER Daily API,46.67
20240513,Luis Eduardo Magalhaes - BA,-12.0956,-45.7866,campo,sol,22.43,7.37,179.45,10.54,1.2,0.0,0,0.0,0.0,28.28,50.22,928.9,2.62,4.78,2.2,NASA POWER Daily API,38.4
20240514,Luis Eduardo Magalhaes - BA,-12.0956,-45.7866,campo,sol,22.29,5.28,358.09,15.92,1.2,0.0,0,0.0,0.0,29.42,43.12,928.3,19.16,3.58,2.1,NASA POWER Daily API,36.93
20240515,Luis Eduardo Magalhaes - BA,-12.0956,-45.7866,campo,sol,5.0,1.61,496.84,14.75,2.2,0.0,0,0.0,0.0,29.03,34.21,928.0,2.61,4.28,3.62,NASA POWER Daily API,34.6
20240516,Luis Eduardo Magalhaes - BA,-12.0956,-45.7866,campo,sol,25.81,7.26,309.26,12.3,3.2,0.0,0,0.0,0.0,26.12,38.59,929.5,14.97,5.15,4.23,NASA POWER Daily API,39.76
20240517,Luis Eduardo Magalhaes - BA,-12.0956,-45.7866,transporte,sol,7.52,6.86,255.67,20.8,1.2,0.0,0,0.0,1.0,24.91,42.77,930.6,7.15,3.58,3.76,NASA POWER Daily API,40.1
20240518,Luis Eduardo Magalhaes - BA,-12.0956,-45.7866,transporte,sol,20.22,3.12,271.71,21.73,2.2,0.0,0,0.0,1.0,25.53,41.28,930.6,7.19,3.71,2.92,NASA POWER Daily API,43.29
20240519,Luis Eduardo Magalhaes - BA,-12.0956,-45.7866,proximidade_agua,garoa,29.28,5.15,483.96,8.98,2.2,0.1,0,4.0,2.0,26.51,52.05,930.4,8.46,5.92,3.15,NASA POWER Daily API,36.31
20240520,Luis Eduardo Magalhaes - BA,-12.0956,-45.7866,transporte,garoa,18.56,1.68,387.52,10.33,1.2,0.02,0,4.0,1.0,27.21,46.47,930.2,1.75,6.28,3.59,NASA POWER Daily API,30.93
20240521,Luis Eduardo Magalhaes - BA,-12.0956,-45.7866,proximidade_agua,sol,9.25,7.02,86.11,7.86,1.2,0.0,0,0.0,2.0,26.51,43.22,930.7,27.33,2.04,4.32,NASA POWER Daily API,29.77
20240522,Luis Eduardo Magalhaes - BA,-12.0956,-45.7866,campo,sol,24.8,7.68,408.86,23.53,1.2,0.0,0,0.0,0.0,26.4,45.7,931.4,10.53,4.1,4.31,NASA POWER Daily API,49.5
20240523,Luis Eduardo Magalhaes - BA,-12.0956,-45.7866,campo,sol,21.87,0.0,255.73,5.39,1.2,0.0,0,0.0,0.0,26.13,52.7,931.0,3.53,1.86,4.43,NASA POWER Daily API,17.91
20240524,Luis Eduardo Magalhaes - BA,-12.0956,-45.7866,manutencao,sol,13.56,2.62,216.89,13.17,1.2,0.0,0,0.0,3.0,24.98,39.02,930.5,4.13,1.73,3.03,NASA POWER Daily API,27.93
20240525,Luis Eduardo Magalhaes - BA,-12.0956,-45.7866,transporte,sol,25.64,8.62,240.23,16.75,1.2,0.0,0,0.0,1.0,25.23,37.03,930.5,3.16,2.87,3.34,NASA POWER Daily API,42.33
20240526,Luis Eduardo Magalhaes - BA,-12.0956,-45.7866,campo,garoa,15.2,0.42,380.98,9.42,1.2,0.01,0,4.0,0.0,25.15,36.71,930.8,2.51,3.73,3.81,NASA POWER Daily API,27.41
20240527,Luis Eduardo Magalhaes - BA,-12.0956,-45.7866,proximidade_agua,sol,18.22,7.93,279.85,5.9,2.2,0.0,0,0.0,2.0,24.5,41.3,931.4,6.03,5.82,3.42,NASA POWER Daily API,31.9
20240528,Luis Eduardo Magalhaes - BA,-12.0956,-45.7866,transporte,sol,10.71,11.03,253.94,20.33,2.2,0.0,0,0.0,1.0,25.25,39.31,931.6,2.35,12.46,2.65,NASA POWER Daily API,52.92
20240529,Luis Eduardo Magalhaes - BA,-12.0956,-45.7866,campo,sol,19.25,4.37,284.07,11.79,3.2,0.0,0,0.0,0.0,25.92,39.06,931.2,3.09,11.48,2.75,NASA POWER Daily API,34.0
20240530,Luis Eduardo Magalhaes - BA,-12.0956,-45.7866,campo,sol,11.99,5.16,336.26,4.18,1.2,0.0,0,0.0,0.0,26.17,37.38,931.0,0.94,3.42,3.39,NASA POWER Daily API,30.85
20240531,Luis Eduardo Magalhaes - BA,-12.0956,-45.7866,proximidade_agua,sol,17.53,1.48,253.16,13.87,1.2,0.0,0,0.0,2.0,25.23,38.16,931.5,3.08,8.68,3.85,NASA POWER Daily API,32.73
20240601,Luis Eduardo Magalhaes - BA,-12.0956,-45.7866,campo,sol,10.62,1.47,42.63,13.46,1.2,0.0,0,0.0,0.0,24.5,45.94,932.6,8.39,20.37,5.1,NASA POWER Daily API,40.69
20240602,Luis Eduardo Magalhaes - BA,-12.0956,-45.7866,transporte,garoa,18.55,0.77,409.9,14.47,4.2,0.05,0,4.0,1.0,25.44,52.99,932.8,20.38,3.65,5.45,NASA POWER Daily API,35.44
20240603,Luis Eduardo Magalhaes - BA,-12.0956,-45.7866,transporte,garoa,17.44,8.13,207.76,22.15,3.2,0.06,0,4.0,1.0,25.34,52.38,933.5,6.29,3.03,4.85,NASA POWER Daily API,50.25
20240604,Luis Eduardo Magalhaes - BA,-12.0956,-45.7866,campo,garoa,16.79,1.3,346.49,14.78,4.2,0.02,0,4.0,0.0,25.36,50.37,931.8,52.42,4.61,4.21,NASA POWER Daily API,35.9
20240605,Luis Eduardo Magalhaes - BA,-12.0956,-45.7866,transporte,sol,17.88,4.78,595.51,17.43,2.2,0.0,0,0.0,1.0,24.21,47.24,931.9,22.54,1.71,4.27,NASA POWER Daily API,38.87
20240606,Luis Eduardo Magalhaes - BA,-12.0956,-45.7866,proximidade_agua,garoa,25.04,3.14,376.78,8.62,2.2,0.2,0,4.0,2.0,25.09,53.9,931.7,41.88,4.38,4.06,NASA POWER Daily API,32.48
20240607,Luis Eduardo Magalhaes - BA,-12.0956,-45.7866,campo,sol,17.74,8.69,258.34,14.9,1.2,0.0,0,0.0,0.0,25.4,47.38,932.8,2.24,8.13,4.48,NASA POWER Daily API,43.56
20240608,Luis Eduardo Magalhaes - BA,-12.0956,-45.7866,campo,sol,17.01,3.88,308.25,14.0,2.2,0.0,0,0.0,0.0,24.53,47.37,933.1,5.4,4.5,4.05,NASA POWER Daily API,33.29
20240609,Luis Eduardo Magalhaes - BA,-12.0956,-45.7866,campo,sol,10.82,4.43,344.82,12.01,1.2,0.0,0,0.0,0.0,24.23,45.24,932.0,3.15,5.69,3.76,NASA POWER Daily API,27.45
20240610,Luis Eduardo Magalhaes - BA,-12.0956,-45.7866,campo,sol,25.22,5.04,333.47,17.93,1.2,0.0,0,0.0,0.0,24.58,53.58,931.7,11.66,1.9,4.19,NASA POWER Daily API,39.83
20240611,Luis Eduardo Magalhaes - BA,-12.0956,-45.7866,campo,sol,20.3,4.25,191.8,21.4,1.2,0.0,0,0.0,0.0,25.02,51.15,932.1,30.38,6.26,4.37,NASA POWER Daily API,41.84
20240612,Luis Eduardo Magalhaes - BA,-12.0956,-45.7866,campo,sol,31.13,5.64,99.54,10.1,1.2,0.0,0,0.0,0.0,24.26,49.13,931.7,37.62,3.95,4.19,NASA POWER Daily API,32.45
20240613,Luis Eduardo Magalhaes - BA,-12.0956,-45.7866,proximidade_agua,sol,21.78,8.67,342.35,0.0,1.2,0.0,0,0.0,2.0,24.07,53.86,931.6,11.32,4.14,4.25,NASA POWER Daily API,24.21
20240614,Luis Eduardo Magalhaes - BA,-12.0956,-45.7866,campo,sol,17.83,2.96,330.15,15.55,1.2,0.0,0,0.0,0.0,24.16,49.72,932.4,9.42,6.48,4.3,NASA POWER Daily API,32.41
20240615,Luis Eduardo Magalhaes - BA,-12.0956,-45.7866,campo,sol,18.74,8.54,414.27,10.35,4.2,0.0,0,0.0,0.0,23.26,49.44,932.9,2.73,5.76,5.07,NASA POWER Daily API,44.45
20240616,Luis Eduardo Magalhaes - BA,-12.0956,-45.7866,proximidade_agua,sol,11.14,1.37,335.46,14.99,1.2,0.0,0,0.0,2.0,22.55,49.69,931.8,6.57,5.4,4.73,NASA POWER Daily API,32.07
20240617,Luis Eduardo Magalhaes - BA,-12.0956,-45.7866,transporte,sol,17.28,5.07,198.22,15.55,1.2,0.0,0,0.0,1.0,22.62,49.81,930.4,10.04,2.15,3.48,NASA POWER Daily API,34.6
20240618,Luis Eduardo Magalhaes - BA,-12.0956,-45.7866,transporte,sol,15.13,1.81,367.03,18.67,2.2,0.0,0,0.0,1.0,23.34,51.4,930.1,18.53,7.67,3.78,NASA POWER Daily API,36.6
20240619,Luis Eduardo Magalhaes - BA,-12.0956,-45.7866,campo,garoa,17.04,3.66,254.71,9.43,1.2,0.03,0,4.0,0.0,24.59,56.06,930.6,1.86,3.06,4.4,NASA POWER Daily API,31.41
20240620,Luis Eduardo Magalhaes - BA,-12.0956,-45.7866,transporte,garoa,19.79,1.54,240.29,19.61,1.2,0.02,0,4.0,1.0,23.71,49.92,930.6,7.42,2.68,3.99,NASA POWER Daily API,36.72
20240621,Luis Eduardo Magalhaes - BA,-12.0956,-45.7866,manutencao,garoa,33.3,1.77,120.95,9.47,1.2,0.58,0,4.0,3.0,23.27,51.36,930.6,9.32,4.72,4.04,NASA POWER Daily API,28.87
20240622,Luis Eduardo Magalhaes - BA,-12.0956,-45.7866,proximidade_agua,garoa,23.39,3.28,397.57,0.0,3.2,0.73,0,4.0,2.0,22.83,50.2,931.2,4.69,3.6,3.68,NASA POWER Daily API,24.05
20240623,Luis Eduardo Magalhaes - BA,-12.0956,-45.7866,campo,sol,20.63,3.32,267.71,7.27,2.2,0.0,0,0.0,0.0,23.22,45.16,930.9,2.34,12.07,3.28,NASA POWER Daily API,31.53
20240624,Luis Eduardo Magalhaes - BA,-12.0956,-45.7866,proximidade_agua,sol,15.53,5.51,347.77,7.68,1.2,0.0,0,0.0,2.0,23.4,40.91,931.1,22.5,3.52,3.01,NASA POWER Daily API,28.65
20240625,Luis Eduardo Magalhaes - BA,-12.0956,-45.7866,campo,sol,28.76,0.0,261.01,16.61,1.2,0.0,0,0.0,0.0,23.38,43.29,931.4,17.28,2.39,2.75,NASA POWER Daily API,33.97
20240626,Luis Eduardo Magalhaes - BA,-12.0956,-45.7866,transporte,sol,18.6,11.27,368.8,18.9,1.2,0.0,0,0.0,1.0,24.31,42.78,931.1,7.78,7.28,2.09,NASA POWER Daily API,45.64
20240627,Luis Eduardo Magalhaes - BA,-12.0956,-45.7866,campo,sol,23.59,0.0,317.43,8.29,2.2,0.0,0,0.0,0.0,25.27,35.08,929.7,1.45,4.51,1.44,NASA POWER Daily API,36.29
20240628,Luis Eduardo Magalhaes - BA,-12.0956,-45.7866,campo,sol,15.3,0.0,313.75,10.08,1.2,0.0,0,0.0,0.0,25.16,37.07,929.4,23.74,4.98,1.76,NASA POWER Daily API,21.91
20240629,Luis Eduardo Magalhaes - BA,-12.0956,-45.7866,proximidade_agua,sol,21.3,1.05,421.97,7.83,1.2,0.0,0,0.0,2.0,25.26,34.25,930.3,9.81,4.76,2.57,NASA POWER Daily API,25.94
20240630,Luis Eduardo Magalhaes - BA,-12.0956,-45.7866,campo,sol,9.4,9.24,323.68,18.67,1.2,0.0,0,0.0,0.0,25.4,35.49,929.8,3.45,1.96,2.86,NASA POWER Daily API,40.55
20240701,Luis Eduardo Magalhaes - BA,-12.0956,-45.7866,transporte,sol,17.81,2.7,232.62,24.07,1.2,0.0,0,0.0,1.0,26.07,37.51,931.1,6.31,3.56,3.23,NASA POWER Daily API,42.87
20240702,Luis Eduardo Magalhaes - BA,-12.0956,-45.7866,campo,sol,19.89,0.0,306.86,16.3,2.2,0.0,0,0.0,0.0,24.86,40.8,931.5,26.41,8.14,4.33,NASA POWER Daily API,33.07
20240703,Luis Eduardo Magalhaes - BA,-12.0956,-45.7866,campo,sol,19.31,5.11,260.07,9.74,1.2,0.0,0,0.0,0.0,23.52,46.4,931.2,80.0,4.27,4.14,NASA POWER Daily API,27.93
20240704,Luis Eduardo Magalhaes - BA,-12.0956,-45.7866,campo,sol,12.24,9.45,267.82,12.24,1.2,0.0,0,0.0,0.0,22.98,39.49,930.3,21.34,10.31,3.25,NASA POWER Daily API,33.55
20240705,Luis Eduardo Magalhaes - BA,-12.0956,-45.7866,campo,sol,24.55,0.0,353.73,10.7,1.2,0.0,0,0.0,0.0,23.01,44.47,931.8,9.36,8.27,4.08,NASA POWER Daily API,25.29
20240706,Luis Eduardo Magalhaes - BA,-12.0956,-45.7866,campo,sol,16.15,3.91,205.55,10.65,1.2,0.0,0,0.0,0.0,23.41,41.91,932.2,15.15,2.79,3.14,NASA POWER Daily API,26.79
20240707,Luis Eduardo Magalhaes - BA,-12.0956,-45.7866,campo,sol,21.89,6.66,341.69,13.89,1.2,0.0,0,0.0,0.0,24.27,47.48,931.7,21.15,1.43,2.81,NASA POWER Daily API,35.48
20240708,Luis Eduardo Magalhaes - BA,-12.0956,-45.7866,transporte,sol,18.92,6.67,313.46,23.7,1.2,0.0,0,0.0,1.0,24.79,43.87,930.5,9.65,6.19,3.69,NASA POWER Daily API,46.95
20240709,Luis Eduardo Magalhaes - BA,-12.0956,-45.7866,campo,sol,19.98,0.0,252.06,14.69,1.2,0.0,0,0.0,0.0,24.03,40.43,929.6,3.72,16.98,3.42,NASA POWER Daily API,29.22
20240710,Luis Eduardo Magalhaes - BA,-12.0956,-45.7866,campo,sol,19.76,0.0,394.82,9.99,2.2,0.0,0,0.0,0.0,24.01,42.03,930.2,27.48,6.4,3.1,NASA POWER Daily API,25.23
20240711,Luis Eduardo Magalhaes - BA,-12.0956,-45.7866,campo,sol,16.92,8.51,279.91,14.52,2.2,0.0,0,0.0,0.0,24.77,46.6,931.6,24.56,3.1,3.86,NASA POWER Daily API,38.88
20240712,Luis Eduardo Magalhaes - BA,-12.0956,-45.7866,campo,sol,25.63,8.63,341.89,15.28,1.2,0.0,0,0.0,0.0,24.17,42.7,933.8,28.75,11.66,5.58,NASA POWER Daily API,40.26
20240713,Luis Eduardo Magalhaes - BA,-12.0956,-45.7866,transporte,sol,13.18,3.18,310.81,18.76,1.2,0.0,0,0.0,1.0,22.21,40.15,933.4,11.19,2.09,5.33,NASA POWER Daily API,35.19
20240714,Luis Eduardo Magalhaes - BA,-12.0956,-45.7866,transporte,garoa,20.39,4.37,372.35,22.23,1.2,0.05,0,4.0,1.0,21.28,46.46,933.9,4.52,5.78,4.42,NASA POWER Daily API,42.95
20240715,Luis Eduardo Magalhaes - BA,-12.0956,-45.7866,campo,sol,20.19,0.0,199.4,12.03,2.2,0.0,0,0.0,0.0,21.88,45.89,934.1,3.99,4.2,4.04,NASA POWER Daily API,27.64
20240716,Luis Eduardo Magalhaes - BA,-12.0956,-45.7866,transporte,sol,11.79,6.78,251.44,16.99,1.2,0.0,0,0.0,1.0,21.54,40.73,934.7,5.69,3.03,3.91,NASA POWER Daily API,36.24
20240717,Luis Eduardo Magalhaes - BA,-12.0956,-45.7866,campo,sol,9.57,5.22,36.34,16.0,1.2,0.0,0,0.0,0.0,22.09,43.74,934.6,33.83,16.45,4.23,NASA POWER Daily API,48.92
20240718,Luis Eduardo Magalhaes - BA,-12.0956,-45.7866,campo,sol,14.03,10.95,198.52,3.44,2.2,0.0,0,0.0,0.0,22.55,40.68,933.4,1.24,2.35,4.07,NASA POWER Daily API,38.6
20240719,Luis Eduardo Magalhaes - BA,-12.0956,-45.7866,campo,sol,11.65,1.68,467.15,21.67,1.2,0.0,0,0.0,0.0,22.45,37.91,934.0,6.4,8.14,4.01,NASA POWER Daily API,36.75
20240720,Luis Eduardo Magalhaes - BA,-12.0956,-45.7866,campo,sol,6.21,0.0,293.74,15.97,1.2,0.0,0,0.0,0.0,21.94,41.16,933.5,15.95,8.17,4.44,NASA POWER Daily API,26.26
20240721,Luis Eduardo Magalhaes - BA,-12.0956,-45.7866,proximidade_agua,sol,19.5,4.88,296.87,6.84,2.2,0.0,0,0.0,2.0,21.61,44.21,933.1,5.13,3.89,4.05,NASA POWER Daily API,30.14
20240722,Luis Eduardo Magalhaes - BA,-12.0956,-45.7866,campo,garoa,14.75,3.73,343.9,8.82,2.2,0.02,0,4.0,0.0,22.32,50.96,933.7,1.72,10.54,4.16,NASA POWER Daily API,31.96
20240723,Luis Eduardo Magalhaes - BA,-12.0956,-45.7866,campo,sol,22.53,6.84,219.58,9.65,1.2,0.0,0,0.0,0.0,23.0,43.29,933.6,42.24,5.13,3.74,NASA POWER Daily API,30.43
20240724,Luis Eduardo Magalhaes - BA,-12.0956,-45.7866,manutencao,sol,24.81,1.99,327.96,6.07,1.2,0.0,0,0.0,3.0,22.34,38.96,934.7,3.01,4.03,4.19,NASA POWER Daily API,21.47
20240725,Luis Eduardo Magalhaes - BA,-12.0956,-45.7866,campo,sol,20.23,4.52,374.82,8.28,1.2,0.0,0,0.0,0.0,21.76,40.21,933.9,13.38,7.94,3.83,NASA POWER Daily API,25.57
20240726,Luis Eduardo Magalhaes - BA,-12.0956,-45.7866,campo,garoa,19.06,1.4,377.29,20.37,1.2,0.03,0,4.0,0.0,22.64,41.34,931.9,3.96,5.73,3.77,NASA POWER Daily API,37.23
20240727,Luis Eduardo Magalhaes - BA,-12.0956,-45.7866,campo,sol,24.76,4.25,254.97,7.41,1.2,0.0,0,0.0,0.0,23.17,47.57,932.3,3.65,3.63,4.49,NASA POWER Daily API,25.67
20240728,Luis Eduardo Magalhaes - BA,-12.0956,-45.7866,manutencao,garoa,18.73,1.92,214.21,4.84,1.2,0.01,0,4.0,3.0,22.52,46.21,933.6,3.63,7.17,4.3,NASA POWER Daily API,18.12
20240729,Luis Eduardo Magalhaes - BA,-12.0956,-45.7866,campo,sol,14.0,7.58,358.93,12.81,1.2,0.0,0,0.0,0.0,24.07,47.18,933.6,6.29,6.18,3.3,NASA POWER Daily API,32.6
20240730,Luis Eduardo Magalhaes - BA,-12.0956,-45.7866,transporte,garoa,16.91,5.47,303.95,21.09,3.2,0.03,0,4.0,1.0,26.08,39.36,932.8,5.22,8.65,3.52,NASA POWER Daily API,45.99
20240731,Luis Eduardo Magalhaes - BA,-12.0956,-45.7866,campo,garoa,18.36,4.85,262.48,17.89,1.2,0.01,0,4.0,0.0,25.87,35.62,932.6,7.4,4.74,4.48,NASA POWER Daily API,37.47
20240801,Luis Eduardo Magalhaes - BA,-12.0956,-45.7866,campo,sol,8.83,1.36,339.31,4.88,1.2,0.0,0,0.0,0.0,24.6,38.94,933.0,5.09,24.46,4.63,NASA POWER Daily API,15.4
20240802,Luis Eduardo Magalhaes - BA,-12.0956,-45.7866,campo,sol,24.32,1.42,330.77,4.08,1.2,0.0,0,0.0,0.0,23.58,44.65,932.8,11.94,2.27,4.86,NASA POWER Daily API,18.37
20240803,Luis Eduardo Magalhaes - BA,-12.0956,-45.7866,campo,sol,17.53,5.26,340.47,9.29,1.2,0.0,0,0.0,0.0,23.45,45.48,932.3,3.75,4.09,4.77,NASA POWER Daily API,26.91
20240804,Luis Eduardo Magalhaes - BA,-12.0956,-45.7866,campo,sol,20.88,2.29,436.18,19.18,2.2,0.0,0,0.0,0.0,22.55,43.49,933.1,4.45,5.9,5.09,NASA POWER Daily API,39.26
20240805,Luis Eduardo Magalhaes - BA,-12.0956,-45.7866,campo,sol,18.78,2.74,329.98,12.31,3.2,0.0,0,0.0,0.0,23.24,46.95,932.9,3.62,4.94,4.87,NASA POWER Daily API,32.68
20240806,Luis Eduardo Magalhaes - BA,-12.0956,-45.7866,campo,garoa,14.48,7.35,266.66,20.29,2.2,0.01,0,4.0,0.0,23.1,43.11,931.7,22.24,3.34,5.08,NASA POWER Daily API,44.14
20240807,Luis Eduardo Magalhaes - BA,-12.0956,-45.7866,transporte,sol,20.22,5.74,302.63,20.2,1.2,0.0,0,0.0,1.0,23.06,45.41,930.5,3.07,5.97,3.39,NASA POWER Daily API,41.99
20240808,Luis Eduardo Magalhaes - BA,-12.0956,-45.7866,manutencao,garoa,12.48,8.93,351.1,6.03,1.2,0.01,0,4.0,3.0,24.51,43.8,929.9,43.42,8.3,2.51,NASA POWER Daily API,25.35
20240809,Luis Eduardo Magalhaes - BA,-12.0956,-45.7866,transporte,sol,21.51,7.65,278.66,21.5,1.2,0.0,0,0.0,1.0,25.73,36.61,930.2,6.26,5.26,1.91,NASA POWER Daily API,46.03
20240810,Luis Eduardo Magalhaes - BA,-12.0956,-45.7866,transporte,sol,20.41,3.2,188.39,26.4,2.2,0.0,0,0.0,1.0,27.81,29.48,929.1,40.57,5.93,2.25,NASA POWER Daily API,49.38
20240811,Luis Eduardo Magalhaes - BA,-12.0956,-45.7866,campo,sol,6.02,0.0,300.39,9.9,1.2,0.0,0,0.0,0.0,26.83,29.89,929.4,6.68,7.94,2.45,NASA POWER Daily API,18.9
20240812,Luis Eduardo Magalhaes - BA,-12.0956,-45.7866,campo,sol,9.76,2.46,378.28,11.68,1.2,0.0,0,0.0,0.0,27.58,31.69,930.9,32.31,23.66,2.18,NASA POWER Daily API,25.42
20240813,Luis Eduardo Magalhaes - BA,-12.0956,-45.7866,campo,sol,16.51,0.21,331.32,12.28,1.2,0.0,0,0.0,0.0,28.17,32.82,930.7,5.09,5.53,2.57,NASA POWER Daily API,25.15
20240814,Luis Eduardo Magalhaes - BA,-12.0956,-45.7866,transporte,garoa,26.76,9.0,407.62,22.27,1.2,0.05,0,4.0,1.0,27.44,40.77,932.1,14.73,3.24,5.22,NASA POWER Daily API,49.9
20240815,Luis Eduardo Magalhaes - BA,-12.0956,-45.7866,campo,sol,27.97,5.72,319.3,13.6,1.2,0.0,0,0.0,0.0,26.56,45.23,933.0,0.95,2.47,5.41,NASA POWER Daily API,47.87
20240816,Luis Eduardo Magalhaes - BA,-12.0956,-45.7866,transporte,sol,13.11,3.66,195.67,15.77,1.2,0.0,0,0.0,1.0,26.15,41.98,932.3,17.77,9.19,4.63,NASA POWER Daily API,32.01
20240817,Luis Eduardo Magalhaes - BA,-12.0956,-45.7866,campo,sol,17.78,0.0,304.79,16.29,1.2,0.0,0,0.0,0.0,25.75,38.5,931.4,25.79,7.85,3.99,NASA POWER Daily API,30.28
20240818,Luis Eduardo Magalhaes - BA,-12.0956,-45.7866,campo,sol,12.89,2.29,176.07,6.17,2.2,0.0,0,0.0,0.0,24.61,33.48,931.5,2.65,5.14,3.9,NASA POWER Daily API,26.71
20240819,Luis Eduardo Magalhaes - BA,-12.0956,-45.7866,manutencao,sol,10.73,4.83,255.91,0.0,1.2,0.0,0,0.0,3.0,24.31,36.99,931.8,7.05,2.7,4.81,NASA POWER Daily API,12.84
20240820,Luis Eduardo Magalhaes - BA,-12.0956,-45.7866,campo,garoa,16.83,5.35,271.11,13.41,2.2,0.01,0,4.0,0.0,24.2,40.78,932.5,3.82,7.86,3.53,NASA POWER Daily API,34.09
20240821,Luis Eduardo Magalhaes - BA,-12.0956,-45.7866,campo,garoa,14.47,2.49,265.32,9.77,1.2,0.08,0,4.0,0.0,25.13,34.92,931.1,11.43,8.88,3.67,NASA POWER Daily API,23.85
20240822,Luis Eduardo Magalhaes - BA,-12.0956,-45.7866,transporte,sol,19.42,2.43,253.24,20.85,1.2,0.0,0,0.0,1.0,24.9,34.6,930.7,6.64,7.19,4.37,NASA POWER Daily API,39.07
20240823,Luis Eduardo Magalhaes - BA,-12.0956,-45.7866,proximidade_agua,sol,15.31,7.09,381.78,11.76,2.2,0.0,0,0.0,2.0,24.63,39.74,930.6,1.46,4.3,4.69,NASA POWER Daily API,49.53
20240824,Luis Eduardo Magalhaes - BA,-12.0956,-45.7866,campo,sol,20.79,2.32,217.72,8.09,2.2,0.0,0,0.0,0.0,24.89,39.65,931.7,4.48,5.09,3.37,NASA POWER Daily API,25.5
20240825,Luis Eduardo Magalhaes - BA,-12.0956,-45.7866,transporte,garoa,12.29,1.79,251.31,16.5,2.2,0.04,0,4.0,1.0,26.05,32.63,931.4,80.0,4.13,2.71,NASA POWER Daily API,32.96
20240826,Luis Eduardo Magalhaes - BA,-12.0956,-45.7866,campo,sol,11.17,2.93,432.8,16.49,2.2,0.0,0,0.0,0.0,26.53,29.81,930.7,6.49,3.73,2.91,NASA POWER Daily API,33.82
20240827,Luis Eduardo Magalhaes - BA,-12.0956,-45.7866,transporte,sol,14.89,0.0,310.77,22.28,1.2,0.0,0,0.0,1.0,26.15,33.64,931.8,6.44,11.37,4.74,NASA POWER Daily API,36.87
20240828,Luis Eduardo Magalhaes - BA,-12.0956,-45.7866,campo,sol,21.2,1.64,429.34,11.99,1.2,0.0,0,0.0,0.0,25.22,40.25,933.4,26.85,5.71,6.06,NASA POWER Daily API,27.51
20240829,Luis Eduardo Magalhaes - BA,-12.0956,-45.7866,transporte,garoa,19.66,1.38,350.59,21.45,1.2,0.02,0,4.0,1.0,24.69,48.68,933.6,6.83,7.98,6.41,NASA POWER Daily API,38.61
20240830,Luis Eduardo Magalhaes - BA,-12.0956,-45.7866,proximidade_agua,sol,20.7,0.0,210.37,6.44,2.2,0.0,0,0.0,2.0,24.36,40.42,932.9,20.2,3.52,4.78,NASA POWER Daily API,24.89
20240831,Luis Eduardo Magalhaes - BA,-12.0956,-45.7866,campo,sol,11.05,3.38,203.81,18.49,2.2,0.0,0,0.0,0.0,24.93,37.27,931.7,1.58,4.73,4.42,NASA POWER Daily API,42.69
20240901,Luis Eduardo Magalhaes - BA,-12.0956,-45.7866,transporte,sol,19.34,3.25,399.11,17.27,1.2,0.0,0,0.0,1.0,25.35,38.26,931.7,2.99,2.17,4.62,NASA POWER Daily API,41.36
20240902,Luis Eduardo Magalhaes - BA,-12.0956,-45.7866,manutencao,garoa,10.98,0.03,335.16,6.76,1.2,0.42,0,4.0,3.0,24.43,37.0,930.1,12.2,1.96,4.25,NASA POWER Daily API,16.85
20240903,Luis Eduardo Magalhaes - BA,-12.0956,-45.7866,campo,sol,7.11,2.15,139.17,14.95,1.2,0.0,0,0.0,0.0,25.17,29.66,929.9,2.36,2.66,3.69,NASA POWER Daily API,33.77
20240904,Luis Eduardo Magalhaes - BA,-12.0956,-45.7866,proximidade_agua,sol,10.71,6.6,291.11,12.35,2.2,0.0,0,0.0,2.0,25.3,25.77,930.2,3.92,11.37,4.52,NASA POWER Daily API,36.4
20240905,Luis Eduardo Magalhaes - BA,-12.0956,-45.7866,proximidade_agua,sol,17.81,7.06,339.54,9.51,2.2,0.0,0,0.0,2.0,24.98,31.05,930.9,4.75,5.65,4.71,NASA POWER Daily API,35.41
20240906,Luis Eduardo Magalhaes - BA,-12.0956,-45.7866,transporte,sol,5.51,9.81,352.43,18.04,1.2,0.0,0,0.0,1.0,25.19,28.6,929.5,2.03,3.91,4.17,NASA POWER Daily API,45.22
20240907,Luis Eduardo Magalhaes - BA,-12.0956,-45.7866,manutencao,sol,11.73,6.18,338.53,15.15,1.2,0.0,0,0.0,3.0,25.22,29.89,930.1,0.7,14.48,4.44,NASA POWER Daily API,45.62
20240908,Luis Eduardo Magalhaes - BA,-12.0956,-45.7866,campo,sol,16.84,4.33,320.48,12.22,2.2,0.0,0,0.0,0.0,25.23,36.61,931.3,80.0,7.09,4.93,NASA POWER Daily API,31.61
20240909,Luis Eduardo Magalhaes - BA,-12.0956,-45.7866,campo,sol,23.63,0.57,373.81,9.5,2.2,0.0,0,0.0,0.0,24.76,34.33,931.1,0.8,2.25,4.74,NASA POWER Daily API,38.32
20240910,Luis Eduardo Magalhaes - BA,-12.0956,-45.7866,campo,sol,14.2,10.41,411.36,11.01,2.2,0.0,0,0.0,0.0,24.83,36.81,930.7,34.6,15.75,4.36,NASA POWER Daily API,35.79
20240911,Luis Eduardo Magalhaes - BA,-12.0956,-45.7866,transporte,sol,23.46,7.3,402.22,19.46,2.2,0.0,0,0.0,1.0,25.57,37.55,930.6,2.14,14.17,4.42,NASA POWER Daily API,51.82
20240912,Luis Eduardo Magalhaes - BA,-12.0956,-45.7866,campo,sol,9.42,7.21,259.3,9.07,2.2,0.0,0,0.0,0.0,25.41,36.05,931.0,9.24,3.58,4.92,NASA POWER Daily API,28.49
20240913,Luis Eduardo Magalhaes - BA,-12.0956,-45.7866,transporte,sol,9.2,4.19,225.72,21.66,1.2,0.0,0,0.0,1.0,25.12,39.32,930.7,5.49,3.07,5.07,NASA POWER Daily API,38.87
20240914,Luis Eduardo Magalhaes - BA,-12.0956,-45.7866,campo,sol,19.82,1.82,184.47,3.5,1.2,0.0,0,0.0,0.0,25.27,38.44,930.6,17.53,8.81,4.1,NASA POWER Daily API,16.87
20240915,Luis Eduardo Magalhaes - BA,-12.0956,-45.7866,campo,sol,17.86,7.29,294.07,10.39,1.2,0.0,0,0.0,0.0,25.84,32.92,930.9,11.08,6.74,3.76,NASA POWER Daily API,30.62
20240916,Luis Eduardo Magalhaes - BA,-12.0956,-45.7866,proximidade_agua,sol,13.13,3.3,367.26,1.82,2.2,0.0,0,0.0,2.0,27.0,34.7,930.9,6.42,5.89,3.04,NASA POWER Daily API,20.45
20240917,Luis Eduardo Magalhaes - BA,-12.0956,-45.7866,manutencao,sol,16.04,8.68,335.17,13.05,1.2,0.0,0,0.0,3.0,28.93,27.38,928.9,3.17,6.57,3.89,NASA POWER Daily API,35.0
20240918,Luis Eduardo Magalhaes - BA,-12.0956,-45.7866,campo,sol,10.28,8.56,325.4,15.16,1.2,0.0,0,0.0,0.0,27.75,35.1,929.7,36.45,4.55,6.21,NASA POWER Daily API,35.72
20240919,Luis Eduardo Magalhaes - BA,-12.0956,-45.7866,campo,sol,10.84,4.54,347.42,20.98,1.2,0.0,0,0.0,0.0,26.06,32.74,929.8,8.96,6.86,4.74,NASA POWER Daily API,38.94
20240920,Luis Eduardo Magalhaes - BA,-12.0956,-45.7866,transporte,sol,5.0,0.81,382.21,26.72,1.2,0.0,0,0.0,1.0,25.86,29.73,928.8,2.33,11.52,4.46,NASA POWER Daily API,46.51
20240921,Luis Eduardo Magalhaes - BA,-12.0956,-45.7866,campo,sol,10.67,8.67,410.05,16.2,2.2,0.0,0,0.0,0.0,26.74,29.84,928.5,21.42,5.9,3.75,NASA POWER Daily API,39.49
20240922,Luis Eduardo Magalhaes - BA,-12.0956,-45.7866,campo,sol,11.03,7.56,429.85,11.97,1.2,0.0,0,0.0,0.0,27.29,30.37,928.2,5.69,10.37,4.3,NASA POWER Daily API,31.02
20240923,Luis Eduardo Magalhaes - BA,-12.0956,-45.7866,transporte,sol,13.83,2.31,392.04,26.3,1.2,0.0,0,0.0,1.0,27.71,30.61,928.2,5.93,9.35,4.68,NASA POWER Daily API,44.26
20240924,Luis Eduardo Magalhaes - BA,-12.0956,-45.7866,campo,sol,10.4,4.59,331.51,6.93,3.2,0.0,0,0.0,0.0,28.3,30.57,928.5,3.52,3.68,4.25,NASA POWER Daily API,25.69
20240925,Luis Eduardo Magalhaes - BA,-12.0956,-45.7866,proximidade_agua,garoa,20.92,0.85,316.07,6.22,1.2,0.77,0,4.0,2.0,27.79,35.11,928.5,27.19,4.61,4.23,NASA POWER Daily API,24.46
20240926,Luis Eduardo Magalhaes - BA,-12.0956,-45.7866,transporte,garoa,12.65,5.09,370.26,24.67,1.2,0.38,0,4.0,1.0,27.62,34.13,928.5,5.95,5.32,3.59,NASA POWER Daily API,45.12
20240927,Luis Eduardo Magalhaes - BA,-12.0956,-45.7866,proximidade_agua,sol,10.3,8.68,301.89,10.41,2.2,0.0,0,0.0,2.0,28.12,29.47,928.1,2.85,4.94,3.75,NASA POWER Daily API,42.18
20240928,Luis Eduardo Magalhaes - BA,-12.0956,-45.7866,transporte,sol,21.52,4.5,268.82,9.02,1.2,0.0,0,0.0,1.0,28.72,28.1,928.0,6.86,4.16,3.97,NASA POWER Daily API,27.28
20240929,Luis Eduardo Magalhaes - BA,-12.0956,-45.7866,transporte,sol,17.11,0.8,323.18,18.5,1.2,0.0,0,0.0,1.0,28.85,29.08,928.1,36.25,7.47,5.44,NASA POWER Daily API,33.91
20240930,Luis Eduardo Magalhaes - BA,-12.0956,-45.7866,campo,sol,17.2,0.0,243.6,17.97,1.2,0.0,0,0.0,0.0,27.12,30.55,929.1,9.56,8.52,4.68,NASA POWER Daily API,32.37
20241001,Luis Eduardo Magalhaes - BA,-12.0956,-45.7866,transporte,sol,14.77,7.0,156.44,16.0,1.2,0.0,0,0.0,1.0,26.86,34.09,928.3,12.43,4.14,4.59,NASA POWER Daily API,36.58
20241002,Luis Eduardo Magalhaes - BA,-12.0956,-45.7866,campo,garoa,5.72,3.78,259.39,7.9,1.2,0.02,0,4.0,0.0,27.91,35.01,927.7,8.39,10.14,2.78,NASA POWER Daily API,20.42
20241003,Luis Eduardo Magalhaes - BA,-12.0956,-45.7866,campo,sol,18.17,2.8,337.69,18.08,2.2,0.0,0,0.0,0.0,29.24,27.52,927.7,5.18,6.86,3.42,NASA POWER Daily API,37.98
20241004,Luis Eduardo Magalhaes - BA,-12.0956,-45.7866,transporte,sol,12.77,3.27,172.52,18.78,2.2,0.0,0,0.0,1.0,28.99,26.16,928.0,8.26,11.76,3.45,NASA POWER Daily API,37.71
20241005,Luis Eduardo Magalhaes - BA,-12.0956,-45.7866,proximidade_agua,sol,5.0,0.34,246.14,12.87,1.2,0.0,0,0.0,2.0,30.14,26.66,927.5,2.45,6.22,3.9,NASA POWER Daily API,32.8
20241006,Luis Eduardo Magalhaes - BA,-12.0956,-45.7866,transporte,garoa,5.0,0.0,233.14,21.95,1.2,0.08,0,4.0,1.0,31.8,29.74,927.2,3.62,7.44,3.67,NASA POWER Daily API,33.89
20241007,Luis Eduardo Magalhaes - BA,-12.0956,-45.7866,proximidade_agua,garoa,12.33,0.0,234.51,16.8,2.2,0.04,0,4.0,2.0,31.14,32.33,926.8,5.14,5.29,3.83,NASA POWER Daily API,35.79
20241008,Luis Eduardo Magalhaes - BA,-12.0956,-45.7866,campo,garoa,18.3,1.83,408.08,15.61,1.2,0.46,0,4.0,0.0,30.99,34.93,927.8,6.54,6.89,3.71,NASA POWER Daily API,32.2
20241009,Luis Eduardo Magalhaes - BA,-12.0956,-45.7866,campo,sol,5.0,4.23,297.35,9.43,1.2,0.0,0,0.0,0.0,31.27,27.1,927.8,20.12,6.65,3.15,NASA POWER Daily API,22.56
20241010,Luis Eduardo Magalhaes - BA,-12.0956,-45.7866,transporte,garoa,8.02,4.44,326.32,23.03,2.2,0.01,0,4.0,1.0,31.75,27.22,927.0,2.61,3.35,2.24,NASA POWER Daily API,48.91
20241011,Luis Eduardo Magalhaes - BA,-12.0956,-45.7866,campo,garoa,19.98,0.0,200.55,15.37,1.2,0.35,0,4.0,0.0,32.14,34.27,927.9,2.54,9.25,3.19,NASA POWER Daily API,36.46
20241012,Luis Eduardo Magalhaes - BA,-12.0956,-45.7866,campo,sol,11.68,8.38,209.65,6.31,1.2,0.0,0,0.0,0.0,31.88,31.68,929.8,9.22,7.2,2.59,NASA POWER Daily API,24.88
20241013,Luis Eduardo Magalhaes - BA,-12.0956,-45.7866,campo,garoa,13.4,1.75,327.04,15.72,2.2,0.17,0,4.0,0.0,32.37,33.78,930.3,13.86,2.78,4.14,NASA POWER Daily API,32.74
20241014,Luis Eduardo Magalhaes - BA,-12.0956,-45.7866,campo,sol,9.89,6.41,339.23,12.57,2.2,0.0,0,0.0,0.0,31.83,28.93,930.3,4.17,3.72,4.56,NASA POWER Daily API,32.22
20241015,Luis Eduardo Magalhaes - BA,-12.0956,-45.7866,campo,garoa,21.58,4.0,188.23,13.73,1.2,0.8,0,4.0,0.0,30.5,39.1,929.2,1.83,4.21,3.92,NASA POWER Daily API,39.33
20241016,Luis Eduardo Magalhaes - BA,-12.0956,-45.7866,proximidade_agua,chuva,61.89,0.51,367.16,2.06,1.2,9.11,0,2.0,2.0,25.5,68.54,929.0,2.34,6.91,2.35,NASA POWER Daily API,49.58
20241017,Luis Eduardo Magalhaes - BA,-12.0956,-45.7866,campo,chuva,90.08,5.47,303.47,10.3,3.2,18.35,1,2.0,0.0,25.87,70.5,929.1,27.95,11.88,1.2,NASA POWER Daily API,92.62
20241018,Luis Eduardo Magalhaes - BA,-12.0956,-45.7866,transporte,garoa,77.55,2.67,391.3,18.5,2.2,4.12,0,4.0,1.0,26.38,63.32,928.0,3.67,2.35,1.66,NASA POWER Daily API,60.08
20241019,Luis Eduardo Magalhaes - BA,-12.0956,-45.7866,campo,garoa,78.39,3.96,71.79,7.76,1.2,1.86,0,4.0,0.0,26.33,61.59,926.5,1.75,2.19,1.43,NASA POWER Daily API,55.53
20241020,Luis Eduardo Magalhaes - BA,-12.0956,-45.7866,campo,chuva,100.0,6.25,224.2,8.23,2.2,21.62,1,2.0,0.0,26.15,68.67,926.3,22.75,4.48,2.49,NASA POWER Daily API,94.98
20241021,Luis Eduardo Magalhaes - BA,-12.0956,-45.7866,campo,chuva,100.0,0.0,378.19,15.67,1.2,8.78,1,2.0,0.0,24.94,75.86,928.9,11.46,4.14,3.14,NASA POWER Daily API,83.19
20241022,Luis Eduardo Magalhaes - BA,-12.0956,-45.7866,transporte,garoa,100.0,3.9,302.32,18.81,2.2,0.1,0,4.0,1.0,26.99,59.82,929.4,6.66,6.42,3.99,NASA POWER Daily API,64.57
20241023,Luis Eduardo Magalhaes - BA,-12.0956,-45.7866,campo,sol,100.0,2.34,567.34,4.48,1.2,0.0,0,0.0,0.0,27.72,52.84,927.9,18.95,2.67,3.66,NASA POWER Daily API,42.88
20241024,Luis Eduardo Magalhaes - BA,-12.0956,-45.7866,transporte,sol,71.77,2.99,189.79,18.34,1.2,0.0,0,0.0,1.0,28.11,47.3,926.7,16.26,18.94,2.96,NASA POWER Daily API,52.82
20241025,Luis Eduardo Magalhaes - BA,-12.0956,-45.7866,campo,garoa,63.11,6.08,253.22,19.86,2.2,2.7,0,4.0,0.0,29.37,47.54,927.0,2.82,6.98,2.59,NASA POWER Daily API,65.75
20241026,Luis Eduardo Magalhaes - BA,-12.0956,-45.7866,campo,chuva,100.0,3.33,420.24,4.04,2.2,14.58,1,2.0,0.0,27.34,67.49,928.0,4.75,4.28,2.46,NASA POWER Daily API,79.87
20241027,Luis Eduardo Magalhaes - BA,-12.0956,-45.7866,transporte,garoa,63.12,6.03,298.4,14.0,2.2,1.9,0,4.0,1.0,28.22,55.35,928.5,6.66,8.6,2.54,NASA POWER Daily API,51.51
20241028,Luis Eduardo Magalhaes - BA,-12.0956,-45.7866,proximidade_agua,sol,52.14,4.52,232.72,17.24,2.2,0.0,0,0.0,2.0,28.54,46.12,928.5,7.53,3.07,3.1,NASA POWER Daily API,52.87
20241029,Luis Eduardo Magalhaes - BA,-12.0956,-45.7866,campo,garoa,48.73,2.78,231.65,17.57,1.2,0.5,0,4.0,0.0,28.38,47.62,927.4,3.05,2.58,3.06,NASA POWER Daily API,44.84
20241030,Luis Eduardo Magalhaes - BA,-12.0956,-45.7866,manutencao,chuva,72.31,4.83,358.68,11.96,1.2,5.23,0,2.0,3.0,26.79,56.17,926.7,29.92,3.51,3.49,NASA POWER Daily API,56.09
20241031,Luis Eduardo Magalhaes - BA,-12.0956,-45.7866,proximidade_agua,tempestade,100.0,4.46,312.15,9.18,2.2,28.25,1,3.0,2.0,23.56,77.82,927.8,26.89,5.74,3.47,NASA POWER Daily API,100.0
20241101,Luis Eduardo Magalhaes - BA,-12.0956,-45.7866,transporte,garoa,100.0,15.9,164.78,16.2,1.2,3.11,1,4.0,1.0,25.19,65.31,927.9,54.74,3.56,3.59,NASA POWER Daily API,90.73
20241102,Luis Eduardo Magalhaes - BA,-12.0956,-45.7866,campo,chuva,100.0,0.67,348.48,7.66,1.2,9.24,1,2.0,0.0,25.53,71.47,927.9,13.4,14.14,3.02,NASA POWER Daily API,74.38
20241103,Luis Eduardo Magalhaes - BA,-12.0956,-45.7866,campo,garoa,100.0,3.64,300.08,23.31,1.2,2.08,0,4.0,0.0,25.73,71.5,926.9,0.67,4.44,2.13,NASA POWER Daily API,81.83
20241104,Luis Eduardo Magalhaes - BA,-12.0956,-45.7866,transporte,garoa,98.31,1.7,187.69,28.7,3.2,0.13,0,4.0,1.0,26.93,57.5,926.7,3.24,6.9,3.52,NASA POWER Daily API,76.49
20241105,Luis Eduardo Magalhaes - BA,-12.0956,-45.7866,campo,garoa,100.0,0.37,339.99,20.74,1.2,0.4,0,4.0,0.0,26.12,58.48,927.8,0.92,5.05,2.95,NASA POWER Daily API,73.53
20241106,Luis Eduardo Magalhaes - BA,-12.0956,-45.7866,campo,garoa,95.85,8.72,429.59,11.38,2.2,0.29,0,4.0,0.0,25.96,56.29,927.7,4.42,6.44,3.49,NASA POWER Daily API,59.4
20241107,Luis Eduardo Magalhaes - BA,-12.0956,-45.7866,transporte,garoa,42.26,5.8,245.05,20.64,1.2,0.19,0,4.0,1.0,26.87,54.25,926.6,9.71,3.24,3.18,NASA POWER Daily API,49.67
20241108,Luis Eduardo Magalhaes - BA,-12.0956,-45.7866,proximidade_agua,garoa,51.05,1.77,278.87,4.73,1.2,1.34,0,4.0,2.0,27.39,56.69,927.0,10.14,6.67,2.0,NASA POWER Daily API,33.25
20241109,Luis Eduardo Magalhaes - BA,-12.0956,-45.7866,campo,garoa,34.73,5.33,431.34,13.24,2.2,1.15,0,4.0,0.0,27.26,60.1,926.9,6.32,1.65,2.15,NASA POWER Daily API,40.71
20241110,Luis Eduardo Magalhaes - BA,-12.0956,-45.7866,campo,chuva,67.12,4.06,274.95,14.63,1.2,11.21,0,2.0,0.0,24.46,80.97,926.9,1.98,3.15,2.1,NASA POWER Daily API,68.73
20241111,Luis Eduardo Magalhaes - BA,-12.0956,-45.7866,campo,garoa,60.24,1.45,117.95,0.06,1.2,3.13,0,4.0,0.0,25.7,71.69,926.4,2.53,1.64,2.26,NASA POWER Daily API,33.58
20241112,Luis Eduardo Magalhaes - BA,-12.0956,-45.7866,campo,chuva,100.0,3.7,322.82,11.19,1.2,17.14,1,2.0,0.0,23.11,86.09,926.5,17.19,9.8,2.36,NASA POWER Daily API,89.82
20241113,Luis Eduardo Magalhaes - BA,-12.0956,-45.7866,campo,chuva,100.0,0.37,415.48,11.39,2.2,23.77,1,2.0,0.0,24.69,79.38,925.9,9.56,2.77,3.08,NASA POWER Daily API,94.82
20241114,Luis Eduardo Magalhaes - BA,-12.0956,-45.7866,transporte,tempestade,100.0,11.5,346.63,5.77,6.2,29.53,1,3.0,1.0,22.91,88.61,926.4,12.76,2.79,2.63,NASA POWER Daily API,100.0
20241115,Luis Eduardo Magalhaes - BA,-12.0956,-45.7866,proximidade_agua,garoa,100.0,5.57,302.67,7.81,1.2,0.44,0,4.0,2.0,24.19,74.07,927.4,3.48,2.15,3.69,NASA POWER Daily API,54.89
20241116,Luis Eduardo Magalhaes - BA,-12.0956,-45.7866,campo,sol,100.0,5.93,321.6,6.56,1.2,0.0,0,0.0,0.0,24.38,65.34,927.8,11.67,7.52,3.66,NASA POWER Daily API,49.26
20241117,Luis Eduardo Magalhaes - BA,-12.0956,-45.7866,campo,sol,100.0,0.43,190.44,12.67,3.2,0.0,0,0.0,0.0,25.36,61.47,927.4,2.83,4.92,3.49,NASA POWER Daily API,61.45
20241118,Luis Eduardo Magalhaes - BA,-12.0956,-45.7866,proximidade_agua,garoa,100.0,7.79,403.11,12.55,1.2,1.31,0,4.0,2.0,25.23,66.16,927.2,21.24,6.27,3.78,NASA POWER Daily API,63.99
20241119,Luis Eduardo Magalhaes - BA,-12.0956,-45.7866,campo,garoa,100.0,6.83,187.14,7.14,1.2,0.71,0,4.0,0.0,26.09,63.66,927.2,2.31,2.51,2.57,NASA POWER Daily API,57.65
20241120,Luis Eduardo Magalhaes - BA,-12.0956,-45.7866,campo,garoa,82.42,7.11,327.29,12.61,1.2,1.67,0,4.0,0.0,27.54,56.43,927.7,4.43,5.66,1.78,NASA POWER Daily API,54.38
20241121,Luis Eduardo Magalhaes - BA,-12.0956,-45.7866,campo,garoa,37.96,7.79,274.06,14.6,1.2,4.37,0,4.0,0.0,27.01,64.46,927.6,24.15,2.86,1.55,NASA POWER Daily API,46.82
20241122,Luis Eduardo Magalhaes - BA,-12.0956,-45.7866,proximidade_agua,chuva,65.39,0.0,256.07,11.65,1.2,7.89,0,2.0,2.0,26.74,68.33,927.2,14.58,3.98,2.06,NASA POWER Daily API,55.05
20241123,Luis Eduardo Magalhaes - BA,-12.0956,-45.7866,campo,garoa,71.61,2.64,267.4,10.46,1.2,4.4,0,4.0,0.0,25.14,78.69,927.5,41.1,8.71,2.83,NASA POWER Daily API,46.37
20241124,Luis Eduardo Magalhaes - BA,-12.0956,-45.7866,campo,tempestade,100.0,6.14,441.56,12.95,2.2,29.71,1,3.0,0.0,25.03,77.94,928.2,10.26,9.35,2.02,NASA POWER Daily API,100.0
20241125,Luis Eduardo Magalhaes - BA,-12.0956,-45.7866,transporte,chuva,100.0,1.8,520.1,13.81,1.2,9.86,1,2.0,1.0,24.05,77.24,929.6,8.64,4.43,1.45,NASA POWER Daily API,83.73
20241126,Luis Eduardo Magalhaes - BA,-12.0956,-45.7866,campo,garoa,100.0,0.11,235.78,7.83,1.2,1.9,0,4.0,0.0,24.94,75.07,929.3,11.1,4.04,1.74,NASA POWER Daily API,46.44
20241127,Luis Eduardo Magalhaes - BA,-12.0956,-45.7866,campo,chuva,100.0,1.62,189.5,11.82,2.2,6.92,1,2.0,0.0,25.25,76.14,927.8,11.02,8.86,2.68,NASA POWER Daily API,80.53
20241128,Luis Eduardo Magalhaes - BA,-12.0956,-45.7866,transporte,garoa,100.0,5.64,299.46,12.79,1.2,0.34,0,4.0,1.0,26.04,69.73,927.2,4.71,4.51,2.34,NASA POWER Daily API,57.11
20241129,Luis Eduardo Magalhaes - BA,-12.0956,-45.7866,campo,garoa,100.0,3.33,153.96,12.38,1.2,0.26,0,4.0,0.0,27.02,62.4,928.2,6.3,3.89,2.4,NASA POWER Daily API,54.02
20241130,Luis Eduardo Magalhaes - BA,-12.0956,-45.7866,transporte,garoa,100.0,3.01,171.17,15.97,1.2,0.07,0,4.0,1.0,27.82,58.36,927.5,12.29,3.59,1.78,NASA POWER Daily API,58.04
20241201,Luis Eduardo Magalhaes - BA,-12.0956,-45.7866,manutencao,chuva,72.16,1.51,292.2,9.44,1.2,5.51,0,2.0,3.0,26.9,67.06,927.7,9.89,2.72,1.64,NASA POWER Daily API,49.61
20241202,Luis Eduardo Magalhaes - BA,-12.0956,-45.7866,transporte,garoa,55.8,8.37,154.21,16.54,1.2,3.13,0,4.0,1.0,26.82,66.75,927.1,22.39,14.46,1.45,NASA POWER Daily API,54.06
20241203,Luis Eduardo Magalhaes - BA,-12.0956,-45.7866,campo,garoa,55.72,3.7,291.42,13.13,1.2,0.81,0,4.0,0.0,27.23,61.53,927.0,7.06,6.35,2.18,NASA POWER Daily API,42.67
20241204,Luis Eduardo Magalhaes - BA,-12.0956,-45.7866,transporte,chuva,79.38,0.0,307.95,23.72,1.2,11.01,1,2.0,1.0,23.65,80.68,927.4,2.92,2.26,2.33,NASA POWER Daily API,95.29
20241205,Luis Eduardo Magalhaes - BA,-12.0956,-45.7866,transporte,garoa,64.91,3.82,260.59,10.3,1.2,0.12,0,4.0,1.0,25.26,66.05,926.9,3.84,3.5,2.57,NASA POWER Daily API,41.37
20241206,Luis Eduardo Magalhaes - BA,-12.0956,-45.7866,campo,garoa,48.41,0.0,319.66,10.26,2.2,0.01,0,4.0,0.0,25.31,60.44,927.5,9.42,2.9,3.38,NASA POWER Daily API,34.36
20241207,Luis Eduardo Magalhaes - BA,-12.0956,-45.7866,transporte,garoa,55.06,4.53,341.08,16.34,1.2,0.26,0,4.0,1.0,26.56,52.97,927.9,18.23,5.08,2.84,NASA POWER Daily API,46.77
20241208,Luis Eduardo Magalhaes - BA,-12.0956,-45.7866,campo,garoa,45.16,2.02,220.27,10.64,1.2,0.12,0,4.0,0.0,26.76,53.0,928.4,3.17,4.75,2.56,NASA POWER Daily API,33.88
20241209,Luis Eduardo Magalhaes - BA,-12.0956,-45.7866,proximidade_agua,garoa,55.73,6.31,360.06,11.86,1.2,2.35,0,4.0,2.0,28.03,52.04,927.2,27.33,5.41,1.44,NASA POWER Daily API,49.28
20241210,Luis Eduardo Magalhaes - BA,-12.0956,-45.7866,campo,garoa,35.03,2.71,149.9,10.87,3.2,0.07,0,4.0,0.0,27.98,46.27,926.4,14.42,6.86,2.88,NASA POWER Daily API,36.24
20241211,Luis Eduardo Magalhaes - BA,-12.0956,-45.7866,transporte,garoa,32.34,4.5,386.99,20.17,2.2,0.04,0,4.0,1.0,27.9,46.16,925.8,13.56,35.0,1.88,NASA POWER Daily API,48.4
20241212,Luis Eduardo Magalhaes - BA,-12.0956,-45.7866,transporte,garoa,25.87,5.55,340.36,18.52,1.2,0.58,0,4.0,1.0,28.63,44.68,926.3,6.37,2.84,2.01,NASA POWER Daily API,42.23
20241213,Luis Eduardo Magalhaes - BA,-12.0956,-45.7866,campo,garoa,30.28,3.53,326.34,16.24,1.2,0.68,0,4.0,0.0,28.7,48.09,926.2,4.83,3.35,2.38,NASA POWER Daily API,38.68
20241214,Luis Eduardo Magalhaes - BA,-12.0956,-45.7866,campo,garoa,36.73,3.37,330.55,10.46,2.2,0.63,0,4.0,0.0,28.81,51.25,925.9,8.13,3.73,2.02,NASA POWER Daily API,35.35
20241215,Luis Eduardo Magalhaes - BA,-12.0956,-45.7866,campo,garoa,31.7,3.86,284.68,13.39,1.2,2.35,0,4.0,0.0,29.82,46.71,926.5,2.75,5.77,2.19,NASA POWER Daily API,43.46
20241216,Luis Eduardo Magalhaes - BA,-12.0956,-45.7866,campo,chuva,50.97,3.65,172.93,5.64,1.2,5.18,0,2.0,0.0,27.96,59.91,928.1,1.52,5.77,1.94,NASA POWER Daily API,46.41
20241217,Luis Eduardo Magalhaes - BA,-12.0956,-45.7866,campo,garoa,45.41,1.84,219.01,9.55,1.2,2.15,0,4.0,0.0,27.08,62.72,929.0,5.6,6.24,3.11,NASA POWER Daily API,34.28
20241218,Luis Eduardo Magalhaes - BA,-12.0956,-45.7866,campo,chuva,66.92,5.33,254.04,6.76,1.2,7.9,0,2.0,0.0,27.19,62.34,928.8,3.41,6.52,3.57,NASA POWER Daily API,50.89
20241219,Luis Eduardo Magalhaes - BA,-12.0956,-45.7866,campo,chuva,68.37,5.37,416.27,14.11,1.2,5.84,0,2.0,0.0,27.04,63.82,928.1,34.48,1.97,2.55,NASA POWER Daily API,58.65
20241220,Luis Eduardo Magalhaes - BA,-12.0956,-45.7866,transporte,garoa,60.24,8.54,380.14,11.21,3.2,0.58,0,4.0,1.0,27.77,56.75,927.5,17.4,8.47,2.99,NASA POWER Daily API,50.76
20241221,Luis Eduardo Magalhaes - BA,-12.0956,-45.7866,campo,garoa,59.36,3.69,358.08,22.49,1.2,0.61,0,4.0,0.0,28.17,54.19,928.0,33.43,5.66,2.26,NASA POWER Daily API,55.19
20241222,Luis Eduardo Magalhaes - BA,-12.0956,-45.7866,transporte,garoa,59.41,8.49,328.02,15.99,2.2,0.77,0,4.0,1.0,28.5,52.52,928.4,7.39,1.58,2.25,NASA POWER Daily API,54.4
20241223,Luis Eduardo Magalhaes - BA,-12.0956,-45.7866,campo,chuva,67.58,3.86,257.88,17.25,1.2,5.9,0,2.0,0.0,27.78,58.75,927.7,8.08,5.26,2.72,NASA POWER Daily API,60.84
20241224,Luis Eduardo Magalhaes - BA,-12.0956,-45.7866,campo,chuva,80.55,5.43,310.63,11.73,1.2,5.75,1,2.0,0.0,24.3,78.02,927.6,2.57,3.43,2.95,NASA POWER Daily API,81.34
20241225,Luis Eduardo Magalhaes - BA,-12.0956,-45.7866,campo,garoa,67.05,3.09,294.0,15.86,3.2,2.1,0,4.0,0.0,25.04,72.3,926.8,7.05,6.42,2.96,NASA POWER Daily API,54.38
20241226,Luis Eduardo Magalhaes - BA,-12.0956,-45.7866,campo,garoa,55.4,6.15,346.63,17.92,1.2,3.7,0,4.0,0.0,26.03,66.28,927.3,6.91,4.36,2.56,NASA POWER Daily API,53.86
20241227,Luis Eduardo Magalhaes - BA,-12.0956,-45.7866,transporte,garoa,46.44,0.59,322.99,16.69,1.2,0.52,0,4.0,1.0,27.5,56.34,927.5,28.76,18.28,2.43,NASA POWER Daily API,41.03
20241228,Luis Eduardo Magalhaes - BA,-12.0956,-45.7866,transporte,garoa,49.46,5.27,122.74,12.66,1.2,2.24,0,4.0,1.0,27.67,53.15,927.4,1.98,4.21,3.07,NASA POWER Daily API,49.19
20241229,Luis Eduardo Magalhaes - BA,-12.0956,-45.7866,campo,garoa,52.05,7.59,247.91,11.87,3.2,0.37,0,4.0,0.0,28.4,46.47,926.2,15.59,2.28,2.42,NASA POWER Daily API,48.02
20241230,Luis Eduardo Magalhaes - BA,-12.0956,-45.7866,campo,chuva,63.45,6.91,337.45,11.0,1.2,5.63,0,2.0,0.0,27.27,58.5,927.0,17.8,3.07,1.98,NASA POWER Daily API,54.78
20241231,Luis Eduardo Magalhaes - BA,-12.0956,-45.7866,campo,garoa,63.2,5.15,333.63,14.46,1.2,1.94,0,4.0,0.0,25.37,69.09,928.1,1.89,5.69,3.1,NASA POWER Daily API,55.1
20250101,Luis Eduardo Magalhaes - BA,-12.0956,-45.7866,campo,garoa,40.86,0.52,296.04,5.88,2.2,0.12,0,4.0,0.0,27.99,53.66,927.0,6.6,6.18,2.99,NASA POWER Daily API,27.31
20250102,Luis Eduardo Magalhaes - BA,-12.0956,-45.7866,proximidade_agua,garoa,37.4,6.78,281.35,15.86,1.2,0.28,0,4.0,2.0,27.43,55.91,927.6,1.6,7.83,2.69,NASA POWER Daily API,53.28
20250103,Luis Eduardo Magalhaes - BA,-12.0956,-45.7866,transporte,garoa,53.52,4.99,498.9,17.77,1.2,3.16,0,4.0,1.0,28.05,55.28,927.3,4.49,6.49,1.85,NASA POWER Daily API,51.38
20250104,Luis Eduardo Magalhaes - BA,-12.0956,-45.7866,campo,garoa,46.87,6.48,24.88,11.44,2.2,2.09,0,4.0,0.0,29.08,46.8,926.5,5.64,8.48,2.05,NASA POWER Daily API,63.76
20250105,Luis Eduardo Magalhaes - BA,-12.0956,-45.7866,transporte,garoa,43.33,0.0,430.31,15.87,1.2,1.78,0,4.0,1.0,29.03,49.82,926.3,56.37,3.52,2.7,NASA POWER Daily API,39.47
20250106,Luis Eduardo Magalhaes - BA,-12.0956,-45.7866,proximidade_agua,chuva,87.84,0.0,153.65,3.88,2.2,16.27,1,2.0,2.0,25.67,74.96,927.5,2.92,6.29,2.27,NASA POWER Daily API,84.16
20250107,Luis Eduardo Magalhaes - BA,-12.0956,-45.7866,proximidade_agua,garoa,67.29,5.15,327.92,7.13,1.2,1.15,0,4.0,2.0,26.77,66.75,927.1,6.16,9.76,1.75,NASA POWER Daily API,44.48
20250108,Luis Eduardo Magalhaes - BA,-12.0956,-45.7866,campo,chuva,90.63,7.64,152.45,10.53,1.2,7.42,1,2.0,0.0,26.24,68.72,926.9,1.77,7.66,2.01,NASA POWER Daily API,86.82
20250109,Luis Eduardo Magalhaes - BA,-12.0956,-45.7866,campo,chuva,100.0,0.53,317.89,4.26,5.2,15.32,1,2.0,0.0,23.41,84.53,926.6,9.22,4.75,2.67,NASA POWER Daily API,84.45
20250110,Luis Eduardo Magalhaes - BA,-12.0956,-45.7866,transporte,chuva,100.0,1.13,334.25,21.56,1.2,11.09,1,2.0,1.0,23.46,80.68,926.9,5.28,5.45,2.3,NASA POWER Daily API,94.07
20250111,Luis Eduardo Magalhaes - BA,-12.0956,-45.7866,campo,chuva,100.0,0.2,417.31,19.31,1.2,11.64,1,2.0,0.0,24.4,81.67,926.7,15.59,11.04,3.41,NASA POWER Daily API,90.82
20250112,Luis Eduardo Magalhaes - BA,-12.0956,-45.7866,campo,chuva,100.0,8.85,299.12,7.16,3.2,20.88,1,2.0,0.0,23.48,87.81,926.0,4.46,5.93,3.83,NASA POWER Daily API,98.46
20250113,Luis Eduardo Magalhaes - BA,-12.0956,-45.7866,manutencao,chuva,100.0,7.51,263.82,6.62,2.2,5.83,1,2.0,3.0,22.69,88.73,926.0,7.62,7.45,3.95,NASA POWER Daily API,80.13
20250114,Luis Eduardo Magalhaes - BA,-12.0956,-45.7866,campo,chuva,100.0,7.43,298.52,15.53,1.2,18.73,1,2.0,0.0,22.92,85.22,926.5,21.84,7.71,4.39,NASA POWER Daily API,100.0
20250115,Luis Eduardo Magalhaes - BA,-12.0956,-45.7866,campo,chuva,100.0,7.5,332.14,13.59,2.2,13.1,1,2.0,0.0,23.15,84.53,927.1,25.42,3.82,3.54,NASA POWER Daily API,94.84
20250116,Luis Eduardo Magalhaes - BA,-12.0956,-45.7866,campo,chuva,100.0,5.85,321.36,7.08,3.2,17.3,1,2.0,0.0,22.73,86.72,928.7,10.35,5.74,2.71,NASA POWER Daily API,91.38
20250117,Luis Eduardo Magalhaes - BA,-12.0956,-45.7866,campo,garoa,100.0,5.19,274.22,9.76,2.2,3.12,0,4.0,0.0,23.41,82.83,929.4,4.5,9.98,2.53,NASA POWER Daily API,57.49
20250118,Luis Eduardo Magalhaes - BA,-12.0956,-45.7866,transporte,garoa,100.0,0.7,321.99,24.11,2.2,1.37,0,4.0,1.0,24.34,78.66,929.3,4.91,3.17,2.25,NASA POWER Daily API,69.05
20250119,Luis Eduardo Magalhaes - BA,-12.0956,-45.7866,campo,garoa,100.0,0.0,349.7,17.45,1.2,1.96,0,4.0,0.0,24.13,76.39,928.6,8.28,2.16,1.38,NASA POWER Daily API,58.45
20250120,Luis Eduardo Magalhaes - BA,-12.0956,-45.7866,campo,garoa,100.0,3.86,273.82,14.13,1.2,2.72,0,4.0,0.0,23.98,77.72,928.8,18.89,8.0,1.57,NASA POWER Daily API,59.06
20250121,Luis Eduardo Magalhaes - BA,-12.0956,-45.7866,campo,garoa,97.06,0.0,421.85,7.35,1.2,3.4,0,4.0,0.0,24.84,76.76,929.1,8.36,2.19,1.94,NASA POWER Daily API,46.28
20250122,Luis Eduardo Magalhaes - BA,-12.0956,-45.7866,campo,garoa,81.7,6.96,371.12,16.7,1.2,2.21,0,4.0,0.0,25.27,75.14,929.6,3.27,2.8,2.48,NASA POWER Daily API,59.5
20250123,Luis Eduardo Magalhaes - BA,-12.0956,-45.7866,campo,garoa,74.62,3.2,313.69,18.3,1.2,4.48,0,4.0,0.0,25.79,72.71,928.9,3.63,7.4,1.96,NASA POWER Daily API,57.63
20250124,Luis Eduardo Magalhaes - BA,-12.0956,-45.7866,transporte,garoa,57.94,5.64,257.98,19.73,1.2,0.94,0,4.0,1.0,25.53,69.36,928.1,4.07,10.22,2.57,NASA POWER Daily API,53.67
20250125,Luis Eduardo Magalhaes - BA,-12.0956,-45.7866,campo,garoa,66.97,1.26,266.52,18.56,1.2,1.87,0,4.0,0.0,25.14,68.89,929.0,16.08,2.73,2.44,NASA POWER Daily API,51.14
20250126,Luis Eduardo Magalhaes - BA,-12.0956,-45.7866,transporte,garoa,51.08,1.26,359.23,15.5,1.2,0.07,0,4.0,1.0,25.81,63.55,929.4,1.58,12.7,2.02,NASA POWER Daily API,46.81
20250127,Luis Eduardo Magalhaes - BA,-12.0956,-45.7866,campo,garoa,42.07,0.7,416.27,5.79,2.2,0.01,0,4.0,0.0,26.65,58.06,928.5,7.24,7.12,2.35,NASA POWER Daily API,27.54
20250128,Luis Eduardo Magalhaes - BA,-12.0956,-45.7866,proximidade_agua,garoa,55.95,1.86,214.27,2.79,2.2,2.03,0,4.0,2.0,25.88,67.38,928.1,15.08,2.86,1.99,NASA POWER Daily API,35.12
20250129,Luis Eduardo Magalhaes - BA,-12.0956,-45.7866,transporte,garoa,40.17,0.24,394.06,26.03,1.2,1.51,0,4.0,1.0,26.36,64.23,927.9,1.83,2.38,2.3,NASA POWER Daily API,57.1
20250130,Luis Eduardo Magalhaes - BA,-12.0956,-45.7866,campo,garoa,50.2,0.0,391.99,11.78,1.2,4.36,0,4.0,0.0,25.49,72.87,927.8,0.88,4.14,2.05,NASA POWER Daily API,50.76
20250131,Luis Eduardo Magalhaes - BA,-12.0956,-45.7866,transporte,chuva,60.06,7.95,188.08,17.71,2.2,6.51,0,2.0,1.0,24.98,75.52,927.6,9.56,6.83,1.83,NASA POWER Daily API,66.19
20250201,Luis Eduardo Magalhaes - BA,-12.0956,-45.7866,campo,chuva,100.0,1.2,316.71,9.3,3.2,18.65,1,2.0,0.0,23.31,85.53,927.1,1.94,3.57,2.02,NASA POWER Daily API,96.4
20250202,Luis Eduardo Magalhaes - BA,-12.0956,-45.7866,campo,chuva,99.9,0.02,338.08,17.52,2.2,5.81,1,2.0,0.0,22.73,84.31,927.1,3.1,5.59,2.15,NASA POWER Daily API,84.94
20250203,Luis Eduardo Magalhaes - BA,-12.0956,-45.7866,proximidade_agua,garoa,86.89,0.0,309.81,17.63,1.2,0.86,0,4.0,2.0,24.31,72.99,927.4,16.05,3.63,2.15,NASA POWER Daily API,57.78
20250204,Luis Eduardo Magalhaes - BA,-12.0956,-45.7866,manutencao,garoa,100.0,10.91,335.01,9.21,1.2,3.53,0,4.0,3.0,24.83,67.81,927.5,6.42,5.97,3.07,NASA POWER Daily API,61.18
20250205,Luis Eduardo Magalhaes - BA,-12.0956,-45.7866,campo,sol,94.39,2.33,310.83,11.6,1.2,0.0,0,0.0,0.0,24.65,58.35,928.0,72.25,8.87,3.31,NASA POWER Daily API,50.08
20250206,Luis Eduardo Magalhaes - BA,-12.0956,-45.7866,campo,sol,82.33,8.06,505.23,4.42,2.2,0.0,0,0.0,0.0,25.32,54.71,927.9,18.24,6.71,2.93,NASA POWER Daily API,45.66
20250207,Luis Eduardo Magalhaes - BA,-12.0956,-45.7866,campo,sol,55.89,3.95,318.94,11.72,1.2,0.0,0,0.0,0.0,25.77,58.38,926.8,3.15,4.81,2.51,NASA POWER Daily API,40.47
20250208,Luis Eduardo Magalhaes - BA,-12.0956,-45.7866,transporte,garoa,48.99,3.75,153.4,19.71,2.2,0.72,0,4.0,1.0,25.1,65.08,927.1,17.85,3.02,3.48,NASA POWER Daily API,50.99
20250209,Luis Eduardo Magalhaes - BA,-12.0956,-45.7866,campo,garoa,32.79,8.56,182.19,12.08,2.2,0.37,0,4.0,0.0,24.47,68.32,927.8,44.45,9.99,2.68,NASA POWER Daily API,41.26
20250210,Luis Eduardo Magalhaes - BA,-12.0956,-45.7866,campo,sol,32.21,4.72,239.7,11.48,1.2,0.0,0,0.0,0.0,25.65,52.73,927.4,13.65,15.37,3.15,NASA POWER Daily API,33.86
20250211,Luis Eduardo Magalhaes - BA,-12.0956,-45.7866,transporte,garoa,23.76,5.33,363.1,18.45,1.2,0.17,0,4.0,1.0,26.01,56.08,927.0,15.69,2.31,2.78,NASA POWER Daily API,40.84
20250212,Luis Eduardo Magalhaes - BA,-12.0956,-45.7866,transporte,garoa,34.9,4.95,143.6,17.56,2.2,1.62,0,4.0,1.0,26.71,56.03,927.0,17.68,7.4,2.7,NASA POWER Daily API,46.2
20250213,Luis Eduardo Magalhaes - BA,-12.0956,-45.7866,proximidade_agua,garoa,28.75,4.62,299.65,2.12,2.2,0.83,0,4.0,2.0,26.97,52.67,928.1,28.44,7.25,2.09,NASA POWER Daily API,27.88
20250214,Luis Eduardo Magalhaes - BA,-12.0956,-45.7866,campo,garoa,19.71,2.86,476.28,8.6,1.2,0.47,0,4.0,0.0,28.46,47.16,927.2,5.71,15.03,1.41,NASA POWER Daily API,24.99
20250215,Luis Eduardo Magalhaes - BA,-12.0956,-45.7866,campo,garoa,41.53,5.25,136.08,11.43,1.2,4.16,0,4.0,0.0,27.74,54.72,926.9,14.07,12.89,2.23,NASA POWER Daily API,41.11
20250216,Luis Eduardo Magalhaes - BA,-12.0956,-45.7866,campo,chuva,65.53,12.06,239.52,4.61,2.2,11.25,0,2.0,0.0,25.46,66.41,928.1,9.67,16.9,2.91,NASA POWER Daily API,60.39
20250217,Luis Eduardo Magalhaes - BA,-12.0956,-45.7866,campo,garoa,61.69,0.0,283.39,6.12,2.2,2.61,0,4.0,0.0,26.19,54.81,928.1,2.42,7.41,2.81,NASA POWER Daily API,41.6
20250218,Luis Eduardo Magalhaes - BA,-12.0956,-45.7866,campo,garoa,49.24,0.19,317.66,4.41,1.2,0.57,0,4.0,0.0,27.17,51.47,927.5,26.38,7.15,1.89,NASA POWER Daily API,25.88
20250219,Luis Eduardo Magalhaes - BA,-12.0956,-45.7866,campo,garoa,51.9,0.0,311.58,10.53,2.2,0.01,0,4.0,0.0,27.74,46.84,927.5,1.13,2.58,2.72,NASA POWER Daily API,47.75
20250220,Luis Eduardo Magalhaes - BA,-12.0956,-45.7866,campo,garoa,49.05,8.16,364.11,12.47,1.2,0.01,0,4.0,0.0,27.43,52.36,928.5,7.31,10.53,2.47,NASA POWER Daily API,43.66
20250221,Luis Eduardo Magalhaes - BA,-12.0956,-45.7866,campo,garoa,55.96,2.37,342.75,14.18,1.2,0.91,0,4.0,0.0,28.08,49.96,928.7,33.26,2.33,2.37,NASA POWER Daily API,42.64
20250222,Luis Eduardo Magalhaes - BA,-12.0956,-45.7866,campo,garoa,59.72,2.53,472.87,14.72,2.2,3.65,0,4.0,0.0,25.54,64.54,929.1,7.07,3.9,2.84,NASA POWER Daily API,49.33
20250223,Luis Eduardo Magalhaes - BA,-12.0956,-45.7866,campo,chuva,62.42,2.04,313.21,14.98,1.2,8.42,0,2.0,0.0,25.13,66.24,928.6,48.31,4.99,2.09,NASA POWER Daily API,56.87
20250224,Luis Eduardo Magalhaes - BA,-12.0956,-45.7866,transporte,chuva,70.65,8.88,467.63,10.29,2.2,6.52,0,2.0,1.0,25.62,67.7,928.4,8.21,3.98,2.41,NASA POWER Daily API,61.02
20250225,Luis Eduardo Magalhaes - BA,-12.0956,-45.7866,campo,garoa,54.04,4.31,379.39,9.63,1.2,1.22,0,4.0,0.0,26.49,62.45,928.8,3.81,2.87,2.74,NASA POWER Daily API,38.7
20250226,Luis Eduardo Magalhaes - BA,-12.0956,-45.7866,campo,garoa,60.97,8.02,198.67,11.68,1.2,1.54,0,4.0,0.0,27.13,55.42,929.3,2.41,9.94,3.07,NASA POWER Daily API,53.5
20250227,Luis Eduardo Magalhaes - BA,-12.0956,-45.7866,campo,garoa,65.12,3.3,338.99,19.08,2.2,1.36,0,4.0,0.0,26.88,56.34,928.3,9.59,3.21,3.12,NASA POWER Daily API,55.09
20250228,Luis Eduardo Magalhaes - BA,-12.0956,-45.7866,campo,garoa,56.32,0.0,339.02,14.95,3.2,0.11,0,4.0,0.0,27.55,52.11,927.5,4.17,4.0,3.05,NASA POWER Daily API,44.84
20250301,Luis Eduardo Magalhaes - BA,-12.0956,-45.7866,campo,garoa,54.49,3.94,225.65,9.59,2.2,0.19,0,4.0,0.0,26.36,53.21,928.1,0.8,7.25,4.4,NASA POWER Daily API,51.62
20250302,Luis Eduardo Magalhaes - BA,-12.0956,-45.7866,campo,sol,44.1,9.05,213.89,4.49,1.2,0.0,0,0.0,0.0,25.56,59.05,928.8,3.86,4.88,4.12,NASA POWER Daily API,33.11
20250303,Luis Eduardo Magalhaes - BA,-12.0956,-45.7866,campo,sol,28.63,4.15,389.94,15.02,2.2,0.0,0,0.0,0.0,27.79,47.96,927.8,1.7,8.89,3.58,NASA POWER Daily API,44.71
20250304,Luis Eduardo Magalhaes - BA,-12.0956,-45.7866,transporte,garoa,17.31,2.67,388.19,15.54,1.2,0.02,0,4.0,1.0,27.53,43.59,926.8,17.03,5.02,5.07,NASA POWER Daily API,32.34
20250305,Luis Eduardo Magalhaes - BA,-12.0956,-45.7866,campo,garoa,21.14,0.0,258.46,6.99,1.2,0.26,0,4.0,0.0,27.38,43.35,927.5,2.21,5.19,5.11,NASA POWER Daily API,26.18
20250306,Luis Eduardo Magalhaes - BA,-12.0956,-45.7866,campo,sol,24.48,0.01,243.38,15.84,2.2,0.0,0,0.0,0.0,28.42,41.92,928.4,4.65,5.18,4.83,NASA POWER Daily API,34.1
20250307,Luis Eduardo Magalhaes - BA,-12.0956,-45.7866,manutencao,garoa,20.86,7.47,266.93,1.61,3.2,0.02,0,4.0,3.0,27.94,41.55,929.1,2.11,2.4,4.61,NASA POWER Daily API,31.18
20250308,Luis Eduardo Magalhaes - BA,-12.0956,-45.7866,campo,garoa,22.41,0.39,291.35,4.85,2.2,0.05,0,4.0,0.0,28.36,39.72,928.5,11.76,1.56,3.34,NASA POWER Daily API,20.18
20250309,Luis Eduardo Magalhaes - BA,-12.0956,-45.7866,campo,sol,14.55,8.14,359.39,15.84,2.2,0.0,0,0.0,0.0,28.84,35.37,927.7,8.4,2.87,2.83,NASA POWER Daily API,39.7
20250310,Luis Eduardo Magalhaes - BA,-12.0956,-45.7866,proximidade_agua,garoa,20.5,7.61,267.51,2.58,1.2,0.02,0,4.0,2.0,28.95,38.82,927.8,3.29,3.6,2.75,NASA POWER Daily API,26.22
20250311,Luis Eduardo Magalhaes - BA,-12.0956,-45.7866,campo,garoa,27.96,6.67,271.34,16.34,2.2,1.69,0,4.0,0.0,27.94,49.43,929.4,2.6,1.57,2.89,NASA POWER Daily API,50.29
20250312,Luis Eduardo Magalhaes - BA,-12.0956,-45.7866,transporte,garoa,21.88,1.1,160.15,17.1,2.2,0.07,0,4.0,1.0,29.6,42.55,929.1,7.19,4.79,3.17,NASA POWER Daily API,36.05
20250313,Luis Eduardo Magalhaes - BA,-12.0956,-45.7866,campo,garoa,21.09,3.43,293.51,16.67,1.2,0.01,0,4.0,0.0,29.39,35.77,928.0,6.2,4.14,2.33,NASA POWER Daily API,35.6
20250314,Luis Eduardo Magalhaes - BA,-12.0956,-45.7866,proximidade_agua,garoa,7.71,7.51,241.79,11.82,1.2,0.22,0,4.0,2.0,30.87,36.07,926.8,27.72,6.63,2.4,NASA POWER Daily API,34.09
20250315,Luis Eduardo Magalhaes - BA,-12.0956,-45.7866,campo,garoa,13.63,0.0,312.54,3.35,1.2,0.19,0,4.0,0.0,31.31,33.6,926.6,2.39,3.12,2.65,NASA POWER Daily API,19.38
20250316,Luis Eduardo Magalhaes - BA,-12.0956,-45.7866,campo,garoa,23.99,3.48,327.2,9.55,1.2,0.18,0,4.0,0.0,29.86,41.62,928.3,9.83,3.58,3.24,NASA POWER Daily API,27.76
20250317,Luis Eduardo Magalhaes - BA,-12.0956,-45.7866,campo,garoa,27.32,1.52,179.42,6.5,1.2,0.03,0,4.0,0.0,29.89,41.39,928.9,7.02,2.02,2.71,NASA POWER Daily API,22.7
20250318,Luis Eduardo Magalhaes - BA,-12.0956,-45.7866,campo,sol,15.19,5.04,352.0,13.81,1.2,0.0,0,0.0,0.0,29.79,36.05,927.9,20.89,5.6,2.65,NASA POWER Daily API,31.94
20250319,Luis Eduardo Magalhaes - BA,-12.0956,-45.7866,campo,garoa,14.07,0.0,313.03,13.49,1.2,0.02,0,4.0,0.0,30.26,39.63,927.6,9.53,8.84,2.83,NASA POWER Daily API,25.95
20250320,Luis Eduardo Magalhaes - BA,-12.0956,-45.7866,transporte,garoa,25.79,2.34,299.06,15.39,1.2,3.63,0,4.0,1.0,29.15,49.68,928.8,9.84,4.63,1.72,NASA POWER Daily API,37.64
20250321,Luis Eduardo Magalhaes - BA,-12.0956,-45.7866,campo,garoa,42.2,5.62,336.83,8.01,3.2,4.64,0,4.0,0.0,25.65,69.14,930.2,9.23,4.06,2.11,NASA POWER Daily API,41.95
20250322,Luis Eduardo Magalhaes - BA,-12.0956,-45.7866,campo,garoa,49.34,3.33,382.29,7.95,2.2,3.39,0,4.0,0.0,27.11,60.32,929.5,8.24,7.03,2.5,NASA POWER Daily API,38.32
20250323,Luis Eduardo Magalhaes - BA,-12.0956,-45.7866,campo,garoa,32.61,4.12,461.59,9.29,3.2,0.21,0,4.0,0.0,28.09,51.65,928.4,12.83,6.81,3.01,NASA POWER Daily API,35.01
20250324,Luis Eduardo Magalhaes - BA,-12.0956,-45.7866,transporte,garoa,46.61,4.71,304.43,13.82,1.2,2.07,0,4.0,1.0,27.64,54.89,928.2,3.41,1.77,1.93,NASA POWER Daily API,42.98
20250325,Luis Eduardo Magalhaes - BA,-12.0956,-45.7866,proximidade_agua,tempestade,100.0,5.89,254.57,6.9,2.2,32.7,1,3.0,2.0,24.33,79.08,929.4,16.01,6.12,2.39,NASA POWER Daily API,100.0
20250326,Luis Eduardo Magalhaes - BA,-12.0956,-45.7866,transporte,chuva,100.0,0.0,230.4,26.63,1.2,9.77,1,2.0,1.0,24.96,75.9,928.9,0.8,7.75,2.22,NASA POWER Daily API,100.0
20250327,Luis Eduardo Magalhaes - BA,-12.0956,-45.7866,campo,chuva,100.0,0.26,263.8,16.64,1.2,6.21,1,2.0,0.0,24.97,76.22,927.9,6.29,5.81,2.76,NASA POWER Daily API,82.3
20250328,Luis Eduardo Magalhaes - BA,-12.0956,-45.7866,campo,garoa,100.0,4.05,345.44,20.0,1.2,2.4,0,4.0,0.0,24.67,74.05,927.3,11.47,4.66,2.41,NASA POWER Daily API,66.4
20250329,Luis Eduardo Magalhaes - BA,-12.0956,-45.7866,campo,garoa,100.0,0.0,296.04,16.41,1.2,3.84,0,4.0,0.0,25.16,72.45,926.9,2.9,3.6,2.82,NASA POWER Daily API,65.06
20250330,Luis Eduardo Magalhaes - BA,-12.0956,-45.7866,proximidade_agua,garoa,100.0,1.41,307.75,7.78,1.2,2.03,0,4.0,2.0,24.47,71.44,927.3,7.06,3.84,3.33,NASA POWER Daily API,52.0
20250331,Luis Eduardo Magalhaes - BA,-12.0956,-45.7866,manutencao,garoa,100.0,2.54,400.6,9.12,1.2,0.28,0,4.0,3.0,25.58,63.53,928.4,6.22,4.32,2.94,NASA POWER Daily API,49.12
20250401,Luis Eduardo Magalhaes - BA,-12.0956,-45.7866,campo,garoa,55.4,5.19,283.67,15.93,2.2,0.17,0,4.0,0.0,26.05,60.29,928.4,15.45,4.21,3.04,NASA POWER Daily API,49.09
20250402,Luis Eduardo Magalhaes - BA,-12.0956,-45.7866,manutencao,sol,48.59,10.01,364.24,9.84,1.2,0.0,0,0.0,3.0,25.77,60.19,928.2,5.7,2.01,3.14,NASA POWER Daily API,42.19
20250403,Luis Eduardo Magalhaes - BA,-12.0956,-45.7866,transporte,sol,46.25,0.0,339.88,12.09,1.2,0.0,0,0.0,1.0,26.08,54.83,927.9,7.97,7.47,2.44,NASA POWER Daily API,33.81
20250404,Luis Eduardo Magalhaes - BA,-12.0956,-45.7866,campo,garoa,42.3,7.73,283.28,16.8,2.2,1.01,0,4.0,0.0,26.44,55.02,928.7,2.35,10.19,2.58,NASA POWER Daily API,55.69
20250405,Luis Eduardo Magalhaes - BA,-12.0956,-45.7866,campo,garoa,22.41,5.73,263.11,10.49,1.2,1.41,0,4.0,0.0,26.26,60.92,929.7,5.37,22.2,3.04,NASA POWER Daily API,32.47
20250406,Luis Eduardo Magalhaes - BA,-12.0956,-45.7866,proximidade_agua,chuva,55.4,4.77,395.94,8.24,3.2,7.11,0,2.0,2.0,24.56,70.67,929.6,18.05,3.93,3.45,NASA POWER Daily API,56.19
20250407,Luis Eduardo Magalhaes - BA,-12.0956,-45.7866,campo,garoa,34.96,1.24,85.02,14.05,1.2,0.01,0,4.0,0.0,25.09,59.03,928.2,20.72,2.7,4.12,NASA POWER Daily API,35.66
20250408,Luis Eduardo Magalhaes - BA,-12.0956,-45.7866,proximidade_agua,garoa,39.84,6.36,244.63,6.48,2.2,0.03,0,4.0,2.0,25.37,59.47,928.9,7.41,5.45,3.21,NASA POWER Daily API,37.67
20250409,Luis Eduardo Magalhaes - BA,-12.0956,-45.7866,manutencao,garoa,34.95,4.51,419.68,4.2,1.2,0.01,0,4.0,3.0,27.08,53.93,929.4,4.33,3.88,2.84,NASA POWER Daily API,25.2
20250410,Luis Eduardo Magalhaes - BA,-12.0956,-45.7866,transporte,garoa,33.64,2.48,389.08,15.52,1.2,0.72,0,4.0,1.0,27.69,52.89,928.1,9.01,4.97,1.71,NASA POWER Daily API,37.59
20250411,Luis Eduardo Magalhaes - BA,-12.0956,-45.7866,campo,chuva,57.86,0.77,223.59,15.6,1.2,7.02,0,2.0,0.0,27.1,58.66,927.2,13.02,9.71,2.42,NASA POWER Daily API,53.71
20250412,Luis Eduardo Magalhaes - BA,-12.0956,-45.7866,campo,garoa,49.41,3.63,388.47,14.08,1.2,2.3,0,4.0,0.0,26.11,65.27,927.6,1.56,3.53,1.32,NASA POWER Daily API,49.27
20250413,Luis Eduardo Magalhaes - BA,-12.0956,-45.7866,transporte,garoa,39.91,6.54,290.0,9.89,2.2,1.72,0,4.0,1.0,26.29,64.52,928.7,6.53,10.81,1.84,NASA POWER Daily API,39.76
20250414,Luis Eduardo Magalhaes - BA,-12.0956,-45.7866,campo,garoa,41.81,0.0,277.32,12.44,2.2,1.1,0,4.0,0.0,26.84,65.71,928.6,40.25,3.88,1.93,NASA POWER Daily API,36.07
20250415,Luis Eduardo Magalhaes - BA,-12.0956,-45.7866,proximidade_agua,chuva,67.23,0.51,139.53,7.83,3.2,6.78,0,2.0,2.0,26.32,67.16,928.8,9.1,10.02,1.65,NASA POWER Daily API,54.5
20250416,Luis Eduardo Magalhaes - BA,-12.0956,-45.7866,campo,garoa,58.75,0.0,338.96,12.09,1.2,0.3,0,4.0,0.0,25.76,72.02,928.7,40.66,2.57,2.4,NASA POWER Daily API,37.79
20250417,Luis Eduardo Magalhaes - BA,-12.0956,-45.7866,manutencao,garoa,54.4,2.2,346.81,10.05,1.2,0.28,0,4.0,3.0,26.93,59.85,929.0,11.91,4.65,2.12,NASA POWER Daily API,36.21
20250418,Luis Eduardo Magalhaes - BA,-12.0956,-45.7866,campo,garoa,48.4,3.39,304.01,14.1,3.2,1.63,0,4.0,0.0,27.22,54.06,928.8,9.91,3.21,2.26,NASA POWER Daily API,46.32
20250419,Luis Eduardo Magalhaes - BA,-12.0956,-45.7866,campo,chuva,61.29,5.41,258.7,15.95,1.2,7.66,0,2.0,0.0,25.56,69.92,928.4,7.37,11.65,2.13,NASA POWER Daily API,60.57
20250420,Luis Eduardo Magalhaes - BA,-12.0956,-45.7866,proximidade_agua,garoa,59.13,1.68,334.42,3.76,1.2,0.38,0,4.0,2.0,26.83,62.53,926.9,7.04,8.03,2.17,NASA POWER Daily API,33.46
20250421,Luis Eduardo Magalhaes - BA,-12.0956,-45.7866,campo,garoa,65.86,0.0,319.8,13.25,2.2,0.4,0,4.0,0.0,28.15,54.99,925.6,9.3,3.63,2.26,NASA POWER Daily API,43.84
20250422,Luis Eduardo Magalhaes - BA,-12.0956,-45.7866,transporte,garoa,42.1,3.53,243.62,15.26,1.2,1.12,0,4.0,1.0,27.0,61.83,926.7,13.99,3.42,2.94,NASA POWER Daily API,41.39
20250423,Luis Eduardo Magalhaes - BA,-12.0956,-45.7866,campo,garoa,42.04,4.97,301.84,12.01,2.2,0.89,0,4.0,0.0,26.23,63.93,928.0,3.94,5.15,3.65,NASA POWER Daily API,40.66
20250424,Luis Eduardo Magalhaes - BA,-12.0956,-45.7866,campo,garoa,43.42,10.49,348.86,12.49,1.2,2.66,0,4.0,0.0,26.17,63.06,927.7,51.92,9.26,3.31,NASA POWER Daily API,47.02
20250425,Luis Eduardo Magalhaes - BA,-12.0956,-45.7866,proximidade_agua,garoa,41.42,2.24,146.72,6.31,1.2,0.24,0,4.0,2.0,26.96,57.24,926.8,13.49,6.95,2.4,NASA POWER Daily API,31.8
20250426,Luis Eduardo Magalhaes - BA,-12.0956,-45.7866,campo,garoa,33.25,6.64,110.71,13.36,2.2,0.09,0,4.0,0.0,28.19,51.08,926.4,0.67,3.17,2.21,NASA POWER Daily API,52.81
20250427,Luis Eduardo Magalhaes - BA,-12.0956,-45.7866,campo,garoa,26.08,0.08,379.12,15.48,2.2,0.16,0,4.0,0.0,29.03,48.77,926.7,4.32,5.16,1.97,NASA POWER Daily API,34.47
20250428,Luis Eduardo Magalhaes - BA,-12.0956,-45.7866,transporte,garoa,38.98,5.86,234.76,16.85,2.2,2.31,0,4.0,1.0,28.09,53.04,927.4,1.68,8.19,1.64,NASA POWER Daily API,54.12
20250429,Luis Eduardo Magalhaes - BA,-12.0956,-45.7866,campo,garoa,37.09,7.66,278.01,5.59,2.2,3.9,0,4.0,0.0,27.29,60.74,927.2,6.08,3.75,1.11,NASA POWER Daily API,36.89
20250430,Luis Eduardo Magalhaes - BA,-12.0956,-45.7866,campo,chuva,51.23,6.55,327.61,12.45,1.2,6.01,0,2.0,0.0,26.36,65.8,927.1,7.76,3.3,2.12,NASA POWER Daily API,52.9
20250501,Luis Eduardo Magalhaes - BA,-12.0956,-45.7866,campo,chuva,75.67,6.83,252.28,4.56,1.2,5.89,0,2.0,0.0,24.48,77.85,928.2,4.05,5.26,3.31,NASA POWER Daily API,50.47
20250502,Luis Eduardo Magalhaes - BA,-12.0956,-45.7866,proximidade_agua,garoa,58.73,5.07,211.74,14.74,2.2,0.34,0,4.0,2.0,24.89,68.29,929.1,3.96,5.88,5.05,NASA POWER Daily API,52.58
20250503,Luis Eduardo Magalhaes - BA,-12.0956,-45.7866,transporte,sol,48.44,0.43,226.51,17.5,2.2,0.0,0,0.0,1.0,25.94,58.43,929.9,7.05,11.69,4.46,NASA POWER Daily API,43.7
20250504,Luis Eduardo Magalhaes - BA,-12.0956,-45.7866,campo,garoa,58.16,5.1,355.05,17.92,1.2,2.14,0,4.0,0.0,25.49,58.8,929.8,7.37,2.87,3.82,NASA POWER Daily API,51.93
20250505,Luis Eduardo Magalhaes - BA,-12.0956,-45.7866,campo,garoa,49.52,1.2,316.42,18.9,1.2,0.34,0,4.0,0.0,25.8,58.47,929.7,7.13,2.89,3.54,NASA POWER Daily API,44.76
20250506,Luis Eduardo Magalhaes - BA,-12.0956,-45.7866,proximidade_agua,garoa,45.17,3.07,347.19,5.98,1.2,0.01,0,4.0,2.0,25.82,53.83,929.4,3.96,3.45,3.93,NASA POWER Daily API,32.98
20250507,Luis Eduardo Magalhaes - BA,-12.0956,-45.7866,proximidade_agua,sol,28.29,7.11,356.85,4.3,2.2,0.0,0,0.0,2.0,25.86,49.92,929.2,5.43,2.52,4.12,NASA POWER Daily API,32.21
20250508,Luis Eduardo Magalhaes - BA,-12.0956,-45.7866,proximidade_agua,sol,33.29,4.05,384.89,7.05,1.2,0.0,0,0.0,2.0,25.7,46.61,929.2,6.41,1.32,4.15,NASA POWER Daily API,31.79
20250509,Luis Eduardo Magalhaes - BA,-12.0956,-45.7866,manutencao,sol,27.13,7.46,286.95,8.13,1.2,0.0,0,0.0,3.0,26.42,53.84,929.5,32.55,11.31,3.5,NASA POWER Daily API,30.85
20250510,Luis Eduardo Magalhaes - BA,-12.0956,-45.7866,campo,garoa,19.69,0.0,351.29,12.6,2.2,0.07,0,4.0,0.0,26.36,55.33,931.0,2.3,7.67,3.36,NASA POWER Daily API,34.48
20250511,Luis Eduardo Magalhaes - BA,-12.0956,-45.7866,campo,garoa,17.82,2.83,265.87,13.64,1.2,0.04,0,4.0,0.0,26.44,53.52,931.0,21.29,5.41,3.7,NASA POWER Daily API,30.02
20250512,Luis Eduardo Magalhaes - BA,-12.0956,-45.7866,proximidade_agua,sol,14.92,0.0,298.37,4.17,1.2,0.0,0,0.0,2.0,25.92,41.85,930.8,6.11,7.47,4.53,NASA POWER Daily API,18.31
20250513,Luis Eduardo Magalhaes - BA,-12.0956,-45.7866,transporte,sol,13.23,5.94,323.6,20.45,1.2,0.0,0,0.0,1.0,24.63,39.13,930.4,15.64,7.06,5.07,NASA POWER Daily API,40.42
20250514,Luis Eduardo Magalhaes - BA,-12.0956,-45.7866,transporte,garoa,24.5,7.25,213.34,11.22,2.2,1.41,0,4.0,1.0,24.57,52.61,930.0,4.77,10.09,5.04,NASA POWER Daily API,37.16
20250515,Luis Eduardo Magalhaes - BA,-12.0956,-45.7866,campo,sol,14.26,2.77,106.04,14.97,2.2,0.0,0,0.0,0.0,25.17,51.27,930.5,21.99,2.39,5.74,NASA POWER Daily API,32.69
20250516,Luis Eduardo Magalhaes - BA,-12.0956,-45.7866,proximidade_agua,garoa,12.5,8.07,388.25,6.67,1.2,0.08,0,4.0,2.0,25.73,50.79,930.2,16.32,22.54,5.55,NASA POWER Daily API,29.91
20250517,Luis Eduardo Magalhaes - BA,-12.0956,-45.7866,campo,garoa,23.16,7.97,203.74,10.19,2.2,1.33,0,4.0,0.0,25.4,55.91,930.3,2.19,9.9,6.1,NASA POWER Daily API,42.13
20250518,Luis Eduardo Magalhaes - BA,-12.0956,-45.7866,campo,garoa,29.07,3.66,310.66,14.35,2.2,0.04,0,4.0,0.0,25.43,49.29,930.9,3.42,6.55,5.35,NASA POWER Daily API,37.31
20250519,Luis Eduardo Magalhaes - BA,-12.0956,-45.7866,campo,garoa,36.93,4.42,271.32,13.02,3.2,1.46,0,4.0,0.0,23.76,48.71,931.2,10.55,4.74,4.54,NASA POWER Daily API,42.28
20250520,Luis Eduardo Magalhaes - BA,-12.0956,-45.7866,transporte,garoa,35.51,1.43,289.04,11.54,2.2,0.26,0,4.0,1.0,24.57,49.39,930.7,6.91,5.0,3.54,NASA POWER Daily API,33.61
20250521,Luis Eduardo Magalhaes - BA,-12.0956,-45.7866,campo,garoa,21.93,11.99,303.25,13.33,1.2,0.06,0,4.0,0.0,25.75,47.05,930.1,17.13,4.63,2.88,NASA POWER Daily API,40.56
20250522,Luis Eduardo Magalhaes - BA,-12.0956,-45.7866,transporte,sol,27.0,3.67,242.46,8.53,2.2,0.0,0,0.0,1.0,26.53,41.63,930.6,2.49,11.01,3.01,NASA POWER Daily API,35.4
20250523,Luis Eduardo Magalhaes - BA,-12.0956,-45.7866,campo,sol,13.46,4.49,230.53,13.65,1.2,0.0,0,0.0,0.0,26.89,42.2,931.2,4.43,8.41,3.24,NASA POWER Daily API,30.41
20250524,Luis Eduardo Magalhaes - BA,-12.0956,-45.7866,campo,garoa,32.42,3.31,176.27,15.98,1.2,1.39,0,4.0,0.0,26.07,44.22,931.6,13.42,3.29,3.85,NASA POWER Daily API,39.07
20250525,Luis Eduardo Magalhaes - BA,-12.0956,-45.7866,campo,garoa,25.73,1.16,273.82,25.08,1.2,0.01,0,4.0,0.0,25.61,43.12,931.4,15.69,3.44,4.09,NASA POWER Daily API,44.88
20250526,Luis Eduardo Magalhaes - BA,-12.0956,-45.7866,campo,sol,24.92,8.79,256.51,9.94,1.2,0.0,0,0.0,0.0,24.98,44.47,931.2,1.97,2.35,3.61,NASA POWER Daily API,39.73
20250527,Luis Eduardo Magalhaes - BA,-12.0956,-45.7866,campo,sol,24.91,4.87,396.64,4.18,1.2,0.0,0,0.0,0.0,24.67,47.43,931.8,11.39,3.07,3.64,NASA POWER Daily API,22.37
20250528,Luis Eduardo Magalhaes - BA,-12.0956,-45.7866,campo,sol,26.04,2.23,262.95,10.87,1.2,0.0,0,0.0,0.0,24.48,44.78,932.5,14.16,2.55,2.97,NASA POWER Daily API,28.25
20250529,Luis Eduardo Magalhaes - BA,-12.0956,-45.7866,transporte,sol,23.11,10.82,184.69,20.49,1.2,0.0,0,0.0,1.0,24.51,36.01,932.4,6.73,3.21,2.79,NASA POWER Daily API,48.42
20250530,Luis Eduardo Magalhaes - BA,-12.0956,-45.7866,campo,sol,23.03,12.07,187.71,4.13,1.2,0.0,0,0.0,0.0,25.78,41.28,931.1,3.64,4.81,2.31,NASA POWER Daily API,29.35
20250531,Luis Eduardo Magalhaes - BA,-12.0956,-45.7866,campo,garoa,21.18,0.0,331.95,11.64,1.2,0.03,0,4.0,0.0,26.82,47.97,931.3,16.68,8.31,2.6,NASA POWER Daily API,25.52
20250601,Luis Eduardo Magalhaes - BA,-12.0956,-45.7866,transporte,garoa,28.01,5.84,254.68,15.36,2.2,0.01,0,4.0,1.0,26.43,47.43,931.8,2.09,5.39,3.34,NASA POWER Daily API,46.45
20250602,Luis Eduardo Magalhaes - BA,-12.0956,-45.7866,proximidade_agua,garoa,19.61,0.51,297.98,11.17,1.2,2.21,0,4.0,2.0,26.0,48.31,932.5,1.03,28.08,4.73,NASA POWER Daily API,44.03
20250603,Luis Eduardo Magalhaes - BA,-12.0956,-45.7866,campo,garoa,28.45,9.21,307.85,11.39,1.2,0.05,0,4.0,0.0,23.55,48.04,932.4,6.76,10.4,4.3,NASA POWER Daily API,37.0
20250604,Luis Eduardo Magalhaes - BA,-12.0956,-45.7866,campo,sol,30.6,0.04,278.12,19.67,1.2,0.0,0,0.0,0.0,24.27,53.86,931.2,1.84,3.7,4.34,NASA POWER Daily API,44.41
20250605,Luis Eduardo Magalhaes - BA,-12.0956,-45.7866,manutencao,garoa,28.45,4.58,318.02,7.56,2.2,0.5,0,4.0,3.0,24.45,50.85,931.2,19.29,5.64,3.71,NASA POWER Daily API,30.02
20250606,Luis Eduardo Magalhaes - BA,-12.0956,-45.7866,campo,garoa,27.61,8.51,338.64,15.6,1.2,0.89,0,4.0,0.0,23.63,43.6,931.2,3.0,4.38,3.13,NASA POWER Daily API,42.16
20250607,Luis Eduardo Magalhaes - BA,-12.0956,-45.7866,campo,sol,27.54,8.64,260.91,13.02,1.2,0.0,0,0.0,0.0,24.41,44.0,930.3,34.57,6.09,3.53,NASA POWER Daily API,38.27
20250608,Luis Eduardo Magalhaes - BA,-12.0956,-45.7866,campo,sol,25.89,3.28,176.86,6.32,2.2,0.0,0,0.0,0.0,25.36,48.59,930.1,8.8,8.31,2.96,NASA POWER Daily API,25.93
20250609,Luis Eduardo Magalhaes - BA,-12.0956,-45.7866,campo,sol,16.16,3.33,320.73,10.29,2.2,0.0,0,0.0,0.0,25.36,37.32,930.4,9.38,3.16,1.82,NASA POWER Daily API,28.01
20250610,Luis Eduardo Magalhaes - BA,-12.0956,-45.7866,proximidade_agua,tempestade,100.0,0.0,334.08,2.51,3.2,45.79,1,3.0,2.0,23.3,56.97,930.7,15.2,9.13,2.14,NASA POWER Daily API,100.0
20250611,Luis Eduardo Magalhaes - BA,-12.0956,-45.7866,campo,sol,92.45,3.9,254.19,3.38,2.2,0.0,0,0.0,0.0,23.25,57.24,930.3,10.15,2.02,2.55,NASA POWER Daily API,42.86
20250612,Luis Eduardo Magalhaes - BA,-12.0956,-45.7866,transporte,sol,95.41,6.46,536.11,20.36,1.2,0.0,0,0.0,1.0,24.1,61.07,929.7,3.88,7.11,3.1,NASA POWER Daily API,65.56
20250613,Luis Eduardo Magalhaes - BA,-12.0956,-45.7866,campo,sol,100.0,4.87,289.37,4.42,1.2,0.0,0,0.0,0.0,23.12,65.06,931.5,3.58,5.39,5.18,NASA POWER Daily API,45.21
20250614,Luis Eduardo Magalhaes - BA,-12.0956,-45.7866,transporte,sol,90.23,3.26,197.13,16.07,1.2,0.0,0,0.0,1.0,21.6,64.71,933.7,14.4,4.9,5.36,NASA POWER Daily API,55.0
20250615,Luis Eduardo Magalhaes - BA,-12.0956,-45.7866,campo,sol,93.95,1.87,118.35,12.33,4.2,0.0,0,0.0,0.0,21.57,62.4,934.6,13.95,5.02,4.18,NASA POWER Daily API,56.37
20250616,Luis Eduardo Magalhaes - BA,-12.0956,-45.7866,campo,sol,92.66,4.84,247.36,10.46,2.2,0.0,0,0.0,0.0,21.94,58.28,933.6,2.88,5.01,3.36,NASA POWER Daily API,58.53
20250617,Luis Eduardo Magalhaes - BA,-12.0956,-45.7866,campo,sol,35.21,3.67,311.47,13.17,2.2,0.0,0,0.0,0.0,22.43,63.31,933.4,11.44,6.41,4.43,NASA POWER Daily API,37.47
20250618,Luis Eduardo Magalhaes - BA,-12.0956,-45.7866,transporte,sol,29.24,6.43,361.01,15.89,1.2,0.0,0,0.0,1.0,22.47,60.77,933.4,2.85,7.23,4.7,NASA POWER Daily API,45.83
20250619,Luis Eduardo Magalhaes - BA,-12.0956,-45.7866,transporte,sol,27.78,3.47,442.52,17.0,1.2,0.0,0,0.0,1.0,21.73,57.41,933.7,9.4,10.08,4.74,NASA POWER Daily API,37.65
20250620,Luis Eduardo Magalhaes - BA,-12.0956,-45.7866,campo,sol,14.51,4.12,365.57,0.0,2.2,0.0,0,0.0,0.0,21.3,54.85,932.8,14.71,1.65,3.43,NASA POWER Daily API,15.31
20250621,Luis Eduardo Magalhaes - BA,-12.0956,-45.7866,campo,sol,28.18,7.89,299.22,22.78,1.2,0.0,0,0.0,0.0,22.32,59.73,931.1,2.76,4.19,2.83,NASA POWER Daily API,55.82
20250622,Luis Eduardo Magalhaes - BA,-12.0956,-45.7866,transporte,sol,23.5,1.62,348.24,21.45,2.2,0.0,0,0.0,1.0,23.67,52.57,929.7,10.18,6.91,2.42,NASA POWER Daily API,42.41
20250623,Luis Eduardo Magalhaes - BA,-12.0956,-45.7866,transporte,sol,18.64,0.0,307.09,21.68,2.2,0.0,0,0.0,1.0,23.66,46.91,929.7,1.5,6.35,2.95,NASA POWER Daily API,45.54
20250624,Luis Eduardo Magalhaes - BA,-12.0956,-45.7866,campo,sol,26.57,0.0,260.02,6.05,2.2,0.0,0,0.0,0.0,23.44,46.72,931.1,45.9,6.6,3.15,NASA POWER Daily API,22.29
20250625,Luis Eduardo Magalhaes - BA,-12.0956,-45.7866,transporte,sol,20.19,5.83,304.17,21.78,2.2,0.0,0,0.0,1.0,23.74,42.88,930.4,7.56,5.52,3.88,NASA POWER Daily API,46.21
20250626,Luis Eduardo Magalhaes - BA,-12.0956,-45.7866,transporte,sol,26.01,3.41,397.24,23.7,1.2,0.0,0,0.0,1.0,23.45,58.99,931.9,7.23,5.81,4.5,NASA POWER Daily API,45.56
20250627,Luis Eduardo Magalhaes - BA,-12.0956,-45.7866,campo,sol,24.96,7.62,161.88,14.07,1.2,0.0,0,0.0,0.0,23.51,57.05,932.4,26.97,9.84,4.04,NASA POWER Daily API,37.59
20250628,Luis Eduardo Magalhaes - BA,-12.0956,-45.7866,proximidade_agua,sol,18.57,1.6,236.93,2.88,2.2,0.0,0,0.0,2.0,22.86,51.31,932.2,11.16,7.71,4.21,NASA POWER Daily API,21.53
20250629,Luis Eduardo Magalhaes - BA,-12.0956,-45.7866,campo,sol,27.25,0.0,326.75,10.09,1.2,0.0,0,0.0,0.0,23.31,58.12,932.3,9.16,3.34,3.85,NASA POWER Daily API,25.31
20250630,Luis Eduardo Magalhaes - BA,-12.0956,-45.7866,transporte,sol,14.58,0.0,201.81,14.42,2.2,0.0,0,0.0,1.0,22.28,43.59,932.6,3.14,1.78,4.15,NASA POWER Daily API,29.05
20250701,Luis Eduardo Magalhaes - BA,-12.0956,-45.7866,campo,sol,19.82,8.67,311.3,5.38,1.2,0.0,0,0.0,0.0,21.87,60.44,933.3,8.01,4.34,3.04,NASA POWER Daily API,26.22
20250702,Luis Eduardo Magalhaes - BA,-12.0956,-45.7866,campo,sol,16.25,7.31,265.19,11.92,2.2,0.0,0,0.0,0.0,23.94,50.3,933.5,4.88,1.74,4.3,NASA POWER Daily API,34.04
20250703,Luis Eduardo Magalhaes - BA,-12.0956,-45.7866,campo,sol,18.87,0.0,356.1,18.56,1.2,0.0,0,0.0,0.0,22.18,43.56,933.8,3.51,9.14,4.74,NASA POWER Daily API,33.28
20250704,Luis Eduardo Magalhaes - BA,-12.0956,-45.7866,campo,sol,19.43,6.61,323.3,18.43,1.2,0.0,0,0.0,0.0,21.48,47.88,933.3,11.08,9.06,4.56,NASA POWER Daily API,40.26
20250705,Luis Eduardo Magalhaes - BA,-12.0956,-45.7866,transporte,sol,29.46,2.38,342.5,26.49,1.2,0.0,0,0.0,1.0,21.42,56.64,933.4,4.79,4.81,3.57,NASA POWER Daily API,48.89
20250706,Luis Eduardo Magalhaes - BA,-12.0956,-45.7866,campo,sol,31.58,3.86,439.88,10.5,1.2,0.0,0,0.0,0.0,22.45,49.0,933.0,18.12,2.7,3.37,NASA POWER Daily API,31.12
20250707,Luis Eduardo Magalhaes - BA,-12.0956,-45.7866,campo,sol,26.07,3.32,258.94,17.02,1.2,0.0,0,0.0,0.0,22.49,51.27,933.5,32.53,3.42,3.24,NASA POWER Daily API,37.02
20250708,Luis Eduardo Magalhaes - BA,-12.0956,-45.7866,campo,sol,20.33,6.3,198.27,6.87,4.2,0.0,0,0.0,0.0,22.97,54.03,933.8,4.68,4.45,3.23,NASA POWER Daily API,32.17
20250709,Luis Eduardo Magalhaes - BA,-12.0956,-45.7866,transporte,sol,14.5,7.98,256.5,14.08,2.2,0.0,0,0.0,1.0,23.24,39.96,933.5,80.0,4.66,3.77,NASA POWER Daily API,36.91
20250710,Luis Eduardo Magalhaes - BA,-12.0956,-45.7866,manutencao,sol,8.58,0.0,232.28,11.7,1.2,0.0,0,0.0,3.0,21.97,40.29,934.3,6.19,2.44,4.78,NASA POWER Daily API,21.58
20250711,Luis Eduardo Magalhaes - BA,-12.0956,-45.7866,transporte,sol,17.04,1.05,214.37,19.86,1.2,0.0,0,0.0,1.0,21.54,48.24,934.1,7.34,1.87,4.34,NASA POWER Daily API,35.43
20250712,Luis Eduardo Magalhaes - BA,-12.0956,-45.7866,campo,sol,22.14,3.26,313.73,16.2,1.2,0.0,0,0.0,0.0,21.6,49.85,933.8,7.87,2.42,5.06,NASA POWER Daily API,34.73
20250713,Luis Eduardo Magalhaes - BA,-12.0956,-45.7866,transporte,sol,20.02,3.92,372.12,22.68,2.2,0.0,0,0.0,1.0,21.06,50.76,934.5,14.41,6.54,5.27,NASA POWER Daily API,44.99
20250714,Luis Eduardo Magalhaes - BA,-12.0956,-45.7866,campo,sol,22.27,3.58,418.57,15.65,2.2,0.0,0,0.0,0.0,21.24,51.63,934.8,18.35,10.35,3.86,NASA POWER Daily API,36.5
20250715,Luis Eduardo Magalhaes - BA,-12.0956,-45.7866,proximidade_agua,sol,24.56,8.17,285.14,8.38,1.2,0.0,0,0.0,2.0,22.02,50.63,933.3,4.92,12.61,3.58,NASA POWER Daily API,34.87
20250716,Luis Eduardo Magalhaes - BA,-12.0956,-45.7866,campo,sol,24.43,2.6,305.21,20.62,2.2,0.0,0,0.0,0.0,22.64,46.46,932.0,3.95,4.95,2.82,NASA POWER Daily API,42.52
20250717,Luis Eduardo Magalhaes - BA,-12.0956,-45.7866,campo,sol,17.47,4.08,320.26,16.03,2.2,0.0,0,0.0,0.0,22.26,46.02,932.1,6.26,4.78,3.71,NASA POWER Daily API,36.25
20250718,Luis Eduardo Magalhaes - BA,-12.0956,-45.7866,transporte,sol,13.49,0.0,318.45,14.53,1.2,0.0,0,0.0,1.0,22.41,41.99,932.3,3.03,7.25,2.84,NASA POWER Daily API,26.73
20250719,Luis Eduardo Magalhaes - BA,-12.0956,-45.7866,transporte,sol,16.57,3.21,265.43,17.95,2.2,0.0,0,0.0,1.0,23.4,39.27,932.0,3.99,8.86,3.06,NASA POWER Daily API,37.47
20250720,Luis Eduardo Magalhaes - BA,-12.0956,-45.7866,campo,sol,25.43,3.81,187.95,7.01,2.2,0.0,0,0.0,0.0,23.83,44.55,931.6,5.8,4.13,3.22,NASA POWER Daily API,27.11
20250721,Luis Eduardo Magalhaes - BA,-12.0956,-45.7866,proximidade_agua,sol,19.36,2.59,214.87,12.26,1.2,0.0,0,0.0,2.0,23.8,45.77,931.3,2.71,3.97,3.58,NASA POWER Daily API,38.44
20250722,Luis Eduardo Magalhaes - BA,-12.0956,-45.7866,campo,sol,12.97,5.17,272.25,6.52,1.2,0.0,0,0.0,0.0,23.68,44.42,931.6,5.34,6.61,3.02,NASA POWER Daily API,22.04
20250723,Luis Eduardo Magalhaes - BA,-12.0956,-45.7866,manutencao,sol,25.66,10.23,172.31,7.26,1.2,0.0,0,0.0,3.0,24.25,42.62,932.4,4.74,6.2,3.07,NASA POWER Daily API,32.03
20250724,Luis Eduardo Magalhaes - BA,-12.0956,-45.7866,proximidade_agua,sol,13.74,4.98,249.9,6.38,1.2,0.0,0,0.0,2.0,24.48,42.1,931.7,13.75,2.37,3.39,NASA POWER Daily API,25.89
20250725,Luis Eduardo Magalhaes - BA,-12.0956,-45.7866,manutencao,sol,15.94,6.56,359.69,3.57,1.2,0.0,0,0.0,3.0,23.95,46.09,931.2,4.78,4.0,3.92,NASA POWER Daily API,20.73
20250726,Luis Eduardo Magalhaes - BA,-12.0956,-45.7866,campo,sol,19.73,1.8,290.3,16.53,1.2,0.0,0,0.0,0.0,23.63,40.62,931.3,4.09,8.78,4.16,NASA POWER Daily API,33.06
20250727,Luis Eduardo Magalhaes - BA,-12.0956,-45.7866,campo,sol,13.82,2.36,385.04,15.5,2.2,0.0,0,0.0,0.0,23.11,41.3,931.4,14.31,2.6,3.98,NASA POWER Daily API,32.73
20250728,Luis Eduardo Magalhaes - BA,-12.0956,-45.7866,campo,sol,26.7,5.19,221.55,12.79,1.2,0.0,0,0.0,0.0,23.41,40.52,932.1,8.12,6.46,2.99,NASA POWER Daily API,33.98
20250729,Luis Eduardo Magalhaes - BA,-12.0956,-45.7866,campo,sol,9.94,6.9,239.47,0.36,1.2,0.0,0,0.0,0.0,24.84,32.28,931.2,9.96,8.87,2.77,NASA POWER Daily API,15.27
20250730,Luis Eduardo Magalhaes - BA,-12.0956,-45.7866,transporte,sol,10.21,4.27,355.98,19.54,2.2,0.0,0,0.0,1.0,25.64,29.98,931.1,10.67,3.32,2.32,NASA POWER Daily API,38.72
20250731,Luis Eduardo Magalhaes - BA,-12.0956,-45.7866,campo,sol,5.0,5.83,327.16,13.67,1.2,0.0,0,0.0,0.0,25.57,38.42,932.7,1.5,6.91,3.89,NASA POWER Daily API,35.2
20250801,Luis Eduardo Magalhaes - BA,-12.0956,-45.7866,campo,garoa,22.37,6.58,261.06,13.47,1.2,0.22,0,4.0,0.0,24.39,49.34,934.6,5.49,9.51,5.09,NASA POWER Daily API,35.02
20250802,Luis Eduardo Magalhaes - BA,-12.0956,-45.7866,campo,garoa,19.72,5.75,461.74,12.01,1.2,0.47,0,4.0,0.0,23.69,50.63,934.0,44.08,4.62,4.37,NASA POWER Daily API,31.81
20250803,Luis Eduardo Magalhaes - BA,-12.0956,-45.7866,campo,garoa,18.09,4.46,252.22,22.13,1.2,0.22,0,4.0,0.0,23.84,43.2,933.4,7.46,9.54,4.2,NASA POWER Daily API,42.42
20250804,Luis Eduardo Magalhaes - BA,-12.0956,-45.7866,campo,sol,12.5,0.0,275.1,23.32,1.2,0.0,0,0.0,0.0,24.93,35.78,932.9,20.07,2.82,3.78,NASA POWER Daily API,37.38
20250805,Luis Eduardo Magalhaes - BA,-12.0956,-45.7866,transporte,sol,16.88,10.75,393.52,9.76,1.2,0.0,0,0.0,1.0,25.54,37.78,932.6,2.48,3.4,2.65,NASA POWER Daily API,39.05
20250806,Luis Eduardo Magalhaes - BA,-12.0956,-45.7866,campo,garoa,23.31,8.32,328.18,13.55,3.2,0.08,0,4.0,0.0,26.72,35.01,931.1,3.67,5.72,3.1,NASA POWER Daily API,41.65
20250807,Luis Eduardo Magalhaes - BA,-12.0956,-45.7866,campo,garoa,13.62,5.48,320.11,11.46,4.2,0.51,0,4.0,0.0,26.6,39.51,930.5,9.62,2.01,3.36,NASA POWER Daily API,35.74
20250808,Luis Eduardo Magalhaes - BA,-12.0956,-45.7866,campo,garoa,20.54,6.47,203.02,15.82,3.2,0.04,0,4.0,0.0,26.52,35.96,929.7,3.42,4.68,2.55,NASA POWER Daily API,41.77
20250809,Luis Eduardo Magalhaes - BA,-12.0956,-45.7866,campo,garoa,13.34,2.9,335.04,16.01,2.2,0.01,0,4.0,0.0,27.3,32.73,929.4,10.4,2.71,2.64,NASA POWER Daily API,33.94
20250810,Luis Eduardo Magalhaes - BA,-12.0956,-45.7866,transporte,garoa,15.92,1.05,347.52,18.28,2.2,0.19,0,4.0,1.0,27.92,33.91,929.1,4.92,7.91,2.05,NASA POWER Daily API,35.8
20250811,Luis Eduardo Magalhaes - BA,-12.0956,-45.7866,campo,garoa,21.25,3.4,217.32,8.8,2.2,0.08,0,4.0,0.0,27.31,30.62,928.7,15.04,5.28,2.4,NASA POWER Daily API,27.94
20250812,Luis Eduardo Magalhaes - BA,-12.0956,-45.7866,proximidade_agua,garoa,15.87,8.42,351.82,11.47,1.2,0.43,0,4.0,2.0,27.01,36.22,928.4,10.09,1.51,2.34,NASA POWER Daily API,37.14
20250813,Luis Eduardo Magalhaes - BA,-12.0956,-45.7866,campo,garoa,32.33,4.06,285.38,11.1,1.2,1.68,0,4.0,0.0,25.06,58.69,930.6,10.54,10.66,2.76,NASA POWER Daily API,34.07
20250814,Luis Eduardo Magalhaes - BA,-12.0956,-45.7866,campo,garoa,38.73,0.94,298.29,10.38,2.2,1.77,0,4.0,0.0,25.6,52.43,931.6,5.96,11.02,3.34,NASA POWER Daily API,33.98
20250815,Luis Eduardo Magalhaes - BA,-12.0956,-45.7866,campo,sol,22.51,5.32,357.48,15.07,2.2,0.0,0,0.0,0.0,25.54,36.76,931.9,10.06,4.68,4.88,NASA POWER Daily API,37.87
20250816,Luis Eduardo Magalhaes - BA,-12.0956,-45.7866,campo,sol,27.34,8.15,249.7,19.59,2.2,0.0,0,0.0,0.0,25.2,40.75,931.6,3.17,3.48,4.23,NASA POWER Daily API,47.97
20250817,Luis Eduardo Magalhaes - BA,-12.0956,-45.7866,campo,sol,22.13,0.0,351.97,15.51,1.2,0.0,0,0.0,0.0,25.66,42.82,931.1,5.88,4.03,3.81,NASA POWER Daily API,30.63
20250818,Luis Eduardo Magalhaes - BA,-12.0956,-45.7866,proximidade_agua,garoa,22.21,6.57,390.5,10.4,1.2,2.36,0,4.0,2.0,25.11,46.14,931.6,15.54,7.34,4.05,NASA POWER Daily API,37.37
20250819,Luis Eduardo Magalhaes - BA,-12.0956,-45.7866,transporte,sol,26.33,3.05,275.96,24.13,2.2,0.0,0,0.0,1.0,24.31,38.61,931.7,5.8,4.18,4.59,NASA POWER Daily API,47.97
20250820,Luis Eduardo Magalhaes - BA,-12.0956,-45.7866,proximidade_agua,garoa,16.96,0.0,369.78,12.28,1.2,0.41,0,4.0,2.0,22.89,39.97,932.5,6.57,11.49,4.09,NASA POWER Daily API,29.33
20250821,Luis Eduardo Magalhaes - BA,-12.0956,-45.7866,transporte,garoa,20.92,5.63,178.65,16.44,1.2,0.2,0,4.0,1.0,23.52,37.19,931.6,6.32,3.21,3.97,NASA POWER Daily API,37.5
20250822,Luis Eduardo Magalhaes - BA,-12.0956,-45.7866,campo,sol,23.09,8.44,498.24,12.93,1.2,0.0,0,0.0,0.0,23.74,36.46,930.2,5.18,2.91,4.11,NASA POWER Daily API,36.62
20250823,Luis Eduardo Magalhaes - BA,-12.0956,-45.7866,campo,garoa,20.29,5.66,220.69,9.84,2.2,0.51,0,4.0,0.0,23.48,40.21,931.1,1.19,4.91,4.28,NASA POWER Daily API,43.57
20250824,Luis Eduardo Magalhaes - BA,-12.0956,-45.7866,transporte,garoa,31.46,7.11,105.95,22.5,2.2,0.92,0,4.0,1.0,23.75,42.53,931.8,17.02,2.45,3.62,NASA POWER Daily API,52.61
20250825,Luis Eduardo Magalhaes - BA,-12.0956,-45.7866,manutencao,garoa,24.52,0.0,480.26,0.75,2.2,2.46,0,4.0,3.0,24.69,43.91,931.9,4.79,7.27,3.65,NASA POWER Daily API,17.33
20250826,Luis Eduardo Magalhaes - BA,-12.0956,-45.7866,campo,sol,30.88,5.19,157.8,14.47,1.2,0.0,0,0.0,0.0,26.25,44.95,932.4,8.83,3.51,4.2,NASA POWER Daily API,37.31
20250827,Luis Eduardo Magalhaes - BA,-12.0956,-45.7866,transporte,garoa,32.3,5.95,380.05,23.27,1.2,1.03,0,4.0,1.0,26.93,36.97,932.5,13.49,5.89,4.03,NASA POWER Daily API,50.51
20250828,Luis Eduardo Magalhaes - BA,-12.0956,-45.7866,campo,garoa,22.56,4.08,349.89,11.87,1.2,1.73,0,4.0,0.0,25.63,39.81,932.2,7.58,4.23,4.33,NASA POWER Daily API,32.06
20250829,Luis Eduardo Magalhaes - BA,-12.0956,-45.7866,manutencao,garoa,29.58,2.44,146.32,7.02,1.2,0.81,0,4.0,3.0,24.93,37.84,930.3,4.12,8.32,4.33,NASA POWER Daily API,25.64
20250830,Luis Eduardo Magalhaes - BA,-12.0956,-45.7866,proximidade_agua,garoa,20.39,5.98,165.53,11.07,1.2,0.41,0,4.0,2.0,25.31,40.49,930.6,8.03,4.89,4.45,NASA POWER Daily API,35.26
20250831,Luis Eduardo Magalhaes - BA,-12.0956,-45.7866,proximidade_agua,garoa,33.07,4.26,458.93,8.73,2.2,2.34,0,4.0,2.0,25.36,38.56,931.4,3.77,6.11,4.43,NASA POWER Daily API,38.26
20250901,Luis Eduardo Magalhaes - BA,-12.0956,-45.7866,manutencao,sol,32.47,0.0,228.29,0.67,1.2,0.0,0,0.0,3.0,25.87,40.3,932.4,4.94,7.22,5.05,NASA POWER Daily API,15.09
20250902,Luis Eduardo Magalhaes - BA,-12.0956,-45.7866,campo,sol,29.28,5.86,318.0,12.14,1.2,0.0,0,0.0,0.0,25.83,40.06,932.0,3.11,2.74,5.55,NASA POWER Daily API,34.65
20250903,Luis Eduardo Magalhaes - BA,-12.0956,-45.7866,transporte,sol,24.85,5.45,431.83,16.94,1.2,0.0,0,0.0,1.0,25.17,44.03,932.0,5.43,5.06,5.61,NASA POWER Daily API,38.89
20250904,Luis Eduardo Magalhaes - BA,-12.0956,-45.7866,campo,garoa,25.3,10.65,335.77,15.5,1.2,0.12,0,4.0,0.0,25.11,46.73,932.2,19.32,4.42,4.98,NASA POWER Daily API,42.79
20250905,Luis Eduardo Magalhaes - BA,-12.0956,-45.7866,campo,garoa,26.22,3.82,320.85,16.4,1.2,0.15,0,4.0,0.0,25.91,40.16,931.2,6.41,3.69,3.77,NASA POWER Daily API,37.12
20250906,Luis Eduardo Magalhaes - BA,-12.0956,-45.7866,campo,sol,15.83,3.84,324.39,13.27,1.2,0.0,0,0.0,0.0,26.86,32.13,930.5,6.91,10.56,3.23,NASA POWER Daily API,30.01
20250907,Luis Eduardo Magalhaes - BA,-12.0956,-45.7866,campo,garoa,16.8,3.41,477.92,10.41,1.2,0.08,0,4.0,0.0,26.87,34.11,931.2,8.24,4.28,3.89,NASA POWER Daily API,26.3
20250908,Luis Eduardo Magalhaes - BA,-12.0956,-45.7866,transporte,garoa,21.4,4.47,315.66,17.95,1.2,0.15,0,4.0,1.0,26.94,34.13,931.5,8.1,4.97,4.42,NASA POWER Daily API,38.27
20250909,Luis Eduardo Magalhaes - BA,-12.0956,-45.7866,proximidade_agua,garoa,11.2,8.65,287.52,8.64,1.2,0.24,0,4.0,2.0,25.3,34.81,931.9,12.6,2.92,4.13,NASA POWER Daily API,32.02
20250910,Luis Eduardo Magalhaes - BA,-12.0956,-45.7866,transporte,garoa,14.33,2.96,124.45,28.68,2.2,0.39,0,4.0,1.0,26.52,25.79,930.4,3.69,8.81,3.99,NASA POWER Daily API,50.43
20250911,Luis Eduardo Magalhaes - BA,-12.0956,-45.7866,campo,garoa,9.21,5.9,191.88,10.13,1.2,0.08,0,4.0,0.0,27.32,26.68,930.4,30.92,2.92,3.42,NASA POWER Daily API,26.35
20250912,Luis Eduardo Magalhaes - BA,-12.0956,-45.7866,proximidade_agua,garoa,16.38,0.0,415.4,3.5,1.2,0.01,0,4.0,2.0,28.01,31.29,929.1,9.47,5.09,3.94,NASA POWER Daily API,18.04
20250913,Luis Eduardo Magalhaes - BA,-12.0956,-45.7866,campo,garoa,23.75,0.0,204.63,9.08,1.2,0.48,0,4.0,0.0,26.76,29.7,929.1,23.54,1.99,4.39,NASA POWER Daily API,23.67
20250914,Luis Eduardo Magalhaes - BA,-12.0956,-45.7866,campo,garoa,14.86,0.0,121.42,11.0,1.2,0.27,0,4.0,0.0,26.72,32.11,929.6,9.25,3.87,4.42,NASA POWER Daily API,23.17
20250915,Luis Eduardo Magalhaes - BA,-12.0956,-45.7866,campo,sol,14.49,2.64,382.73,13.03,1.2,0.0,0,0.0,0.0,27.21,30.77,929.5,22.0,4.21,5.07,NASA POWER Daily API,28.12
20250916,Luis Eduardo Magalhaes - BA,-12.0956,-45.7866,transporte,garoa,21.39,0.0,291.35,17.97,1.2,0.17,0,4.0,1.0,26.96,35.33,929.0,3.45,9.05,4.21,NASA POWER Daily API,33.79
20250917,Luis Eduardo Magalhaes - BA,-12.0956,-45.7866,transporte,garoa,13.09,1.87,404.54,9.61,1.2,0.01,0,4.0,1.0,28.51,32.84,927.9,29.96,3.63,4.07,NASA POWER Daily API,22.74
20250918,Luis Eduardo Magalhaes - BA,-12.0956,-45.7866,transporte,garoa,15.29,9.29,380.81,28.86,1.2,0.09,0,4.0,1.0,28.99,30.84,927.9,8.86,1.92,4.51,NASA POWER Daily API,55.33
20250919,Luis Eduardo Magalhaes - BA,-12.0956,-45.7866,campo,garoa,31.79,5.5,383.69,14.19,1.2,1.01,0,4.0,0.0,28.4,39.14,930.0,4.5,3.35,4.22,NASA POWER Daily API,38.69
20250920,Luis Eduardo Magalhaes - BA,-12.0956,-45.7866,proximidade_agua,garoa,5.0,3.74,320.39,5.18,1.2,0.28,0,4.0,2.0,28.03,35.33,929.6,12.17,8.06,3.51,NASA POWER Daily API,20.88
20250921,Luis Eduardo Magalhaes - BA,-12.0956,-45.7866,campo,garoa,12.96,6.41,350.07,18.05,1.2,0.01,0,4.0,0.0,28.08,34.51,928.0,73.27,4.22,3.66,NASA POWER Daily API,38.01
20250922,Luis Eduardo Magalhaes - BA,-12.0956,-45.7866,campo,garoa,18.97,11.66,338.65,14.16,2.2,2.33,0,4.0,0.0,29.38,36.46,928.1,2.66,5.28,3.3,NASA POWER Daily API,50.81
20250923,Luis Eduardo Magalhaes - BA,-12.0956,-45.7866,campo,garoa,33.61,0.96,430.92,10.76,2.2,0.36,0,4.0,0.0,29.72,39.33,929.4,1.22,4.19,3.53,NASA POWER Daily API,43.76
20250924,Luis Eduardo Magalhaes - BA,-12.0956,-45.7866,campo,garoa,21.5,0.0,277.24,14.0,2.2,0.47,0,4.0,0.0,29.43,38.04,931.1,22.68,11.18,5.31,NASA POWER Daily API,31.15
20250925,Luis Eduardo Magalhaes - BA,-12.0956,-45.7866,campo,garoa,12.56,6.07,382.21,8.86,1.2,0.01,0,4.0,0.0,27.51,34.88,930.8,11.7,13.24,5.16,NASA POWER Daily API,25.85
20250926,Luis Eduardo Magalhaes - BA,-12.0956,-45.7866,transporte,garoa,27.45,5.01,316.95,24.92,1.2,0.55,0,4.0,1.0,27.65,38.7,930.6,9.2,5.03,5.16,NASA POWER Daily API,49.81
20250927,Luis Eduardo Magalhaes - BA,-12.0956,-45.7866,transporte,sol,28.17,6.65,302.88,17.82,1.2,0.0,0,0.0,1.0,26.8,38.64,931.0,14.47,5.1,5.28,NASA POWER Daily API,42.32
20250928,Luis Eduardo Magalhaes - BA,-12.0956,-45.7866,campo,sol,16.79,3.96,220.73,13.5,4.2,0.0,0,0.0,0.0,26.4,32.4,931.4,8.47,7.91,4.37,NASA POWER Daily API,37.1
20250929,Luis Eduardo Magalhaes - BA,-12.0956,-45.7866,manutencao,garoa,14.53,4.9,277.72,13.64,2.2,0.12,0,4.0,3.0,26.48,29.66,931.2,9.51,16.32,3.82,NASA POWER Daily API,33.52
20250930,Luis Eduardo Magalhaes - BA,-12.0956,-45.7866,transporte,garoa,23.2,2.52,189.72,28.11,1.2,0.16,0,4.0,1.0,26.83,25.67,930.3,12.1,4.06,4.3,NASA POWER Daily API,49.55
20251001,Luis Eduardo Magalhaes - BA,-12.0956,-45.7866,manutencao,sol,8.82,4.44,287.23,0.0,1.2,0.0,0,0.0,3.0,26.64,26.83,931.2,4.96,9.79,4.8,NASA POWER Daily API,11.9
20251002,Luis Eduardo Magalhaes - BA,-12.0956,-45.7866,campo,sol,14.81,7.11,370.92,10.79,1.2,0.0,0,0.0,0.0,26.57,30.36,930.6,14.04,4.57,3.77,NASA POWER Daily API,30.03
20251003,Luis Eduardo Magalhaes - BA,-12.0956,-45.7866,transporte,sol,10.65,2.79,302.21,26.17,1.2,0.0,0,0.0,1.0,26.54,31.75,930.0,3.4,13.6,4.75,NASA POWER Daily API,43.52
20251004,Luis Eduardo Magalhaes - BA,-12.0956,-45.7866,campo,sol,17.86,1.0,261.56,16.67,1.2,0.0,0,0.0,0.0,25.75,33.48,930.4,7.79,6.42,5.14,NASA POWER Daily API,31.9
20251005,Luis Eduardo Magalhaes - BA,-12.0956,-45.7866,transporte,garoa,8.44,6.9,543.39,21.06,3.2,0.08,0,4.0,1.0,26.73,39.75,929.7,5.17,9.39,4.76,NASA POWER Daily API,45.18
20251006,Luis Eduardo Magalhaes - BA,-12.0956,-45.7866,transporte,sol,19.14,5.9,347.72,20.28,1.2,0.0,0,0.0,1.0,28.13,37.16,928.1,3.71,4.34,3.58,NASA POWER Daily API,42.1
20251007,Luis Eduardo Magalhaes - BA,-12.0956,-45.7866,campo,garoa,14.06,2.96,387.96,15.77,2.2,0.01,0,4.0,0.0,29.68,31.06,926.8,8.42,7.33,3.24,NASA POWER Daily API,34.1
20251008,Luis Eduardo Magalhaes - BA,-12.0956,-45.7866,campo,garoa,17.1,0.0,223.93,15.3,2.2,0.23,0,4.0,0.0,29.43,33.48,927.1,3.83,5.34,3.99,NASA POWER Daily API,31.51
20251009,Luis Eduardo Magalhaes - BA,-12.0956,-45.7866,manutencao,sol,19.55,4.15,389.52,7.31,1.2,0.0,0,0.0,3.0,30.06,30.6,928.3,1.58,5.02,4.7,NASA POWER Daily API,30.16
20251010,Luis Eduardo Magalhaes - BA,-12.0956,-45.7866,campo,garoa,15.28,5.15,329.12,16.65,2.2,0.62,0,4.0,0.0,28.97,34.7,929.0,17.04,2.35,4.65,NASA POWER Daily API,38.29
20251011,Luis Eduardo Magalhaes - BA,-12.0956,-45.7866,proximidade_agua,garoa,7.78,5.76,335.17,14.23,3.2,0.05,0,4.0,2.0,29.53,31.25,927.6,1.24,3.96,4.09,NASA POWER Daily API,51.37
20251012,Luis Eduardo Magalhaes - BA,-12.0956,-45.7866,transporte,garoa,19.76,3.11,288.76,14.78,1.2,0.24,0,4.0,1.0,28.59,38.36,927.5,14.27,2.25,4.26,NASA POWER Daily API,32.75
20251013,Luis Eduardo Magalhaes - BA,-12.0956,-45.7866,transporte,garoa,23.29,0.0,404.24,24.84,3.2,1.14,0,4.0,1.0,26.44,54.08,927.9,3.42,3.5,2.73,NASA POWER Daily API,48.25
20251014,Luis Eduardo Magalhaes - BA,-12.0956,-45.7866,transporte,garoa,32.44,2.86,386.96,20.5,1.2,0.74,0,4.0,1.0,29.34,39.74,927.5,7.22,4.56,2.54,NASA POWER Daily API,43.92
20251015,Luis Eduardo Magalhaes - BA,-12.0956,-45.7866,campo,garoa,29.1,5.21,403.21,11.25,1.2,0.79,0,4.0,0.0,29.98,36.38,927.6,8.13,9.06,3.32,NASA POWER Daily API,33.86
20251016,Luis Eduardo Magalhaes - BA,-12.0956,-45.7866,proximidade_agua,sol,21.92,1.63,264.25,11.39,3.2,0.0,0,0.0,2.0,29.81,30.46,927.5,5.49,5.5,4.5,NASA POWER Daily API,35.68
20251017,Luis Eduardo Magalhaes - BA,-12.0956,-45.7866,campo,sol,12.87,3.11,276.8,20.82,1.2,0.0,0,0.0,0.0,29.65,30.74,927.5,11.97,5.39,4.35,NASA POWER Daily API,38.01
20251018,Luis Eduardo Magalhaes - BA,-12.0956,-45.7866,proximidade_agua,sol,9.39,3.74,134.02,16.24,2.2,0.0,0,0.0,2.0,30.82,28.28,926.9,23.62,4.58,2.63,NASA POWER Daily API,38.09
20251019,Luis Eduardo Magalhaes - BA,-12.0956,-45.7866,transporte,garoa,21.71,4.15,382.32,15.1,1.2,0.21,0,4.0,1.0,27.66,47.4,927.6,0.74,9.93,1.99,NASA POWER Daily API,46.79
20251020,Luis Eduardo Magalhaes - BA,-12.0956,-45.7866,campo,chuva,43.06,3.69,217.14,6.53,1.2,6.18,0,2.0,0.0,26.27,60.33,928.6,12.68,3.04,3.39,NASA POWER Daily API,40.1
20251021,Luis Eduardo Magalhaes - BA,-12.0956,-45.7866,transporte,garoa,41.27,2.79,190.05,18.78,1.2,0.45,0,4.0,1.0,23.1,62.44,931.2,6.99,3.58,6.86,NASA POWER Daily API,43.81
20251022,Luis Eduardo Magalhaes - BA,-12.0956,-45.7866,campo,garoa,38.03,1.54,274.67,24.34,1.2,0.01,0,4.0,0.0,24.2,50.19,931.6,2.22,3.81,6.74,NASA POWER Daily API,54.03
20251023,Luis Eduardo Magalhaes - BA,-12.0956,-45.7866,campo,garoa,32.81,4.98,245.9,20.35,1.2,0.02,0,4.0,0.0,25.86,48.18,931.0,4.79,2.53,6.57,NASA POWER Daily API,45.14
20251024,Luis Eduardo Magalhaes - BA,-12.0956,-45.7866,transporte,sol,22.34,3.39,224.78,22.53,3.2,0.0,0,0.0,1.0,26.47,42.68,930.4,13.64,8.11,5.84,NASA POWER Daily API,47.38
20251025,Luis Eduardo Magalhaes - BA,-12.0956,-45.7866,proximidade_agua,garoa,23.11,6.71,333.84,12.78,2.2,0.02,0,4.0,2.0,27.35,39.65,929.2,2.17,2.85,4.44,NASA POWER Daily API,46.86
20251026,Luis Eduardo Magalhaes - BA,-12.0956,-45.7866,transporte,garoa,25.75,4.15,237.1,14.54,2.2,0.02,0,4.0,1.0,28.51,37.43,928.0,5.62,4.8,4.63,NASA POWER Daily API,37.25
20251027,Luis Eduardo Magalhaes - BA,-12.0956,-45.7866,transporte,sol,16.21,9.74,369.05,22.32,2.2,0.0,0,0.0,1.0,28.61,34.7,928.6,5.99,5.23,5.45,NASA POWER Daily API,49.92
20251028,Luis Eduardo Magalhaes - BA,-12.0956,-45.7866,transporte,sol,15.55,0.0,359.23,22.94,1.2,0.0,0,0.0,1.0,29.0,37.59,929.2,1.24,10.05,4.4,NASA POWER Daily API,50.08
20251029,Luis Eduardo Magalhaes - BA,-12.0956,-45.7866,campo,sol,12.5,7.8,127.91,12.5,2.2,0.0,0,0.0,0.0,29.64,33.24,929.0,9.31,3.08,3.6,NASA POWER Daily API,34.47
20251030,Luis Eduardo Magalhaes - BA,-12.0956,-45.7866,campo,garoa,5.0,5.63,192.62,9.9,1.2,0.16,0,4.0,0.0,30.51,32.26,927.9,17.54,16.64,3.23,NASA POWER Daily API,24.9
20251031,Luis Eduardo Magalhaes - BA,-12.0956,-45.7866,manutencao,garoa,17.15,11.05,251.3,5.08,2.2,0.49,0,4.0,3.0,30.93,33.74,927.2,13.8,4.07,1.96,NASA POWER Daily API,30.59
20251101,Luis Eduardo Magalhaes - BA,-12.0956,-45.7866,proximidade_agua,garoa,39.41,1.52,137.12,0.92,1.2,4.5,0,4.0,2.0,28.95,48.91,928.3,30.5,2.58,2.62,NASA POWER Daily API,27.64
20251102,Luis Eduardo Magalhaes - BA,-12.0956,-45.7866,transporte,garoa,31.28,4.72,83.33,13.67,2.2,0.03,0,4.0,1.0,30.55,40.84,927.2,4.3,3.24,2.1,NASA POWER Daily API,40.48
20251103,Luis Eduardo Magalhaes - BA,-12.0956,-45.7866,campo,garoa,25.81,3.92,232.12,23.82,3.2,2.31,0,4.0,0.0,29.79,45.37,927.8,46.22,2.65,2.42,NASA POWER Daily API,52.96
20251104,Luis Eduardo Magalhaes - BA,-12.0956,-45.7866,proximidade_agua,garoa,31.8,5.6,312.05,8.25,1.2,0.96,0,4.0,2.0,29.47,49.35,928.2,10.98,4.5,2.64,NASA POWER Daily API,35.45
20251105,Luis Eduardo Magalhaes - BA,-12.0956,-45.7866,campo,garoa,43.04,3.43,283.19,11.97,1.2,3.12,0,4.0,0.0,28.51,54.7,929.0,2.78,7.83,2.65,NASA POWER Daily API,45.19
20251106,Luis Eduardo Magalhaes - BA,-12.0956,-45.7866,campo,garoa,61.44,2.21,441.91,17.01,1.2,4.23,0,4.0,0.0,26.41,64.74,928.0,5.97,11.9,2.01,NASA POWER Daily API,50.85
20251107,Luis Eduardo Magalhaes - BA,-12.0956,-45.7866,campo,garoa,62.66,7.66,207.56,12.49,1.2,3.62,0,4.0,0.0,27.34,60.15,926.4,2.57,5.42,2.18,NASA POWER Daily API,56.82
20251108,Luis Eduardo Magalhaes - BA,-12.0956,-45.7866,campo,garoa,55.42,2.4,193.37,19.16,1.2,4.0,0,4.0,0.0,27.72,57.47,927.3,1.88,5.47,2.03,NASA POWER Daily API,57.77
20251109,Luis Eduardo Magalhaes - BA,-12.0956,-45.7866,transporte,garoa,63.75,2.34,257.95,14.37,1.2,2.71,0,4.0,1.0,28.07,56.92,927.8,3.94,2.21,1.44,NASA POWER Daily API,46.95
20251110,Luis Eduardo Magalhaes - BA,-12.0956,-45.7866,proximidade_agua,garoa,62.78,2.68,318.48,14.95,1.2,2.92,0,4.0,2.0,27.67,59.22,928.2,6.93,8.04,3.54,NASA POWER Daily API,51.92
20251111,Luis Eduardo Magalhaes - BA,-12.0956,-45.7866,campo,garoa,63.76,0.43,307.36,16.52,1.2,2.97,0,4.0,0.0,26.66,63.92,928.4,5.63,4.12,4.16,NASA POWER Daily API,47.84
20251112,Luis Eduardo Magalhaes - BA,-12.0956,-45.7866,campo,garoa,58.48,5.72,461.24,8.04,3.2,0.38,0,4.0,0.0,26.16,58.37,929.0,1.84,5.94,4.86,NASA POWER Daily API,49.01
20251113,Luis Eduardo Magalhaes - BA,-12.0956,-45.7866,campo,garoa,50.65,6.01,304.12,14.18,1.2,0.11,0,4.0,0.0,27.52,48.5,928.7,15.8,10.62,4.31,NASA POWER Daily API,44.11
20251114,Luis Eduardo Magalhaes - BA,-12.0956,-45.7866,campo,garoa,34.84,3.54,367.13,11.81,1.2,0.01,0,4.0,0.0,27.86,39.45,928.6,18.26,2.88,4.46,NASA POWER Daily API,33.72
20251115,Luis Eduardo Magalhaes - BA,-12.0956,-45.7866,campo,garoa,19.82,4.35,294.19,3.11,1.2,0.31,0,4.0,0.0,27.42,33.99,927.5,2.6,5.19,3.59,NASA POWER Daily API,25.55
20251116,Luis Eduardo Magalhaes - BA,-12.0956,-45.7866,campo,garoa,17.49,0.65,217.92,16.39,1.2,0.24,0,4.0,0.0,28.86,33.12,926.6,59.43,3.74,3.15,NASA POWER Daily API,31.56
20251117,Luis Eduardo Magalhaes - BA,-12.0956,-45.7866,transporte,garoa,22.08,2.86,250.48,19.2,1.2,0.35,0,4.0,1.0,29.94,34.05,927.1,0.99,3.62,2.88,NASA POWER Daily API,50.84
20251118,Luis Eduardo Magalhaes - BA,-12.0956,-45.7866,campo,garoa,15.35,5.38,394.94,9.94,2.2,0.89,0,4.0,0.0,31.66,31.28,926.3,1.49,3.09,2.76,NASA POWER Daily API,42.61
20251119,Luis Eduardo Magalhaes - BA,-12.0956,-45.7866,transporte,chuva,37.79,7.96,344.5,13.78,1.2,9.56,0,2.0,1.0,29.8,42.21,925.3,3.73,3.02,4.12,NASA POWER Daily API,55.51
20251120,Luis Eduardo Magalhaes - BA,-12.0956,-45.7866,campo,chuva,50.38,3.26,362.24,8.02,2.2,6.48,0,2.0,0.0,27.72,56.2,925.2,13.22,3.21,1.83,NASA POWER Daily API,46.38
20251121,Luis Eduardo Magalhaes - BA,-12.0956,-45.7866,campo,chuva,100.0,8.36,347.49,10.38,2.2,23.1,1,2.0,0.0,24.3,80.54,927.6,3.45,3.15,2.92,NASA POWER Daily API,100.0
20251122,Luis Eduardo Magalhaes - BA,-12.0956,-45.7866,campo,garoa,100.0,4.9,407.22,13.89,1.2,2.38,0,4.0,0.0,23.84,76.71,928.2,8.96,6.83,2.88,NASA POWER Daily API,59.57
20251123,Luis Eduardo Magalhaes - BA,-12.0956,-45.7866,campo,garoa,100.0,3.54,391.71,12.37,1.2,3.59,0,4.0,0.0,25.68,67.55,927.2,1.32,13.63,1.33,NASA POWER Daily API,69.47
20251124,Luis Eduardo Magalhaes - BA,-12.0956,-45.7866,proximidade_agua,chuva,100.0,6.83,150.01,2.16,1.2,8.14,1,2.0,2.0,25.11,75.43,926.7,40.9,15.03,1.95,NASA POWER Daily API,77.02
20251125,Luis Eduardo Magalhaes - BA,-12.0956,-45.7866,campo,tempestade,100.0,4.99,276.13,0.47,1.2,35.06,1,3.0,0.0,24.32,82.47,927.2,1.32,5.57,2.27,NASA POWER Daily API,100.0
20251126,Luis Eduardo Magalhaes - BA,-12.0956,-45.7866,manutencao,chuva,100.0,6.71,216.8,2.77,1.2,13.94,1,2.0,3.0,23.8,81.31,927.6,8.89,7.32,1.63,NASA POWER Daily API,79.1
20251127,Luis Eduardo Magalhaes - BA,-12.0956,-45.7866,campo,garoa,100.0,10.11,379.58,18.05,2.2,0.13,0,4.0,0.0,24.86,71.1,927.6,9.38,2.49,2.26,NASA POWER Daily API,70.3
20251128,Luis Eduardo Magalhaes - BA,-12.0956,-45.7866,campo,garoa,100.0,0.0,232.11,9.8,1.2,1.06,0,4.0,0.0,24.31,76.57,927.6,3.78,3.87,2.66,NASA POWER Daily API,48.1
20251129,Luis Eduardo Magalhaes - BA,-12.0956,-45.7866,campo,garoa,100.0,4.73,333.1,13.76,1.2,1.0,0,4.0,0.0,24.54,74.17,926.5,2.69,11.42,2.54,NASA POWER Daily API,64.04
20251130,Luis Eduardo Magalhaes - BA,-12.0956,-45.7866,transporte,garoa,100.0,4.06,237.17,23.62,1.2,0.94,0,4.0,1.0,26.28,65.52,925.7,22.68,6.34,1.59,NASA POWER Daily API,69.66
20251201,Luis Eduardo Magalhaes - BA,-12.0956,-45.7866,campo,chuva,100.0,1.92,272.79,13.64,1.2,6.19,1,2.0,0.0,25.81,71.5,926.1,3.9,2.13,1.28,NASA POWER Daily API,80.4
20251202,Luis Eduardo Magalhaes - BA,-12.0956,-45.7866,campo,chuva,82.07,4.09,264.22,8.08,2.2,5.78,1,2.0,0.0,23.64,83.81,926.6,14.3,6.25,1.98,NASA POWER Daily API,72.07
20251203,Luis Eduardo Magalhaes - BA,-12.0956,-45.7866,transporte,chuva,95.32,1.85,285.86,19.76,3.2,14.95,1,2.0,1.0,24.11,80.55,926.7,24.94,4.83,2.43,NASA POWER Daily API,99.15
20251204,Luis Eduardo Magalhaes - BA,-12.0956,-45.7866,proximidade_agua,tempestade,100.0,7.87,338.87,0.0,1.2,39.56,1,3.0,2.0,23.22,85.26,926.9,2.29,3.31,2.63,NASA POWER Daily API,100.0
20251205,Luis Eduardo Magalhaes - BA,-12.0956,-45.7866,proximidade_agua,garoa,100.0,2.63,419.17,14.72,1.2,4.69,0,4.0,2.0,23.1,82.46,927.5,1.34,12.44,1.83,NASA POWER Daily API,76.47
20251206,Luis Eduardo Magalhaes - BA,-12.0956,-45.7866,campo,chuva,100.0,7.29,359.79,2.9,2.2,5.75,1,2.0,0.0,22.17,87.66,928.8,2.09,8.57,2.29,NASA POWER Daily API,80.74
20251207,Luis Eduardo Magalhaes - BA,-12.0956,-45.7866,campo,garoa,100.0,4.96,299.04,12.28,1.2,1.37,0,4.0,0.0,21.43,84.47,930.0,1.38,6.47,2.83,NASA POWER Daily API,68.54
20251208,Luis Eduardo Magalhaes - BA,-12.0956,-45.7866,campo,chuva,100.0,2.39,455.75,4.59,1.2,11.98,1,2.0,0.0,23.0,77.27,928.8,34.74,2.46,2.77,NASA POWER Daily API,74.89
20251209,Luis Eduardo Magalhaes - BA,-12.0956,-45.7866,transporte,chuva,100.0,5.32,293.17,14.13,1.2,7.03,1,2.0,1.0,23.13,79.91,928.5,6.72,7.0,2.28,NASA POWER Daily API,85.21
20251210,Luis Eduardo Magalhaes - BA,-12.0956,-45.7866,proximidade_agua,garoa,100.0,7.31,278.36,11.43,1.2,2.37,0,4.0,2.0,24.04,77.8,928.4,43.01,4.97,2.19,NASA POWER Daily API,63.01
20251211,Luis Eduardo Magalhaes - BA,-12.0956,-45.7866,proximidade_agua,garoa,85.85,0.68,368.69,2.76,2.2,2.34,0,4.0,2.0,25.01,74.09,927.3,1.38,11.23,1.71,NASA POWER Daily API,55.16
20251212,Luis Eduardo Magalhaes - BA,-12.0956,-45.7866,transporte,garoa,79.34,4.75,103.99,20.96,3.2,0.25,0,4.0,1.0,25.21,74.58,926.5,8.46,4.08,1.4,NASA POWER Daily API,64.45
20251213,Luis Eduardo Magalhaes - BA,-12.0956,-45.7866,proximidade_agua,garoa,93.12,5.29,224.88,5.21,1.2,4.97,0,4.0,2.0,25.09,77.48,926.8,4.81,11.99,1.48,NASA POWER Daily API,53.63
20251214,Luis Eduardo Magalhaes - BA,-12.0956,-45.7866,campo,garoa,69.72,5.38,266.63,14.48,2.2,0.35,0,4.0,0.0,25.52,73.03,926.7,3.11,2.61,2.3,NASA POWER Daily API,52.06
20251215,Luis Eduardo Magalhaes - BA,-12.0956,-45.7866,transporte,garoa,47.5,3.45,368.05,9.05,2.2,0.65,0,4.0,1.0,25.7,69.19,926.7,1.28,2.76,2.56,NASA POWER Daily API,48.86
20251216,Luis Eduardo Magalhaes - BA,-12.0956,-45.7866,campo,garoa,43.51,7.54,307.0,9.76,2.2,0.35,0,4.0,0.0,25.85,69.57,926.6,52.25,3.36,2.05,NASA POWER Daily API,40.57
20251217,Luis Eduardo Magalhaes - BA,-12.0956,-45.7866,campo,garoa,48.43,7.79,378.8,9.69,3.2,2.48,0,4.0,0.0,23.55,80.3,926.2,19.47,5.07,2.85,NASA POWER Daily API,46.42
20251218,Luis Eduardo Magalhaes - BA,-12.0956,-45.7866,proximidade_agua,chuva,65.01,0.0,521.45,7.83,1.2,9.44,0,2.0,2.0,24.82,73.76,926.1,3.5,2.34,1.82,NASA POWER Daily API,51.71
20251219,Luis Eduardo Magalhaes - BA,-12.0956,-45.7866,campo,garoa,49.98,3.15,386.9,13.93,2.2,0.74,0,4.0,0.0,25.37,71.0,926.5,10.55,1.74,2.79,NASA POWER Daily API,43.49
20251220,Luis Eduardo Magalhaes - BA,-12.0956,-45.7866,manutencao,garoa,51.43,10.16,273.7,16.07,1.2,2.66,0,4.0,3.0,25.33,68.37,926.9,5.01,2.73,2.47,NASA POWER Daily API,53.61
20251221,Luis Eduardo Magalhaes - BA,-12.0956,-45.7866,manutencao,chuva,82.35,0.0,310.23,0.0,2.2,7.57,1,2.0,3.0,23.96,75.66,927.1,12.61,3.39,2.16,NASA POWER Daily API,59.43
20251222,Luis Eduardo Magalhaes - BA,-12.0956,-45.7866,proximidade_agua,garoa,74.66,1.98,162.71,9.23,1.2,4.39,0,4.0,2.0,23.71,72.3,927.5,18.04,7.1,3.32,NASA POWER Daily API,49.04
20251223,Luis Eduardo Magalhaes - BA,-12.0956,-45.7866,proximidade_agua,garoa,85.15,6.23,377.15,0.63,1.2,4.17,0,4.0,2.0,23.26,70.14,928.1,1.58,5.95,3.1,NASA POWER Daily API,51.65
20251224,Luis Eduardo Magalhaes - BA,-12.0956,-45.7866,campo,garoa,75.37,2.06,342.96,13.57,1.2,0.01,0,4.0,0.0,24.53,61.81,927.0,2.14,10.21,2.77,NASA POWER Daily API,52.64
20251225,Luis Eduardo Magalhaes - BA,-12.0956,-45.7866,transporte,garoa,54.6,7.07,268.26,19.31,1.2,0.37,0,4.0,1.0,25.36,60.06,927.7,7.87,5.28,1.93,NASA POWER Daily API,53.13
20251226,Luis Eduardo Magalhaes - BA,-12.0956,-45.7866,proximidade_agua,sol,55.98,1.13,168.25,12.49,2.2,0.0,0,0.0,2.0,25.67,61.66,928.3,10.1,2.99,2.41,NASA POWER Daily API,44.54
20251227,Luis Eduardo Magalhaes - BA,-12.0956,-45.7866,campo,sol,47.39,0.0,315.67,17.87,1.2,0.0,0,0.0,0.0,27.14,54.87,928.0,4.35,2.85,2.28,NASA POWER Daily API,41.37
20251228,Luis Eduardo Magalhaes - BA,-12.0956,-45.7866,campo,garoa,37.57,3.89,213.37,16.07,2.2,0.31,0,4.0,0.0,28.7,50.5,926.6,6.65,4.63,1.69,NASA POWER Daily API,42.81
20251229,Luis Eduardo Magalhaes - BA,-12.0956,-45.7866,proximidade_agua,garoa,28.02,7.07,385.15,2.73,1.2,0.05,0,4.0,2.0,28.62,54.85,926.6,21.23,4.09,1.96,NASA POWER Daily API,28.21
20251230,Luis Eduardo Magalhaes - BA,-12.0956,-45.7866,campo,garoa,31.69,6.32,336.47,12.96,1.2,1.5,0,4.0,0.0,28.7,55.5,927.9,5.68,2.68,1.49,NASA POWER Daily API,38.59
20251231,Luis Eduardo Magalhaes - BA,-12.0956,-45.7866,campo,garoa,32.14,4.35,338.72,8.2,2.2,0.55,0,4.0,0.0,27.84,57.92,928.8,24.9,7.91,1.81,NASA POWER Daily API,31.9
20240101,Petrolina - PE,-9.3891,-40.503,transporte,chuva,55.65,0.61,7.9,25.71,1.6,8.79,0,2.0,1.0,27.11,74.18,960.7,19.84,3.44,3.03,NASA POWER Daily API,90.39
20240102,Petrolina - PE,-9.3891,-40.503,campo,garoa,55.42,3.81,244.97,13.78,2.6,3.8,0,4.0,0.0,25.57,83.39,960.4,3.32,11.11,2.89,NASA POWER Daily API,47.05
20240103,Petrolina - PE,-9.3891,-40.503,manutencao,chuva,60.84,1.65,433.06,10.75,1.6,5.82,0,2.0,3.0,27.6,73.54,961.2,16.14,6.58,1.64,NASA POWER Daily API,46.89
20240104,Petrolina - PE,-9.3891,-40.503,proximidade_agua,garoa,62.37,3.19,244.52,0.9,1.6,0.94,0,4.0,2.0,29.37,66.69,960.6,4.83,2.51,2.2,NASA POWER Daily API,31.52
20240105,Petrolina - PE,-9.3891,-40.503,campo,garoa,55.1,0.44,296.1,16.34,3.6,0.39,0,4.0,0.0,29.7,62.98,959.9,6.27,12.66,2.19,NASA POWER Daily API,45.53
20240106,Petrolina - PE,-9.3891,-40.503,transporte,garoa,64.13,2.53,363.6,17.56,1.6,0.38,0,4.0,1.0,30.32,59.62,959.6,7.23,10.08,2.27,NASA POWER Daily API,47.67
20240107,Petrolina - PE,-9.3891,-40.503,campo,garoa,56.42,5.04,155.22,13.4,1.6,1.0,0,4.0,0.0,30.57,52.78,960.1,29.9,6.24,3.94,NASA POWER Daily API,43.36
20240108,Petrolina - PE,-9.3891,-40.503,manutencao,garoa,30.43,5.26,214.91,1.52,1.6,0.07,0,4.0,3.0,28.79,50.81,960.8,1.75,6.93,3.64,NASA POWER Daily API,26.06
20240109,Petrolina - PE,-9.3891,-40.503,campo,garoa,26.18,2.9,215.98,3.04,2.6,0.05,0,4.0,0.0,29.77,51.62,961.0,50.64,6.51,4.03,NASA POWER Daily API,20.34
20240110,Petrolina - PE,-9.3891,-40.503,campo,garoa,29.78,7.11,190.49,15.82,1.6,0.14,0,4.0,0.0,30.12,53.75,960.5,30.0,7.69,4.32,NASA POWER Daily API,39.75
20240111,Petrolina - PE,-9.3891,-40.503,proximidade_agua,garoa,29.65,0.0,178.06,11.0,1.6,0.44,0,4.0,2.0,29.35,55.94,960.4,24.38,5.13,4.53,NASA POWER Daily API,30.5
20240112,Petrolina - PE,-9.3891,-40.503,campo,garoa,28.14,1.92,227.86,12.47,1.6,0.05,0,4.0,0.0,29.74,45.95,959.8,22.25,3.43,3.97,NASA POWER Daily API,29.55
20240113,Petrolina - PE,-9.3891,-40.503,campo,sol,16.43,0.0,356.12,7.95,1.6,0.0,0,0.0,0.0,29.31,45.31,961.2,0.84,11.67,4.04,NASA POWER Daily API,30.31
20240114,Petrolina - PE,-9.3891,-40.503,campo,garoa,26.21,0.0,348.86,11.42,1.6,0.24,0,4.0,0.0,29.38,52.08,962.8,2.81,12.55,4.33,NASA POWER Daily API,31.81
20240115,Petrolina - PE,-9.3891,-40.503,transporte,garoa,17.66,1.61,233.86,19.67,2.6,0.14,0,4.0,1.0,30.37,50.44,962.6,3.88,5.64,4.32,NASA POWER Daily API,37.3
20240116,Petrolina - PE,-9.3891,-40.503,transporte,garoa,19.75,9.63,188.48,25.07,1.6,0.1,0,4.0,1.0,30.85,47.68,961.8,1.9,1.98,5.54,NASA POWER Daily API,56.91
20240117,Petrolina - PE,-9.3891,-40.503,transporte,garoa,26.31,0.0,155.41,20.74,2.6,0.01,0,4.0,1.0,29.74,45.16,962.1,2.19,5.87,5.22,NASA POWER Daily API,45.42
20240118,Petrolina - PE,-9.3891,-40.503,transporte,garoa,22.73,3.08,140.27,20.41,2.6,0.05,0,4.0,1.0,30.6,47.2,961.6,5.54,6.06,4.48,NASA POWER Daily API,41.2
20240119,Petrolina - PE,-9.3891,-40.503,campo,garoa,9.11,0.95,169.92,14.52,1.6,0.01,0,4.0,0.0,31.45,45.91,961.2,8.39,2.56,3.04,NASA POWER Daily API,25.33
20240120,Petrolina - PE,-9.3891,-40.503,transporte,garoa,21.39,5.42,335.58,25.07,1.6,1.55,0,4.0,1.0,32.05,43.7,960.4,7.38,11.2,2.21,NASA POWER Daily API,48.39
20240121,Petrolina - PE,-9.3891,-40.503,transporte,chuva,38.36,2.22,48.84,24.11,1.6,5.11,0,2.0,1.0,30.75,54.93,961.4,0.78,8.59,2.52,NASA POWER Daily API,81.12
20240122,Petrolina - PE,-9.3891,-40.503,campo,garoa,35.21,3.24,114.63,12.1,3.6,0.13,0,4.0,0.0,31.94,50.0,960.8,10.72,11.29,1.93,NASA POWER Daily API,36.95
20240123,Petrolina - PE,-9.3891,-40.503,campo,garoa,37.7,5.04,159.14,10.38,1.6,1.84,0,4.0,0.0,28.44,64.95,961.2,6.56,3.79,1.79,NASA POWER Daily API,34.77
20240124,Petrolina - PE,-9.3891,-40.503,proximidade_agua,chuva,70.64,1.82,282.54,9.17,1.6,8.44,0,2.0,2.0,27.36,74.72,960.1,5.91,4.09,2.22,NASA POWER Daily API,54.52
20240125,Petrolina - PE,-9.3891,-40.503,manutencao,chuva,94.52,4.09,160.55,7.68,3.6,14.49,1,2.0,3.0,25.64,82.23,960.7,4.99,2.26,3.32,NASA POWER Daily API,84.26
20240126,Petrolina - PE,-9.3891,-40.503,proximidade_agua,chuva,100.0,0.67,182.41,0.65,3.6,16.94,1,2.0,2.0,27.45,72.94,960.9,19.91,4.33,2.54,NASA POWER Daily API,79.85
20240127,Petrolina - PE,-9.3891,-40.503,campo,chuva,100.0,3.72,195.33,13.11,1.6,15.44,1,2.0,0.0,25.92,81.22,962.1,7.55,4.67,2.54,NASA POWER Daily API,88.9
20240128,Petrolina - PE,-9.3891,-40.503,campo,garoa,100.0,5.77,283.42,15.65,1.6,2.89,0,4.0,0.0,25.54,75.73,963.3,14.47,5.96,2.89,NASA POWER Daily API,61.81
20240129,Petrolina - PE,-9.3891,-40.503,campo,garoa,100.0,10.34,196.7,10.32,1.6,0.21,0,4.0,0.0,26.46,71.74,963.2,4.42,5.35,3.78,NASA POWER Daily API,57.4
20240130,Petrolina - PE,-9.3891,-40.503,proximidade_agua,garoa,100.0,2.8,395.92,8.19,2.6,0.15,0,4.0,2.0,27.1,67.5,962.5,1.97,12.56,3.37,NASA POWER Daily API,58.91
20240131,Petrolina - PE,-9.3891,-40.503,manutencao,garoa,100.0,7.66,185.31,6.06,1.6,0.07,0,4.0,3.0,27.65,61.66,961.8,13.34,2.86,4.21,NASA POWER Daily API,49.12
20240201,Petrolina - PE,-9.3891,-40.503,campo,garoa,77.8,0.0,141.17,12.57,1.6,0.07,0,4.0,0.0,27.01,56.8,962.0,3.58,5.17,4.62,NASA POWER Daily API,42.56
20240202,Petrolina - PE,-9.3891,-40.503,campo,garoa,63.52,2.67,323.29,4.29,2.6,0.74,0,4.0,0.0,27.17,61.77,961.8,6.48,3.68,5.43,NASA POWER Daily API,33.52
20240203,Petrolina - PE,-9.3891,-40.503,campo,garoa,37.11,0.0,289.54,13.4,2.6,0.25,0,4.0,0.0,26.77,62.8,962.5,7.84,12.33,5.2,NASA POWER Daily API,33.71
20240204,Petrolina - PE,-9.3891,-40.503,transporte,garoa,23.45,1.61,132.71,10.47,1.6,0.18,0,4.0,1.0,27.27,60.49,962.0,8.28,9.98,5.71,NASA POWER Daily API,25.42
20240205,Petrolina - PE,-9.3891,-40.503,campo,garoa,22.75,0.45,150.21,0.38,2.6,0.06,0,4.0,0.0,28.31,62.18,961.8,5.81,2.47,5.59,NASA POWER Daily API,13.42
20240206,Petrolina - PE,-9.3891,-40.503,campo,garoa,26.16,5.46,214.46,14.84,1.6,0.17,0,4.0,0.0,28.56,60.14,962.8,9.25,2.95,4.98,NASA POWER Daily API,35.73
20240207,Petrolina - PE,-9.3891,-40.503,campo,garoa,20.99,4.93,205.25,0.0,1.6,0.05,0,4.0,0.0,28.92,59.2,961.6,18.64,3.17,4.02,NASA POWER Daily API,14.96
20240208,Petrolina - PE,-9.3891,-40.503,proximidade_agua,garoa,30.36,0.0,396.0,6.93,3.6,1.26,0,4.0,2.0,28.69,61.94,961.0,8.62,2.79,3.74,NASA POWER Daily API,30.71
20240209,Petrolina - PE,-9.3891,-40.503,transporte,chuva,48.81,4.65,217.95,14.97,2.6,5.0,0,2.0,1.0,27.19,69.2,961.6,5.06,2.73,4.68,NASA POWER Daily API,53.08
20240210,Petrolina - PE,-9.3891,-40.503,transporte,chuva,66.97,2.2,330.78,22.25,2.6,10.12,0,2.0,1.0,25.02,74.07,963.3,2.47,8.88,5.53,NASA POWER Daily API,75.92
20240211,Petrolina - PE,-9.3891,-40.503,campo,garoa,60.38,6.77,181.92,8.15,1.6,1.07,0,4.0,0.0,27.06,68.71,963.2,13.0,4.25,5.8,NASA POWER Daily API,39.87
20240212,Petrolina - PE,-9.3891,-40.503,campo,garoa,53.71,4.04,181.7,11.9,3.6,0.23,0,4.0,0.0,27.51,64.96,962.7,9.31,3.49,6.54,NASA POWER Daily API,43.19
20240213,Petrolina - PE,-9.3891,-40.503,transporte,garoa,54.0,0.0,282.77,21.82,1.6,0.41,0,4.0,1.0,27.82,64.33,962.9,7.51,5.48,5.66,NASA POWER Daily API,47.3
20240214,Petrolina - PE,-9.3891,-40.503,campo,garoa,58.87,6.06,257.1,11.84,1.6,0.09,0,4.0,0.0,28.12,60.74,963.3,6.88,2.44,4.0,NASA POWER Daily API,42.35
20240215,Petrolina - PE,-9.3891,-40.503,campo,garoa,57.99,3.38,440.12,11.19,2.6,2.24,0,4.0,0.0,28.58,65.79,963.0,13.3,5.78,2.72,NASA POWER Daily API,42.65
20240216,Petrolina - PE,-9.3891,-40.503,campo,garoa,48.8,1.71,158.31,10.85,4.6,0.9,0,4.0,0.0,27.46,70.62,963.0,5.94,2.91,3.01,NASA POWER Daily API,40.74
20240217,Petrolina - PE,-9.3891,-40.503,campo,chuva,66.79,2.8,196.17,5.82,3.6,12.16,0,2.0,0.0,27.47,70.0,961.6,8.08,4.77,2.25,NASA POWER Daily API,54.04
20240218,Petrolina - PE,-9.3891,-40.503,proximidade_agua,chuva,91.4,4.15,168.99,1.41,1.6,14.15,1,2.0,2.0,26.2,78.96,961.6,3.89,2.44,3.24,NASA POWER Daily API,74.92
20240219,Petrolina - PE,-9.3891,-40.503,proximidade_agua,chuva,100.0,7.08,277.4,4.56,1.6,10.56,1,2.0,2.0,26.52,76.32,960.5,8.87,2.05,2.32,NASA POWER Daily API,81.11
20240220,Petrolina - PE,-9.3891,-40.503,campo,chuva,100.0,0.0,355.85,5.11,1.6,10.35,1,2.0,0.0,26.49,78.46,959.8,6.54,3.82,1.65,NASA POWER Daily API,70.17
20240221,Petrolina - PE,-9.3891,-40.503,campo,tempestade,100.0,4.22,257.07,2.14,1.6,30.49,1,3.0,0.0,24.63,89.59,960.3,2.71,2.61,1.81,NASA POWER Daily API,100.0
20240222,Petrolina - PE,-9.3891,-40.503,transporte,chuva,100.0,1.69,261.7,18.61,2.6,17.53,1,2.0,1.0,25.58,80.56,961.7,9.69,3.59,1.63,NASA POWER Daily API,97.78
20240223,Petrolina - PE,-9.3891,-40.503,campo,garoa,100.0,1.98,409.8,18.4,2.6,2.59,0,4.0,0.0,25.57,80.67,962.8,6.2,3.56,3.48,NASA POWER Daily API,63.13
20240224,Petrolina - PE,-9.3891,-40.503,campo,garoa,100.0,0.0,284.64,16.18,1.6,0.21,0,4.0,0.0,25.65,75.26,963.3,6.53,6.63,5.38,NASA POWER Daily API,53.86
20240225,Petrolina - PE,-9.3891,-40.503,transporte,garoa,100.0,3.08,411.27,20.38,2.6,0.04,0,4.0,1.0,25.61,76.08,962.8,10.82,3.45,5.29,NASA POWER Daily API,64.34
20240226,Petrolina - PE,-9.3891,-40.503,campo,garoa,100.0,2.81,124.24,11.6,1.6,0.01,0,4.0,0.0,25.95,70.99,961.4,6.96,6.49,5.09,NASA POWER Daily API,50.9
20240227,Petrolina - PE,-9.3891,-40.503,proximidade_agua,garoa,100.0,1.44,342.73,18.49,2.6,1.41,0,4.0,2.0,26.73,72.03,960.7,0.73,8.15,4.85,NASA POWER Daily API,77.55
20240228,Petrolina - PE,-9.3891,-40.503,transporte,garoa,65.52,0.0,398.29,25.81,2.6,0.29,0,4.0,1.0,26.78,70.48,961.6,7.76,7.78,4.16,NASA POWER Daily API,57.78
20240229,Petrolina - PE,-9.3891,-40.503,campo,garoa,28.25,0.0,161.45,9.02,1.6,0.68,0,4.0,0.0,27.17,73.5,962.0,5.79,4.88,1.86,NASA POWER Daily API,23.84
20240301,Petrolina - PE,-9.3891,-40.503,campo,garoa,27.53,3.13,183.92,11.97,1.6,0.4,0,4.0,0.0,28.41,68.56,961.2,35.08,4.9,1.86,NASA POWER Daily API,30.33
20240302,Petrolina - PE,-9.3891,-40.503,campo,garoa,37.04,5.21,319.51,15.14,2.6,0.85,0,4.0,0.0,29.03,67.84,960.4,5.18,5.85,1.55,NASA POWER Daily API,41.9
20240303,Petrolina - PE,-9.3891,-40.503,transporte,chuva,80.62,4.26,112.18,26.62,1.6,14.94,1,2.0,1.0,27.23,75.96,960.6,4.38,2.65,2.51,NASA POWER Daily API,100.0
20240304,Petrolina - PE,-9.3891,-40.503,transporte,chuva,77.63,5.56,320.87,15.12,3.6,7.94,0,2.0,1.0,26.12,81.16,961.4,9.19,6.08,3.67,NASA POWER Daily API,67.81
20240305,Petrolina - PE,-9.3891,-40.503,proximidade_agua,garoa,70.58,5.69,146.05,11.57,1.6,1.74,0,4.0,2.0,26.8,74.97,962.1,32.76,3.72,2.98,NASA POWER Daily API,50.7
20240306,Petrolina - PE,-9.3891,-40.503,transporte,garoa,75.51,0.0,300.99,16.48,1.6,0.38,0,4.0,1.0,27.29,71.46,962.4,3.91,12.03,3.88,NASA POWER Daily API,47.05
20240307,Petrolina - PE,-9.3891,-40.503,campo,garoa,72.1,1.0,322.74,22.41,1.6,0.28,0,4.0,0.0,27.95,68.01,962.6,8.44,4.01,4.96,NASA POWER Daily API,54.4
20240308,Petrolina - PE,-9.3891,-40.503,campo,garoa,67.35,5.9,196.19,22.08,1.6,0.11,0,4.0,0.0,27.63,66.22,961.9,10.57,4.92,6.01,NASA POWER Daily API,57.54
20240309,Petrolina - PE,-9.3891,-40.503,campo,garoa,68.89,3.19,248.62,13.82,1.6,0.12,0,4.0,0.0,28.04,66.2,961.0,0.53,13.68,4.42,NASA POWER Daily API,56.85
20240310,Petrolina - PE,-9.3891,-40.503,proximidade_agua,garoa,34.26,3.15,346.56,12.11,1.6,0.19,0,4.0,2.0,27.82,62.27,961.5,10.52,1.62,3.68,NASA POWER Daily API,36.34
20240311,Petrolina - PE,-9.3891,-40.503,campo,garoa,37.1,7.69,99.61,6.51,2.6,0.12,0,4.0,0.0,28.25,69.65,962.2,34.16,3.32,3.17,NASA POWER Daily API,33.05
20240312,Petrolina - PE,-9.3891,-40.503,campo,garoa,46.95,1.23,287.4,9.85,1.6,0.95,0,4.0,0.0,28.78,67.52,962.7,3.24,3.12,2.91,NASA POWER Daily API,32.03
20240313,Petrolina - PE,-9.3891,-40.503,transporte,garoa,42.25,2.03,274.7,26.96,1.6,4.56,0,4.0,1.0,27.81,73.41,962.5,2.89,4.98,3.36,NASA POWER Daily API,62.28
20240314,Petrolina - PE,-9.3891,-40.503,manutencao,garoa,38.02,6.41,236.84,8.52,2.6,2.33,0,4.0,3.0,27.83,73.79,961.6,1.92,4.9,3.69,NASA POWER Daily API,42.59
20240315,Petrolina - PE,-9.3891,-40.503,campo,garoa,45.53,0.87,157.5,11.05,1.6,0.63,0,4.0,0.0,27.53,72.54,960.5,4.26,2.96,4.04,NASA POWER Daily API,32.42
20240316,Petrolina - PE,-9.3891,-40.503,transporte,garoa,36.2,1.55,136.65,16.99,2.6,0.02,0,4.0,1.0,28.21,61.5,959.9,2.28,1.43,4.08,NASA POWER Daily API,45.34
20240317,Petrolina - PE,-9.3891,-40.503,campo,garoa,46.19,3.91,328.83,14.34,2.6,0.32,0,4.0,0.0,28.68,62.74,960.5,45.3,3.89,3.65,NASA POWER Daily API,41.78
20240318,Petrolina - PE,-9.3891,-40.503,transporte,garoa,39.95,3.17,278.85,21.04,2.6,0.2,0,4.0,1.0,29.01,60.96,960.0,12.38,3.44,3.08,NASA POWER Daily API,47.39
20240319,Petrolina - PE,-9.3891,-40.503,manutencao,garoa,42.64,8.12,111.67,10.77,1.6,1.5,0,4.0,3.0,29.23,63.1,958.8,4.04,8.15,3.37,NASA POWER Daily API,39.73
20240320,Petrolina - PE,-9.3891,-40.503,campo,garoa,48.25,4.66,170.86,14.26,3.6,0.68,0,4.0,0.0,29.15,61.46,959.2,10.87,5.52,3.43,NASA POWER Daily API,45.63
20240321,Petrolina - PE,-9.3891,-40.503,transporte,garoa,36.87,0.0,238.29,15.83,1.6,0.12,0,4.0,1.0,29.21,62.31,959.9,3.33,3.52,3.13,NASA POWER Daily API,34.41
20240322,Petrolina - PE,-9.3891,-40.503,transporte,garoa,31.88,4.74,195.23,26.11,2.6,0.2,0,4.0,1.0,29.44,60.21,960.1,5.33,5.08,3.53,NASA POWER Daily API,52.96
20240323,Petrolina - PE,-9.3891,-40.503,campo,garoa,36.86,2.68,132.05,7.62,2.6,0.52,0,4.0,0.0,29.2,59.16,960.2,3.99,2.35,4.44,NASA POWER Daily API,29.48
20240324,Petrolina - PE,-9.3891,-40.503,campo,garoa,28.86,4.81,182.13,11.45,1.6,0.04,0,4.0,0.0,28.67,52.84,960.2,18.51,10.29,5.65,NASA POWER Daily API,31.5
20240325,Petrolina - PE,-9.3891,-40.503,transporte,garoa,38.72,8.8,316.12,16.26,2.6,0.73,0,4.0,1.0,28.51,61.05,959.5,69.84,2.9,4.12,NASA POWER Daily API,47.5
20240326,Petrolina - PE,-9.3891,-40.503,transporte,garoa,37.97,4.47,55.72,14.67,3.6,0.56,0,4.0,1.0,29.38,61.42,960.6,7.93,2.21,3.34,NASA POWER Daily API,52.98
20240327,Petrolina - PE,-9.3891,-40.503,campo,garoa,27.37,5.52,349.3,6.75,1.6,0.45,0,4.0,0.0,29.52,58.99,961.3,9.62,4.3,5.2,NASA POWER Daily API,26.31
20240328,Petrolina - PE,-9.3891,-40.503,campo,garoa,24.41,3.18,198.47,22.46,1.6,0.02,0,4.0,0.0,29.99,56.72,961.8,14.99,13.31,5.71,NASA POWER Daily API,42.2
20240329,Petrolina - PE,-9.3891,-40.503,proximidade_agua,garoa,28.54,0.0,58.9,4.43,1.6,0.3,0,4.0,2.0,29.37,56.48,962.0,4.55,4.2,6.25,NASA POWER Daily API,31.15
20240330,Petrolina - PE,-9.3891,-40.503,campo,sol,20.89,4.13,333.13,17.99,1.6,0.0,0,0.0,0.0,29.62,56.23,961.3,17.27,3.41,4.59,NASA POWER Daily API,36.53
20240331,Petrolina - PE,-9.3891,-40.503,manutencao,garoa,29.6,1.93,122.57,11.74,2.6,0.1,0,4.0,3.0,29.97,57.53,961.1,20.19,6.66,2.37,NASA POWER Daily API,31.27
20240401,Petrolina - PE,-9.3891,-40.503,campo,garoa,25.72,0.0,263.77,14.55,2.6,2.37,0,4.0,0.0,29.66,59.35,960.7,4.57,5.58,1.82,NASA POWER Daily API,33.75
20240402,Petrolina - PE,-9.3891,-40.503,proximidade_agua,chuva,84.06,0.0,237.79,0.0,1.6,17.81,1,2.0,2.0,27.2,75.23,961.3,8.75,6.83,1.74,NASA POWER Daily API,70.08
20240403,Petrolina - PE,-9.3891,-40.503,campo,chuva,91.51,0.0,229.29,2.0,2.6,12.14,1,2.0,0.0,25.96,82.86,961.2,61.71,2.92,1.76,NASA POWER Daily API,67.58
20240404,Petrolina - PE,-9.3891,-40.503,campo,tempestade,100.0,2.46,245.64,12.42,3.6,28.78,1,3.0,0.0,26.31,81.53,961.7,4.12,7.08,2.19,NASA POWER Daily API,100.0
20240405,Petrolina - PE,-9.3891,-40.503,campo,garoa,100.0,3.37,282.72,12.98,1.6,2.74,0,4.0,0.0,26.26,80.15,961.3,3.43,2.09,2.93,NASA POWER Daily API,55.81
20240406,Petrolina - PE,-9.3891,-40.503,campo,garoa,100.0,2.63,298.94,4.64,1.6,0.27,0,4.0,0.0,26.68,73.47,960.9,7.99,1.91,3.19,NASA POWER Daily API,42.26
20240407,Petrolina - PE,-9.3891,-40.503,campo,garoa,100.0,1.06,200.53,10.13,2.6,0.34,0,4.0,0.0,27.02,72.59,961.3,7.29,3.59,4.36,NASA POWER Daily API,49.69
20240408,Petrolina - PE,-9.3891,-40.503,campo,garoa,100.0,5.62,221.97,3.32,1.6,0.1,0,4.0,0.0,27.69,70.59,961.2,17.91,3.4,4.66,NASA POWER Daily API,43.59
20240409,Petrolina - PE,-9.3891,-40.503,proximidade_agua,garoa,100.0,5.02,47.39,14.3,1.6,1.71,0,4.0,2.0,27.75,73.0,961.0,10.49,5.85,3.45,NASA POWER Daily API,74.99
20240410,Petrolina - PE,-9.3891,-40.503,campo,garoa,82.48,0.0,257.5,5.77,3.6,0.12,0,4.0,0.0,27.73,71.37,960.0,3.89,5.97,3.07,NASA POWER Daily API,39.81
20240411,Petrolina - PE,-9.3891,-40.503,transporte,garoa,35.79,4.45,235.76,18.48,1.6,0.75,0,4.0,1.0,28.05,69.35,960.3,1.81,17.69,3.5,NASA POWER Daily API,48.88
20240412,Petrolina - PE,-9.3891,-40.503,campo,garoa,41.99,6.6,255.49,10.25,1.6,1.46,0,4.0,0.0,27.78,70.48,960.9,2.32,16.29,4.71,NASA POWER Daily API,43.27
20240413,Petrolina - PE,-9.3891,-40.503,campo,garoa,37.39,0.0,283.96,10.7,5.6,0.4,0,4.0,0.0,27.68,67.71,960.6,3.95,2.86,5.18,NASA POWER Daily API,37.01
20240414,Petrolina - PE,-9.3891,-40.503,transporte,garoa,27.42,0.0,252.6,28.38,1.6,0.07,0,4.0,1.0,27.57,63.12,960.1,5.2,5.27,4.76,NASA POWER Daily API,47.21
20240415,Petrolina - PE,-9.3891,-40.503,transporte,garoa,25.41,5.57,245.84,20.64,2.6,0.13,0,4.0,1.0,28.02,64.11,960.4,31.11,3.75,4.75,NASA POWER Daily API,44.99
20240416,Petrolina - PE,-9.3891,-40.503,campo,chuva,61.25,0.0,216.93,10.78,1.6,7.32,0,2.0,0.0,27.71,71.65,961.2,1.69,2.58,4.56,NASA POWER Daily API,52.74
20240417,Petrolina - PE,-9.3891,-40.503,proximidade_agua,garoa,60.68,1.66,150.89,0.0,2.6,2.92,0,4.0,2.0,27.59,73.23,960.6,0.51,1.31,4.54,NASA POWER Daily API,44.31
20240418,Petrolina - PE,-9.3891,-40.503,transporte,garoa,55.85,1.47,227.2,17.65,1.6,1.97,0,4.0,1.0,27.75,72.69,960.3,3.14,4.92,4.63,NASA POWER Daily API,45.67
20240419,Petrolina - PE,-9.3891,-40.503,proximidade_agua,garoa,45.92,0.0,215.08,11.6,1.6,0.15,0,4.0,2.0,27.01,70.18,961.2,5.28,9.88,4.37,NASA POWER Daily API,35.86
20240420,Petrolina - PE,-9.3891,-40.503,campo,sol,54.89,10.22,235.06,6.79,2.6,0.0,0,0.0,0.0,26.72,63.68,962.3,29.02,2.78,5.2,NASA POWER Daily API,41.28
20240421,Petrolina - PE,-9.3891,-40.503,transporte,garoa,43.88,2.53,216.26,20.7,1.6,0.12,0,4.0,1.0,27.23,67.1,961.0,11.6,3.91,4.22,NASA POWER Daily API,45.25
20240422,Petrolina - PE,-9.3891,-40.503,campo,garoa,46.67,0.21,241.87,1.11,2.6,0.32,0,4.0,0.0,27.79,65.44,960.7,2.45,4.01,4.08,NASA POWER Daily API,27.5
20240423,Petrolina - PE,-9.3891,-40.503,campo,garoa,44.25,1.29,274.5,5.2,2.6,0.44,0,4.0,0.0,27.62,68.33,961.6,31.52,9.55,3.83,NASA POWER Daily API,27.14
20240424,Petrolina - PE,-9.3891,-40.503,transporte,garoa,27.48,7.35,201.08,21.01,1.6,0.05,0,4.0,1.0,28.09,64.9,961.3,49.04,3.54,3.82,NASA POWER Daily API,45.71
20240425,Petrolina - PE,-9.3891,-40.503,campo,garoa,31.39,4.82,367.7,2.89,1.6,0.76,0,4.0,0.0,27.9,67.25,961.3,3.16,6.33,4.5,NASA POWER Daily API,22.25
20240426,Petrolina - PE,-9.3891,-40.503,campo,garoa,29.84,1.33,247.32,6.22,2.6,0.39,0,4.0,0.0,28.14,68.08,960.2,14.83,2.4,5.24,NASA POWER Daily API,24.08
20240427,Petrolina - PE,-9.3891,-40.503,campo,garoa,28.89,2.05,346.99,15.76,1.6,0.42,0,4.0,0.0,27.69,67.54,960.5,4.68,8.06,5.64,NASA POWER Daily API,34.36
20240428,Petrolina - PE,-9.3891,-40.503,transporte,garoa,31.06,1.06,215.41,22.6,3.6,0.34,0,4.0,1.0,27.64,62.89,960.7,13.12,4.73,5.78,NASA POWER Daily API,46.74
20240429,Petrolina - PE,-9.3891,-40.503,campo,garoa,25.26,7.87,165.99,21.73,2.6,0.21,0,4.0,0.0,27.43,63.24,961.6,1.68,4.4,5.58,NASA POWER Daily API,54.79
20240430,Petrolina - PE,-9.3891,-40.503,proximidade_agua,garoa,23.03,6.86,125.66,4.69,1.6,0.01,0,4.0,2.0,27.71,63.93,961.8,21.82,8.67,5.07,NASA POWER Daily API,27.42
20240501,Petrolina - PE,-9.3891,-40.503,campo,garoa,26.21,7.32,162.43,8.59,3.6,0.08,0,4.0,0.0,27.97,63.44,960.8,3.33,5.63,4.93,NASA POWER Daily API,34.1
20240502,Petrolina - PE,-9.3891,-40.503,campo,garoa,31.72,0.0,173.1,9.05,1.6,0.36,0,4.0,0.0,27.91,65.31,960.0,11.93,4.52,5.21,NASA POWER Daily API,24.61
20240503,Petrolina - PE,-9.3891,-40.503,campo,garoa,34.39,8.74,227.62,4.78,2.6,0.27,0,4.0,0.0,27.98,65.72,960.0,4.85,3.09,5.95,NASA POWER Daily API,31.32
20240504,Petrolina - PE,-9.3891,-40.503,transporte,garoa,30.51,0.0,227.05,19.36,1.6,0.28,0,4.0,1.0,27.17,65.2,962.0,2.74,8.67,6.77,NASA POWER Daily API,43.06
20240505,Petrolina - PE,-9.3891,-40.503,transporte,garoa,30.37,5.33,243.55,24.5,2.6,0.3,0,4.0,1.0,26.19,64.0,961.9,4.77,30.26,6.24,NASA POWER Daily API,52.43
20240506,Petrolina - PE,-9.3891,-40.503,campo,garoa,34.25,5.09,236.7,16.68,2.6,0.37,0,4.0,0.0,25.83,66.27,960.7,11.1,8.67,5.6,NASA POWER Daily API,42.41
20240507,Petrolina - PE,-9.3891,-40.503,manutencao,garoa,27.14,0.0,274.4,10.38,1.6,0.29,0,4.0,3.0,25.6,69.65,960.6,45.54,5.8,6.13,NASA POWER Daily API,24.83
20240508,Petrolina - PE,-9.3891,-40.503,transporte,garoa,33.75,5.98,263.11,27.39,2.6,0.96,0,4.0,1.0,26.26,70.22,961.5,3.66,6.71,5.93,NASA POWER Daily API,57.14
20240509,Petrolina - PE,-9.3891,-40.503,transporte,garoa,40.45,1.74,321.96,15.19,1.6,0.56,0,4.0,1.0,26.46,68.74,962.0,27.13,3.63,6.39,NASA POWER Daily API,36.92
20240510,Petrolina - PE,-9.3891,-40.503,campo,garoa,31.51,4.65,339.18,16.36,1.6,0.2,0,4.0,0.0,26.28,60.45,961.7,13.87,2.46,5.02,NASA POWER Daily API,38.42
20240511,Petrolina - PE,-9.3891,-40.503,proximidade_agua,garoa,27.57,2.94,324.93,7.91,2.6,0.5,0,4.0,2.0,27.66,65.88,961.0,12.83,3.68,4.43,NASA POWER Daily API,31.31
20240512,Petrolina - PE,-9.3891,-40.503,manutencao,garoa,27.13,4.22,266.72,11.48,2.6,0.64,0,4.0,3.0,27.3,64.52,961.4,30.91,1.42,4.7,NASA POWER Daily API,33.12
20240513,Petrolina - PE,-9.3891,-40.503,campo,garoa,23.22,0.25,163.82,11.66,1.6,0.35,0,4.0,0.0,27.8,63.07,961.9,17.46,5.73,3.86,NASA POWER Daily API,25.58
20240514,Petrolina - PE,-9.3891,-40.503,transporte,garoa,24.26,6.38,5.0,25.86,1.6,0.1,0,4.0,1.0,28.98,58.17,961.1,15.07,16.88,3.96,NASA POWER Daily API,75.49
20240515,Petrolina - PE,-9.3891,-40.503,transporte,garoa,30.72,3.43,250.75,13.76,1.6,0.01,0,4.0,1.0,28.38,55.14,961.4,10.28,3.39,5.43,NASA POWER Daily API,33.47
20240516,Petrolina - PE,-9.3891,-40.503,campo,garoa,21.4,1.73,311.67,16.4,2.6,0.11,0,4.0,0.0,26.67,59.3,962.9,18.63,3.48,5.66,NASA POWER Daily API,34.43
20240517,Petrolina - PE,-9.3891,-40.503,campo,garoa,33.19,0.0,112.25,5.51,2.6,0.08,0,4.0,0.0,26.59,59.29,963.6,4.49,11.38,5.88,NASA POWER Daily API,22.51
20240518,Petrolina - PE,-9.3891,-40.503,campo,garoa,22.83,3.53,213.94,8.4,2.6,0.7,0,4.0,0.0,27.17,63.47,963.2,1.94,1.98,4.62,NASA POWER Daily API,33.31
20240519,Petrolina - PE,-9.3891,-40.503,transporte,garoa,27.75,7.97,216.88,18.46,1.6,0.73,0,4.0,1.0,26.32,64.06,963.5,1.51,5.96,5.48,NASA POWER Daily API,49.9
20240520,Petrolina - PE,-9.3891,-40.503,proximidade_agua,garoa,31.05,0.93,245.03,6.38,1.6,0.03,0,4.0,2.0,26.55,55.15,963.7,5.82,5.72,4.63,NASA POWER Daily API,25.74
20240521,Petrolina - PE,-9.3891,-40.503,transporte,garoa,31.61,4.29,424.35,20.61,1.6,1.23,0,4.0,1.0,26.45,65.21,964.1,3.92,2.55,6.13,NASA POWER Daily API,44.36
20240522,Petrolina - PE,-9.3891,-40.503,campo,garoa,31.44,6.4,281.98,14.69,2.6,0.34,0,4.0,0.0,26.64,63.32,964.5,27.07,2.23,6.78,NASA POWER Daily API,40.43
20240523,Petrolina - PE,-9.3891,-40.503,transporte,garoa,32.94,3.31,352.11,22.27,2.6,0.05,0,4.0,1.0,26.39,62.43,964.0,15.27,5.07,5.48,NASA POWER Daily API,46.83
20240524,Petrolina - PE,-9.3891,-40.503,proximidade_agua,garoa,34.6,0.62,223.86,2.78,2.6,0.1,0,4.0,2.0,26.17,58.64,963.5,3.04,4.55,5.33,NASA POWER Daily API,24.19
20240525,Petrolina - PE,-9.3891,-40.503,manutencao,garoa,36.59,7.53,189.28,0.0,1.6,0.34,0,4.0,3.0,26.9,63.15,963.3,7.71,5.09,5.11,NASA POWER Daily API,22.65
20240526,Petrolina - PE,-9.3891,-40.503,transporte,garoa,26.35,0.98,199.76,21.18,1.6,0.21,0,4.0,1.0,26.06,58.1,964.2,34.87,6.18,6.19,NASA POWER Daily API,39.05
20240527,Petrolina - PE,-9.3891,-40.503,transporte,garoa,30.69,0.0,350.65,19.95,1.6,0.04,0,4.0,1.0,25.53,53.9,964.5,2.95,6.99,5.47,NASA POWER Daily API,43.62
20240528,Petrolina - PE,-9.3891,-40.503,transporte,garoa,24.84,0.0,193.05,16.43,1.6,0.11,0,4.0,1.0,26.33,55.62,964.6,5.73,1.15,4.78,NASA POWER Daily API,31.53
20240529,Petrolina - PE,-9.3891,-40.503,transporte,garoa,18.48,0.0,315.33,11.39,1.6,0.04,0,4.0,1.0,26.89,57.95,964.3,4.56,3.37,4.38,NASA POWER Daily API,23.26
20240530,Petrolina - PE,-9.3891,-40.503,campo,garoa,26.85,4.38,83.36,17.18,1.6,0.01,0,4.0,0.0,27.75,56.97,964.0,10.69,2.59,4.72,NASA POWER Daily API,39.57
20240531,Petrolina - PE,-9.3891,-40.503,manutencao,sol,19.37,1.31,212.92,2.83,2.6,0.0,0,0.0,3.0,27.02,58.57,964.7,80.0,8.25,6.29,NASA POWER Daily API,16.31
20240601,Petrolina - PE,-9.3891,-40.503,campo,garoa,18.28,0.0,204.76,20.01,1.6,0.22,0,4.0,0.0,25.83,61.75,965.4,3.85,3.59,6.47,NASA POWER Daily API,34.15
20240602,Petrolina - PE,-9.3891,-40.503,transporte,garoa,37.9,2.45,283.97,30.83,3.6,3.21,0,4.0,1.0,25.52,71.93,965.3,20.51,2.94,6.03,NASA POWER Daily API,63.27
20240603,Petrolina - PE,-9.3891,-40.503,campo,garoa,39.95,4.93,166.85,9.8,2.6,0.22,0,4.0,0.0,26.12,64.4,965.8,10.84,10.82,6.56,NASA POWER Daily API,35.21
20240604,Petrolina - PE,-9.3891,-40.503,campo,garoa,28.63,4.52,269.36,11.55,1.6,0.15,0,4.0,0.0,26.18,63.68,964.6,11.78,3.61,5.66,NASA POWER Daily API,31.35
20240605,Petrolina - PE,-9.3891,-40.503,campo,garoa,35.12,0.67,222.75,6.06,2.6,0.9,0,4.0,0.0,26.41,68.35,964.4,7.75,8.34,5.52,NASA POWER Daily API,25.26
20240606,Petrolina - PE,-9.3891,-40.503,campo,garoa,33.84,9.42,24.09,11.92,3.6,1.04,0,4.0,0.0,25.55,69.21,964.9,80.0,5.05,5.94,NASA POWER Daily API,63.44
20240607,Petrolina - PE,-9.3891,-40.503,transporte,garoa,28.28,6.54,159.05,17.09,1.6,0.14,0,4.0,1.0,25.96,65.67,965.8,20.1,3.54,6.4,NASA POWER Daily API,40.29
20240608,Petrolina - PE,-9.3891,-40.503,campo,garoa,28.71,0.0,294.91,15.89,1.6,0.32,0,4.0,0.0,25.2,66.48,965.9,8.83,3.36,6.55,NASA POWER Daily API,32.22
20240609,Petrolina - PE,-9.3891,-40.503,campo,garoa,22.17,1.5,243.66,11.98,1.6,0.14,0,4.0,0.0,25.8,62.97,964.9,4.51,6.67,6.37,NASA POWER Daily API,26.77
20240610,Petrolina - PE,-9.3891,-40.503,transporte,garoa,31.04,4.38,201.73,18.99,2.6,0.24,0,4.0,1.0,25.97,64.27,964.6,1.52,5.33,5.99,NASA POWER Daily API,49.47
20240611,Petrolina - PE,-9.3891,-40.503,campo,garoa,27.86,4.82,145.95,1.12,3.6,0.17,0,4.0,0.0,25.57,61.59,965.2,2.55,4.75,5.88,NASA POWER Daily API,28.72
20240612,Petrolina - PE,-9.3891,-40.503,transporte,garoa,32.93,1.89,138.37,21.18,1.6,0.68,0,4.0,1.0,25.31,67.5,964.9,37.96,5.19,6.42,NASA POWER Daily API,42.42
20240613,Petrolina - PE,-9.3891,-40.503,transporte,garoa,22.27,9.71,199.48,20.0,1.6,0.67,0,4.0,1.0,25.13,64.38,964.9,28.37,1.74,6.81,NASA POWER Daily API,45.95
20240614,Petrolina - PE,-9.3891,-40.503,transporte,garoa,38.07,3.02,265.13,17.25,2.6,0.72,0,4.0,1.0,24.82,63.15,965.8,9.34,5.74,6.84,NASA POWER Daily API,42.43
20240615,Petrolina - PE,-9.3891,-40.503,transporte,garoa,27.01,7.78,230.69,21.42,3.6,0.13,0,4.0,1.0,24.65,61.07,965.5,6.82,9.62,6.77,NASA POWER Daily API,50.91
20240616,Petrolina - PE,-9.3891,-40.503,transporte,garoa,30.39,1.04,261.78,20.37,2.6,0.42,0,4.0,1.0,24.44,63.56,964.7,7.22,5.92,6.85,NASA POWER Daily API,41.66
20240617,Petrolina - PE,-9.3891,-40.503,transporte,garoa,34.5,4.96,231.62,8.43,1.6,0.07,0,4.0,1.0,24.05,58.24,963.9,13.44,4.25,5.46,NASA POWER Daily API,29.6
20240618,Petrolina - PE,-9.3891,-40.503,proximidade_agua,garoa,35.05,3.74,349.09,11.35,2.6,1.58,0,4.0,2.0,24.38,66.79,963.5,11.25,9.42,5.37,NASA POWER Daily API,39.72
20240619,Petrolina - PE,-9.3891,-40.503,campo,garoa,31.99,10.59,207.17,23.34,1.6,0.18,0,4.0,0.0,24.79,64.34,964.2,4.0,3.36,5.97,NASA POWER Daily API,53.5
20240620,Petrolina - PE,-9.3891,-40.503,campo,garoa,26.14,2.29,242.31,8.7,1.6,0.63,0,4.0,0.0,24.82,67.19,964.0,29.19,8.45,5.8,NASA POWER Daily API,25.16
20240621,Petrolina - PE,-9.3891,-40.503,campo,garoa,35.89,0.0,252.92,11.58,1.6,1.18,0,4.0,0.0,23.93,62.21,964.0,7.62,4.61,5.94,NASA POWER Daily API,29.8
20240622,Petrolina - PE,-9.3891,-40.503,transporte,garoa,42.07,6.04,197.04,11.04,1.6,0.32,0,4.0,1.0,24.42,63.27,964.6,49.62,4.5,5.83,NASA POWER Daily API,36.51
20240623,Petrolina - PE,-9.3891,-40.503,proximidade_agua,garoa,27.81,2.02,208.21,9.08,3.6,0.02,0,4.0,2.0,25.25,62.77,964.2,6.84,1.89,5.63,NASA POWER Daily API,33.57
20240624,Petrolina - PE,-9.3891,-40.503,campo,garoa,33.3,4.27,357.79,9.8,1.6,0.48,0,4.0,0.0,25.64,63.83,964.1,1.25,5.95,5.25,NASA POWER Daily API,42.62
20240625,Petrolina - PE,-9.3891,-40.503,manutencao,garoa,29.45,4.52,274.0,1.45,3.6,0.05,0,4.0,3.0,25.84,63.13,964.4,29.62,11.98,5.28,NASA POWER Daily API,23.18
20240626,Petrolina - PE,-9.3891,-40.503,proximidade_agua,garoa,33.34,0.0,340.62,14.47,1.6,0.21,0,4.0,2.0,25.43,63.44,964.4,4.94,6.68,5.39,NASA POWER Daily API,35.73
20240627,Petrolina - PE,-9.3891,-40.503,campo,garoa,28.52,2.7,60.14,8.35,1.6,0.05,0,4.0,0.0,25.87,59.1,963.2,6.8,5.41,3.89,NASA POWER Daily API,34.27
20240628,Petrolina - PE,-9.3891,-40.503,campo,garoa,24.59,3.12,195.4,1.69,1.6,0.3,0,4.0,0.0,25.86,57.47,962.4,34.2,2.61,4.04,NASA POWER Daily API,16.49
20240629,Petrolina - PE,-9.3891,-40.503,transporte,garoa,33.96,0.53,262.96,35.0,1.6,0.5,0,4.0,1.0,25.59,55.93,963.7,7.89,8.04,4.96,NASA POWER Daily API,58.41
20240630,Petrolina - PE,-9.3891,-40.503,campo,sol,20.29,0.0,280.48,15.35,1.6,0.0,0,0.0,0.0,24.87,50.33,963.9,35.27,10.96,5.05,NASA POWER Daily API,28.71
20240701,Petrolina - PE,-9.3891,-40.503,manutencao,garoa,26.43,0.0,215.18,0.0,1.6,0.31,0,4.0,3.0,24.97,60.31,965.3,13.66,9.44,5.57,NASA POWER Daily API,11.66
20240702,Petrolina - PE,-9.3891,-40.503,campo,garoa,25.94,2.94,205.15,5.77,1.6,0.19,0,4.0,0.0,24.31,58.62,965.6,2.05,1.7,6.23,NASA POWER Daily API,27.7
20240703,Petrolina - PE,-9.3891,-40.503,manutencao,garoa,28.66,2.14,164.53,10.34,1.6,0.26,0,4.0,3.0,24.28,55.98,964.4,0.83,6.58,5.3,NASA POWER Daily API,39.46
20240704,Petrolina - PE,-9.3891,-40.503,campo,garoa,26.58,2.25,390.98,8.8,2.6,0.09,0,4.0,0.0,24.45,58.46,963.7,7.74,4.26,5.94,NASA POWER Daily API,27.01
20240705,Petrolina - PE,-9.3891,-40.503,campo,garoa,36.51,5.58,223.65,8.06,1.6,0.44,0,4.0,0.0,24.38,60.66,965.3,18.22,2.06,5.46,NASA POWER Daily API,30.75
20240706,Petrolina - PE,-9.3891,-40.503,transporte,garoa,33.27,0.0,245.47,15.26,1.6,1.15,0,4.0,1.0,25.3,67.99,965.4,1.76,4.34,5.38,NASA POWER Daily API,39.59
20240707,Petrolina - PE,-9.3891,-40.503,campo,garoa,31.32,0.35,187.3,8.45,2.6,0.95,0,4.0,0.0,24.67,67.05,965.1,10.41,10.12,6.59,NASA POWER Daily API,26.82
20240708,Petrolina - PE,-9.3891,-40.503,transporte,garoa,31.83,4.17,327.89,15.7,1.6,0.1,0,4.0,1.0,24.64,59.95,964.2,3.27,3.62,5.39,NASA POWER Daily API,37.09
20240709,Petrolina - PE,-9.3891,-40.503,campo,sol,31.4,0.0,149.45,9.1,2.6,0.0,0,0.0,0.0,24.96,58.34,963.8,9.5,4.07,4.61,NASA POWER Daily API,26.39
20240710,Petrolina - PE,-9.3891,-40.503,transporte,chuva,53.88,8.61,240.3,12.57,1.6,7.88,0,2.0,1.0,25.12,70.55,963.6,7.54,3.0,5.45,NASA POWER Daily API,56.34
20240711,Petrolina - PE,-9.3891,-40.503,campo,garoa,45.21,0.94,245.43,7.72,2.6,1.67,0,4.0,0.0,23.85,62.58,966.0,8.37,6.86,7.13,NASA POWER Daily API,31.38
20240712,Petrolina - PE,-9.3891,-40.503,campo,garoa,39.72,1.96,187.37,2.75,1.6,0.68,0,4.0,0.0,23.45,65.05,966.7,2.3,2.77,7.19,NASA POWER Daily API,27.5
20240713,Petrolina - PE,-9.3891,-40.503,campo,garoa,47.42,6.09,273.32,16.87,1.6,0.06,0,4.0,0.0,23.49,64.83,966.6,31.18,2.52,7.6,NASA POWER Daily API,45.2
20240714,Petrolina - PE,-9.3891,-40.503,campo,garoa,38.36,6.97,265.68,17.33,1.6,0.08,0,4.0,0.0,23.16,64.71,967.1,4.48,3.56,6.23,NASA POWER Daily API,44.0
20240715,Petrolina - PE,-9.3891,-40.503,manutencao,garoa,43.74,1.63,294.22,8.14,2.6,0.01,0,4.0,3.0,23.15,61.52,967.6,7.99,6.4,6.38,NASA POWER Daily API,30.61
20240716,Petrolina - PE,-9.3891,-40.503,transporte,garoa,44.64,0.0,135.63,15.96,1.6,0.76,0,4.0,1.0,22.98,64.46,968.3,3.78,1.66,6.34,NASA POWER Daily API,37.5
20240717,Petrolina - PE,-9.3891,-40.503,campo,garoa,34.33,0.0,203.83,10.36,1.6,0.59,0,4.0,0.0,23.51,70.38,967.5,5.84,5.42,6.36,NASA POWER Daily API,27.25
20240718,Petrolina - PE,-9.3891,-40.503,campo,garoa,32.75,8.07,228.71,9.19,1.6,0.11,0,4.0,0.0,23.67,59.51,967.0,13.65,3.02,6.06,NASA POWER Daily API,33.33
20240719,Petrolina - PE,-9.3891,-40.503,transporte,sol,41.13,2.32,88.47,21.94,1.6,0.0,0,0.0,1.0,23.51,58.89,967.7,2.12,14.07,5.94,NASA POWER Daily API,52.1
20240720,Petrolina - PE,-9.3891,-40.503,campo,garoa,20.89,3.99,316.42,11.69,1.6,0.08,0,4.0,0.0,23.04,60.85,967.2,21.1,9.69,5.76,NASA POWER Daily API,28.59
20240721,Petrolina - PE,-9.3891,-40.503,campo,garoa,22.59,6.37,268.61,14.65,1.6,0.02,0,4.0,0.0,22.93,58.22,966.8,13.55,2.71,5.64,NASA POWER Daily API,35.24
20240722,Petrolina - PE,-9.3891,-40.503,campo,garoa,27.71,3.38,296.4,7.41,2.6,0.01,0,4.0,0.0,23.55,58.82,967.3,21.0,5.01,5.83,NASA POWER Daily API,26.72
20240723,Petrolina - PE,-9.3891,-40.503,manutencao,garoa,19.92,9.04,224.1,6.39,1.6,0.07,0,4.0,3.0,23.81,59.77,967.5,20.78,8.64,6.2,NASA POWER Daily API,26.96
20240724,Petrolina - PE,-9.3891,-40.503,transporte,garoa,26.48,5.4,159.98,19.97,1.6,0.09,0,4.0,1.0,23.48,62.16,968.3,9.52,1.83,6.53,NASA POWER Daily API,42.1
20240725,Petrolina - PE,-9.3891,-40.503,transporte,garoa,36.99,0.0,279.08,12.29,2.6,0.17,0,4.0,1.0,24.0,66.79,967.0,5.6,3.79,6.01,NASA POWER Daily API,32.21
20240726,Petrolina - PE,-9.3891,-40.503,campo,garoa,33.42,8.41,328.45,12.37,2.6,0.01,0,4.0,0.0,24.02,58.03,965.8,2.41,9.3,6.91,NASA POWER Daily API,45.92
20240727,Petrolina - PE,-9.3891,-40.503,transporte,sol,29.0,0.0,268.48,23.53,1.6,0.0,0,0.0,1.0,23.95,58.92,966.5,4.59,2.34,6.67,NASA POWER Daily API,41.55
20240728,Petrolina - PE,-9.3891,-40.503,transporte,sol,24.87,2.25,208.85,25.88,1.6,0.0,0,0.0,1.0,24.15,56.08,966.9,5.32,12.58,6.3,NASA POWER Daily API,45.61
20240729,Petrolina - PE,-9.3891,-40.503,campo,sol,24.32,2.44,289.99,2.75,1.6,0.0,0,0.0,0.0,24.47,55.86,966.9,7.78,2.86,4.97,NASA POWER Daily API,16.74
20240730,Petrolina - PE,-9.3891,-40.503,campo,sol,28.6,4.45,381.24,10.05,1.6,0.0,0,0.0,0.0,25.84,57.74,966.5,11.61,4.35,5.21,NASA POWER Daily API,29.26
20240731,Petrolina - PE,-9.3891,-40.503,transporte,sol,25.4,0.0,293.8,16.75,1.6,0.0,0,0.0,1.0,25.16,56.39,966.8,5.83,7.42,7.23,NASA POWER Daily API,32.0
20240801,Petrolina - PE,-9.3891,-40.503,manutencao,garoa,23.96,2.31,55.99,4.8,2.6,0.01,0,4.0,3.0,24.52,58.84,966.7,6.67,3.0,6.73,NASA POWER Daily API,31.42
20240802,Petrolina - PE,-9.3891,-40.503,campo,garoa,25.4,0.0,324.17,16.51,1.6,0.36,0,4.0,0.0,24.36,59.09,966.2,10.33,4.14,7.12,NASA POWER Daily API,32.04
20240803,Petrolina - PE,-9.3891,-40.503,campo,garoa,38.58,5.4,309.95,10.61,2.6,0.9,0,4.0,0.0,23.91,59.37,966.0,5.85,7.44,6.9,NASA POWER Daily API,36.95
20240804,Petrolina - PE,-9.3891,-40.503,transporte,garoa,30.12,3.97,247.82,15.76,1.6,0.01,0,4.0,1.0,23.66,56.12,966.8,46.34,5.45,6.75,NASA POWER Daily API,36.35
20240805,Petrolina - PE,-9.3891,-40.503,campo,garoa,29.23,0.0,218.73,11.27,1.6,0.01,0,4.0,0.0,23.91,56.44,966.5,15.64,2.97,6.97,NASA POWER Daily API,26.31
20240806,Petrolina - PE,-9.3891,-40.503,campo,garoa,22.81,9.53,206.32,20.63,1.6,0.11,0,4.0,0.0,23.84,57.91,965.4,7.02,11.72,6.88,NASA POWER Daily API,46.18
20240807,Petrolina - PE,-9.3891,-40.503,campo,sol,25.79,4.73,264.32,12.19,1.6,0.0,0,0.0,0.0,24.29,55.65,963.7,16.51,5.46,6.17,NASA POWER Daily API,31.38
20240808,Petrolina - PE,-9.3891,-40.503,campo,garoa,29.71,5.08,326.35,10.6,2.6,0.01,0,4.0,0.0,25.4,60.88,963.2,1.95,4.13,5.35,NASA POWER Daily API,39.1
20240809,Petrolina - PE,-9.3891,-40.503,proximidade_agua,garoa,27.32,2.09,240.87,12.55,1.6,0.1,0,4.0,2.0,26.24,56.14,963.7,9.76,9.0,5.31,NASA POWER Daily API,33.61
20240810,Petrolina - PE,-9.3891,-40.503,campo,garoa,13.36,0.0,213.36,15.58,3.6,0.01,0,4.0,0.0,27.17,49.48,963.2,3.18,15.94,2.43,NASA POWER Daily API,31.31
20240811,Petrolina - PE,-9.3891,-40.503,campo,sol,26.95,2.89,210.21,11.96,2.6,0.0,0,0.0,0.0,28.6,41.26,962.3,3.83,3.63,3.62,NASA POWER Daily API,31.66
20240812,Petrolina - PE,-9.3891,-40.503,campo,sol,18.1,0.76,164.77,11.21,1.6,0.0,0,0.0,0.0,28.03,50.95,964.4,33.61,4.55,4.89,NASA POWER Daily API,23.68
20240813,Petrolina - PE,-9.3891,-40.503,campo,sol,24.34,9.48,307.34,10.88,2.6,0.0,0,0.0,0.0,28.85,47.25,964.1,20.27,5.36,5.78,NASA POWER Daily API,36.45
20240814,Petrolina - PE,-9.3891,-40.503,campo,sol,24.58,0.0,242.45,15.3,1.6,0.0,0,0.0,0.0,26.68,55.53,966.2,21.48,9.36,8.0,NASA POWER Daily API,29.94
20240815,Petrolina - PE,-9.3891,-40.503,campo,sol,25.16,3.14,57.57,11.16,1.6,0.0,0,0.0,0.0,25.57,54.24,966.8,8.39,7.21,7.09,NASA POWER Daily API,37.96
20240816,Petrolina - PE,-9.3891,-40.503,campo,garoa,20.62,3.75,437.71,2.22,1.6,0.02,0,4.0,0.0,25.55,59.65,966.1,4.41,3.92,7.08,NASA POWER Daily API,16.36
20240817,Petrolina - PE,-9.3891,-40.503,campo,garoa,27.85,4.93,209.45,2.13,1.6,1.22,0,4.0,0.0,25.5,63.06,965.1,21.6,3.55,6.24,NASA POWER Daily API,20.79
20240818,Petrolina - PE,-9.3891,-40.503,campo,garoa,33.32,6.31,345.38,13.62,1.6,0.57,0,4.0,0.0,24.93,56.88,965.6,28.17,4.1,6.59,NASA POWER Daily API,37.63
20240819,Petrolina - PE,-9.3891,-40.503,transporte,garoa,16.13,0.0,272.5,21.93,1.6,0.03,0,4.0,1.0,24.99,57.11,965.8,8.5,4.0,6.64,NASA POWER Daily API,35.72
20240820,Petrolina - PE,-9.3891,-40.503,campo,sol,24.38,3.61,33.33,14.1,1.6,0.0,0,0.0,0.0,25.63,55.48,965.8,9.35,4.63,6.03,NASA POWER Daily API,49.17
20240821,Petrolina - PE,-9.3891,-40.503,transporte,garoa,19.75,7.88,175.38,22.61,1.6,0.24,0,4.0,1.0,25.61,51.87,965.1,7.28,3.89,6.0,NASA POWER Daily API,46.13
20240822,Petrolina - PE,-9.3891,-40.503,transporte,sol,25.88,7.62,393.84,20.07,1.6,0.0,0,0.0,1.0,25.8,57.99,964.2,2.09,2.3,7.51,NASA POWER Daily API,50.29
20240823,Petrolina - PE,-9.3891,-40.503,campo,sol,19.11,1.59,243.2,0.29,3.6,0.0,0,0.0,0.0,25.47,55.38,964.5,9.45,8.72,7.17,NASA POWER Daily API,15.5
20240824,Petrolina - PE,-9.3891,-40.503,manutencao,sol,21.2,2.62,161.53,9.88,2.6,0.0,0,0.0,3.0,25.96,52.87,965.3,13.56,5.31,5.44,NASA POWER Daily API,27.05
20240825,Petrolina - PE,-9.3891,-40.503,campo,sol,26.98,0.0,123.28,11.68,1.6,0.0,0,0.0,0.0,26.18,49.2,965.1,6.04,7.89,5.17,NASA POWER Daily API,26.13
20240826,Petrolina - PE,-9.3891,-40.503,campo,sol,21.35,2.26,193.63,9.82,1.6,0.0,0,0.0,0.0,26.42,49.0,964.5,1.69,11.08,5.5,NASA POWER Daily API,30.49
20240827,Petrolina - PE,-9.3891,-40.503,campo,sol,25.48,3.26,131.94,17.82,3.6,0.0,0,0.0,0.0,26.07,53.14,965.9,9.0,1.59,7.11,NASA POWER Daily API,41.08
20240828,Petrolina - PE,-9.3891,-40.503,campo,sol,18.73,0.0,141.3,6.09,1.6,0.0,0,0.0,0.0,25.31,54.53,967.3,3.17,9.14,8.43,NASA POWER Daily API,16.67
20240829,Petrolina - PE,-9.3891,-40.503,campo,garoa,26.81,0.0,176.6,12.61,2.6,0.04,0,4.0,0.0,24.88,54.15,967.2,4.59,3.99,8.55,NASA POWER Daily API,29.43
20240830,Petrolina - PE,-9.3891,-40.503,campo,garoa,34.68,4.0,233.39,6.28,1.6,0.47,0,4.0,0.0,24.81,53.86,965.8,6.03,9.22,7.56,NASA POWER Daily API,26.34
20240831,Petrolina - PE,-9.3891,-40.503,transporte,garoa,24.63,0.62,81.96,20.92,1.6,0.4,0,4.0,1.0,24.93,56.23,965.3,11.29,5.39,6.61,NASA POWER Daily API,40.42
20240901,Petrolina - PE,-9.3891,-40.503,campo,garoa,25.04,0.0,248.49,11.69,3.6,0.2,0,4.0,0.0,24.77,52.39,965.5,4.99,6.92,6.73,NASA POWER Daily API,30.05
20240902,Petrolina - PE,-9.3891,-40.503,campo,sol,25.89,2.33,132.94,10.34,1.6,0.0,0,0.0,0.0,24.99,47.12,964.0,2.31,1.71,5.97,NASA POWER Daily API,32.58
20240903,Petrolina - PE,-9.3891,-40.503,campo,sol,19.19,1.75,301.81,12.25,2.6,0.0,0,0.0,0.0,25.79,48.25,963.4,30.25,6.53,5.29,NASA POWER Daily API,28.5
20240904,Petrolina - PE,-9.3891,-40.503,campo,sol,14.05,0.12,238.76,18.42,1.6,0.0,0,0.0,0.0,26.06,46.88,964.2,3.99,8.69,6.18,NASA POWER Daily API,30.81
20240905,Petrolina - PE,-9.3891,-40.503,proximidade_agua,sol,30.6,2.53,329.26,9.72,1.6,0.0,0,0.0,2.0,25.59,48.5,964.5,6.25,4.66,6.16,NASA POWER Daily API,31.43
20240906,Petrolina - PE,-9.3891,-40.503,transporte,sol,24.85,4.68,79.77,20.16,2.6,0.0,0,0.0,1.0,26.07,47.45,963.6,11.41,12.6,5.44,NASA POWER Daily API,46.23
20240907,Petrolina - PE,-9.3891,-40.503,campo,garoa,33.1,0.0,334.7,13.9,1.6,0.35,0,4.0,0.0,26.23,52.49,964.4,27.5,3.49,7.54,NASA POWER Daily API,31.08
20240908,Petrolina - PE,-9.3891,-40.503,campo,sol,21.8,0.95,117.23,19.13,1.6,0.0,0,0.0,0.0,26.22,53.09,965.2,4.69,6.69,7.78,NASA POWER Daily API,34.89
20240909,Petrolina - PE,-9.3891,-40.503,campo,sol,19.57,6.09,176.84,2.14,2.6,0.0,0,0.0,0.0,25.72,49.5,965.0,4.21,3.03,7.37,NASA POWER Daily API,20.53
20240910,Petrolina - PE,-9.3891,-40.503,campo,sol,18.44,0.2,311.97,14.32,1.6,0.0,0,0.0,0.0,25.72,46.92,964.6,12.14,4.67,6.55,NASA POWER Daily API,27.08
20240911,Petrolina - PE,-9.3891,-40.503,campo,sol,21.29,8.67,284.74,10.66,1.6,0.0,0,0.0,0.0,25.76,50.05,964.5,16.69,5.71,7.35,NASA POWER Daily API,32.26
20240912,Petrolina - PE,-9.3891,-40.503,campo,garoa,20.11,0.0,245.34,9.25,1.6,0.02,0,4.0,0.0,25.68,51.16,964.8,13.37,12.53,7.88,NASA POWER Daily API,21.05
20240913,Petrolina - PE,-9.3891,-40.503,proximidade_agua,garoa,23.13,2.94,326.73,9.74,1.6,0.03,0,4.0,2.0,25.74,54.78,964.7,9.5,2.26,7.04,NASA POWER Daily API,29.67
20240914,Petrolina - PE,-9.3891,-40.503,campo,garoa,15.79,4.26,167.51,14.66,1.6,0.02,0,4.0,0.0,26.37,47.72,964.2,2.49,4.22,6.3,NASA POWER Daily API,36.99
20240915,Petrolina - PE,-9.3891,-40.503,transporte,sol,9.76,3.53,144.1,25.2,1.6,0.0,0,0.0,1.0,27.15,50.05,964.7,8.82,8.2,6.13,NASA POWER Daily API,41.57
20240916,Petrolina - PE,-9.3891,-40.503,transporte,sol,19.6,1.08,199.32,16.91,2.6,0.0,0,0.0,1.0,27.41,46.33,964.6,19.65,14.45,6.34,NASA POWER Daily API,33.74
20240917,Petrolina - PE,-9.3891,-40.503,transporte,sol,26.13,2.57,178.8,17.28,3.6,0.0,0,0.0,1.0,27.58,47.97,963.6,4.51,2.74,6.19,NASA POWER Daily API,39.88
20240918,Petrolina - PE,-9.3891,-40.503,campo,sol,16.71,1.95,225.38,5.97,1.6,0.0,0,0.0,0.0,26.96,47.79,963.8,15.99,3.5,6.98,NASA POWER Daily API,17.96
20240919,Petrolina - PE,-9.3891,-40.503,campo,sol,23.39,3.67,389.79,10.93,1.6,0.0,0,0.0,0.0,26.97,47.94,963.6,2.08,2.59,6.7,NASA POWER Daily API,33.97
20240920,Petrolina - PE,-9.3891,-40.503,campo,sol,17.75,0.0,225.94,17.69,1.6,0.0,0,0.0,0.0,27.24,47.33,962.6,7.1,1.79,6.6,NASA POWER Daily API,30.88
20240921,Petrolina - PE,-9.3891,-40.503,proximidade_agua,sol,24.33,0.49,121.89,4.51,1.6,0.0,0,0.0,2.0,27.1,46.06,962.2,15.28,6.1,6.3,NASA POWER Daily API,20.89
20240922,Petrolina - PE,-9.3891,-40.503,manutencao,sol,19.18,1.02,164.01,9.95,1.6,0.0,0,0.0,3.0,27.59,45.32,962.1,3.02,2.83,6.51,NASA POWER Daily API,22.7
20240923,Petrolina - PE,-9.3891,-40.503,transporte,garoa,25.06,2.87,277.21,16.71,1.6,0.01,0,4.0,1.0,27.95,49.71,961.9,5.62,2.12,6.19,NASA POWER Daily API,34.87
20240924,Petrolina - PE,-9.3891,-40.503,campo,garoa,21.06,2.01,253.91,5.5,2.6,0.04,0,4.0,0.0,28.18,50.29,962.4,6.37,9.27,6.36,NASA POWER Daily API,20.93
20240925,Petrolina - PE,-9.3891,-40.503,transporte,garoa,20.7,2.68,12.35,15.26,1.6,0.37,0,4.0,1.0,27.71,49.0,962.5,3.58,2.39,7.1,NASA POWER Daily API,55.19
20240926,Petrolina - PE,-9.3891,-40.503,campo,garoa,27.23,0.69,304.38,15.26,2.6,0.03,0,4.0,0.0,27.1,47.54,962.6,40.97,2.68,7.12,NASA POWER Daily API,33.59
20240927,Petrolina - PE,-9.3891,-40.503,campo,sol,31.05,1.18,345.0,7.4,1.6,0.0,0,0.0,0.0,27.58,48.87,961.8,20.73,3.83,5.05,NASA POWER Daily API,23.24
20240928,Petrolina - PE,-9.3891,-40.503,campo,sol,24.22,0.11,420.43,16.67,2.6,0.0,0,0.0,0.0,29.34,47.15,961.8,45.43,4.07,4.7,NASA POWER Daily API,33.81
20240929,Petrolina - PE,-9.3891,-40.503,transporte,garoa,27.78,0.0,223.34,19.36,3.6,0.12,0,4.0,1.0,29.09,50.13,962.0,14.21,3.41,7.52,NASA POWER Daily API,40.39
20240930,Petrolina - PE,-9.3891,-40.503,campo,garoa,28.83,4.69,199.25,16.11,1.6,0.25,0,4.0,0.0,27.6,50.14,962.6,40.44,7.14,8.24,NASA POWER Daily API,37.39
20241001,Petrolina - PE,-9.3891,-40.503,proximidade_agua,garoa,18.53,1.05,256.31,6.63,3.6,0.01,0,4.0,2.0,26.83,49.06,961.6,6.7,5.56,7.25,NASA POWER Daily API,26.7
20241002,Petrolina - PE,-9.3891,-40.503,proximidade_agua,sol,16.77,1.46,277.48,9.15,2.6,0.0,0,0.0,2.0,27.77,44.64,961.3,1.14,11.98,5.37,NASA POWER Daily API,39.59
20241003,Petrolina - PE,-9.3891,-40.503,proximidade_agua,sol,21.53,3.12,207.42,7.96,2.6,0.0,0,0.0,2.0,29.12,44.83,961.5,2.12,5.93,5.29,NASA POWER Daily API,35.28
20241004,Petrolina - PE,-9.3891,-40.503,manutencao,sol,17.1,1.72,215.94,10.26,2.6,0.0,0,0.0,3.0,29.53,44.39,961.7,19.94,5.87,4.9,NASA POWER Daily API,25.35
20241005,Petrolina - PE,-9.3891,-40.503,transporte,sol,30.31,0.0,321.47,25.95,1.6,0.0,0,0.0,1.0,29.42,46.65,961.4,45.1,13.14,5.63,NASA POWER Daily API,44.97
20241006,Petrolina - PE,-9.3891,-40.503,transporte,garoa,17.39,4.7,176.95,31.2,1.6,0.01,0,4.0,1.0,29.49,43.49,961.3,7.72,2.28,6.48,NASA POWER Daily API,52.6
20241007,Petrolina - PE,-9.3891,-40.503,transporte,sol,11.48,5.43,17.31,25.23,2.6,0.0,0,0.0,1.0,29.49,41.37,961.0,7.27,5.0,5.59,NASA POWER Daily API,68.08
20241008,Petrolina - PE,-9.3891,-40.503,campo,sol,24.9,4.22,297.67,10.88,2.6,0.0,0,0.0,0.0,29.05,42.83,961.9,9.44,3.26,4.51,NASA POWER Daily API,31.09
20241009,Petrolina - PE,-9.3891,-40.503,campo,sol,14.93,5.12,252.3,20.13,2.6,0.0,0,0.0,0.0,30.37,35.35,961.0,2.97,1.6,3.66,NASA POWER Daily API,46.61
20241010,Petrolina - PE,-9.3891,-40.503,campo,sol,20.18,2.9,211.32,15.48,2.6,0.0,0,0.0,0.0,31.14,36.37,960.0,10.04,6.68,5.08,NASA POWER Daily API,34.04
20241011,Petrolina - PE,-9.3891,-40.503,transporte,sol,24.76,0.0,222.69,23.94,1.6,0.0,0,0.0,1.0,29.57,46.45,961.8,0.57,3.91,6.07,NASA POWER Daily API,52.79
20241012,Petrolina - PE,-9.3891,-40.503,transporte,sol,25.27,3.45,147.51,9.84,1.6,0.0,0,0.0,1.0,29.74,43.23,963.3,24.6,6.16,5.15,NASA POWER Daily API,26.94
20241013,Petrolina - PE,-9.3891,-40.503,transporte,sol,19.21,1.44,243.74,27.75,1.6,0.0,0,0.0,1.0,29.75,43.84,964.3,12.77,4.83,6.2,NASA POWER Daily API,45.4
20241014,Petrolina - PE,-9.3891,-40.503,campo,garoa,16.82,4.78,213.56,8.3,1.6,0.04,0,4.0,0.0,29.12,48.42,964.2,0.89,3.67,8.16,NASA POWER Daily API,35.92
20241015,Petrolina - PE,-9.3891,-40.503,proximidade_agua,garoa,28.11,4.51,172.87,7.76,1.6,0.07,0,4.0,2.0,29.52,51.78,962.3,32.54,8.22,6.37,NASA POWER Daily API,30.38
20241016,Petrolina - PE,-9.3891,-40.503,campo,sol,19.28,0.0,110.49,10.64,2.6,0.0,0,0.0,0.0,29.96,44.72,961.3,12.72,3.2,4.62,NASA POWER Daily API,24.67
20241017,Petrolina - PE,-9.3891,-40.503,transporte,garoa,26.95,5.45,203.95,15.25,1.6,0.09,0,4.0,1.0,30.35,47.16,961.3,16.99,7.04,4.0,NASA POWER Daily API,36.4
20241018,Petrolina - PE,-9.3891,-40.503,campo,garoa,16.81,2.95,349.65,7.85,1.6,0.53,0,4.0,0.0,30.08,49.33,960.7,34.95,4.19,3.04,NASA POWER Daily API,21.9
20241019,Petrolina - PE,-9.3891,-40.503,campo,garoa,13.74,4.99,167.05,4.99,1.6,0.1,0,4.0,0.0,30.4,46.31,959.3,9.01,2.08,3.57,NASA POWER Daily API,19.18
20241020,Petrolina - PE,-9.3891,-40.503,campo,garoa,23.13,2.77,152.31,10.55,1.6,0.03,0,4.0,0.0,30.13,45.44,959.4,24.97,4.67,4.94,NASA POWER Daily API,26.55
20241021,Petrolina - PE,-9.3891,-40.503,campo,sol,20.73,0.0,63.98,7.91,3.6,0.0,0,0.0,0.0,30.24,45.38,961.5,11.07,6.31,6.4,NASA POWER Daily API,31.65
20241022,Petrolina - PE,-9.3891,-40.503,campo,sol,15.72,4.65,148.79,15.2,1.6,0.0,0,0.0,0.0,29.74,45.74,962.5,14.69,4.49,7.2,NASA POWER Daily API,32.04
20241023,Petrolina - PE,-9.3891,-40.503,campo,sol,10.89,0.0,269.68,17.88,2.6,0.0,0,0.0,0.0,29.07,41.41,961.1,11.21,3.53,6.17,NASA POWER Daily API,31.21
20241024,Petrolina - PE,-9.3891,-40.503,campo,sol,23.01,3.35,239.57,7.58,1.6,0.0,0,0.0,0.0,29.99,45.06,960.0,5.06,4.1,5.73,NASA POWER Daily API,23.34
20241025,Petrolina - PE,-9.3891,-40.503,campo,garoa,19.17,0.22,231.03,10.35,1.6,0.09,0,4.0,0.0,30.06,45.07,960.7,1.16,8.34,5.4,NASA POWER Daily API,34.45
20241026,Petrolina - PE,-9.3891,-40.503,campo,garoa,13.38,5.18,142.89,10.62,2.6,0.01,0,4.0,0.0,30.08,41.1,961.1,13.65,3.97,5.5,NASA POWER Daily API,28.33
20241027,Petrolina - PE,-9.3891,-40.503,campo,sol,20.52,3.2,179.7,13.08,1.6,0.0,0,0.0,0.0,30.38,40.41,962.0,20.15,2.39,5.37,NASA POWER Daily API,29.31
20241028,Petrolina - PE,-9.3891,-40.503,transporte,sol,23.54,2.08,43.0,15.72,2.6,0.0,0,0.0,1.0,30.32,44.44,961.7,15.28,2.97,6.72,NASA POWER Daily API,48.59
20241029,Petrolina - PE,-9.3891,-40.503,campo,sol,20.47,0.0,202.84,14.23,1.6,0.0,0,0.0,0.0,29.79,44.97,960.8,10.59,3.59,6.41,NASA POWER Daily API,27.37
20241030,Petrolina - PE,-9.3891,-40.503,transporte,sol,15.2,11.15,117.85,31.14,1.6,0.0,0,0.0,1.0,29.87,40.56,959.6,24.72,7.81,4.91,NASA POWER Daily API,58.66
20241031,Petrolina - PE,-9.3891,-40.503,campo,sol,20.33,1.41,253.36,12.67,1.6,0.0,0,0.0,0.0,30.11,41.12,959.9,4.9,5.97,5.16,NASA POWER Daily API,26.86
20241101,Petrolina - PE,-9.3891,-40.503,transporte,sol,14.94,6.06,266.41,13.12,1.6,0.0,0,0.0,1.0,30.31,46.47,960.4,0.97,8.17,5.86,NASA POWER Daily API,42.69
20241102,Petrolina - PE,-9.3891,-40.503,proximidade_agua,sol,13.1,5.08,398.77,1.07,1.6,0.0,0,0.0,2.0,30.12,44.39,960.5,1.68,8.35,6.93,NASA POWER Daily API,24.04
20241103,Petrolina - PE,-9.3891,-40.503,proximidade_agua,sol,16.54,3.73,182.66,6.19,1.6,0.0,0,0.0,2.0,29.24,44.11,959.9,4.14,3.83,6.39,NASA POWER Daily API,24.06
20241104,Petrolina - PE,-9.3891,-40.503,campo,sol,19.15,4.93,279.57,5.25,1.6,0.0,0,0.0,0.0,29.26,44.5,960.4,7.82,4.13,6.66,NASA POWER Daily API,20.92
20241105,Petrolina - PE,-9.3891,-40.503,transporte,garoa,29.99,10.55,388.63,19.54,1.6,0.04,0,4.0,1.0,28.43,47.49,960.9,30.46,4.34,5.75,NASA POWER Daily API,47.98
20241106,Petrolina - PE,-9.3891,-40.503,campo,garoa,18.6,9.14,352.09,11.38,1.6,0.01,0,4.0,0.0,29.32,41.38,960.7,7.36,3.67,6.14,NASA POWER Daily API,32.85
20241107,Petrolina - PE,-9.3891,-40.503,campo,sol,18.47,0.49,186.0,5.5,1.6,0.0,0,0.0,0.0,29.48,42.03,959.7,9.23,8.79,5.39,NASA POWER Daily API,16.39
20241108,Petrolina - PE,-9.3891,-40.503,proximidade_agua,sol,20.26,0.0,156.81,7.11,2.6,0.0,0,0.0,2.0,30.3,43.55,959.9,2.32,10.99,4.89,NASA POWER Daily API,30.56
20241109,Petrolina - PE,-9.3891,-40.503,proximidade_agua,sol,11.44,3.73,225.74,5.75,1.6,0.0,0,0.0,2.0,31.63,43.78,959.0,3.07,3.74,4.66,NASA POWER Daily API,22.05
20241110,Petrolina - PE,-9.3891,-40.503,transporte,garoa,10.05,6.06,113.3,14.61,1.6,1.37,0,4.0,1.0,31.89,43.66,958.0,12.69,5.2,4.64,NASA POWER Daily API,32.52
20241111,Petrolina - PE,-9.3891,-40.503,manutencao,chuva,60.16,2.31,217.8,11.43,2.6,14.25,0,2.0,3.0,27.9,60.38,959.7,4.45,9.66,3.76,NASA POWER Daily API,58.41
20241112,Petrolina - PE,-9.3891,-40.503,transporte,garoa,52.57,0.0,28.39,16.68,1.6,4.94,0,4.0,1.0,26.92,69.32,960.2,1.63,3.1,2.0,NASA POWER Daily API,69.24
20241113,Petrolina - PE,-9.3891,-40.503,proximidade_agua,garoa,59.44,0.27,315.84,8.65,2.6,0.98,0,4.0,2.0,28.35,61.33,958.9,56.66,4.96,3.49,NASA POWER Daily API,39.53
20241114,Petrolina - PE,-9.3891,-40.503,campo,garoa,67.67,0.0,183.02,4.46,2.6,0.37,0,4.0,0.0,28.42,50.74,959.0,13.28,2.38,5.28,NASA POWER Daily API,31.89
20241115,Petrolina - PE,-9.3891,-40.503,proximidade_agua,garoa,61.13,4.48,265.18,13.44,3.6,0.19,0,4.0,2.0,27.9,52.94,960.4,5.71,4.57,6.53,NASA POWER Daily API,51.76
20241116,Petrolina - PE,-9.3891,-40.503,proximidade_agua,sol,52.63,1.65,351.57,2.8,1.6,0.0,0,0.0,2.0,28.0,50.08,960.5,7.35,2.48,6.46,NASA POWER Daily API,28.46
20241117,Petrolina - PE,-9.3891,-40.503,campo,sol,56.14,2.68,193.34,11.3,3.6,0.0,0,0.0,0.0,28.46,49.29,960.1,2.85,6.9,5.7,NASA POWER Daily API,47.52
20241118,Petrolina - PE,-9.3891,-40.503,campo,sol,32.33,2.67,238.21,16.32,1.6,0.0,0,0.0,0.0,29.01,46.61,959.6,7.22,5.85,5.55,NASA POWER Daily API,36.37
20241119,Petrolina - PE,-9.3891,-40.503,transporte,garoa,26.1,4.06,180.71,24.67,1.6,0.01,0,4.0,1.0,29.62,47.87,960.0,3.32,3.1,4.33,NASA POWER Daily API,46.38
20241120,Petrolina - PE,-9.3891,-40.503,campo,garoa,23.41,0.0,161.96,9.38,1.6,0.18,0,4.0,0.0,29.97,47.24,960.4,2.8,5.34,4.46,NASA POWER Daily API,28.36
20241121,Petrolina - PE,-9.3891,-40.503,campo,garoa,16.25,0.0,211.85,5.22,1.6,0.08,0,4.0,0.0,31.49,44.71,959.6,38.71,3.82,3.7,NASA POWER Daily API,14.94
20241122,Petrolina - PE,-9.3891,-40.503,transporte,garoa,18.9,4.9,389.35,28.63,1.6,0.04,0,4.0,1.0,32.87,39.39,958.9,22.21,4.38,2.73,NASA POWER Daily API,50.77
20241123,Petrolina - PE,-9.3891,-40.503,campo,garoa,19.6,5.35,315.03,9.45,2.6,0.2,0,4.0,0.0,32.77,40.67,958.8,3.23,13.79,4.02,NASA POWER Daily API,29.71
20241124,Petrolina - PE,-9.3891,-40.503,campo,garoa,20.03,2.39,99.01,5.04,1.6,0.29,0,4.0,0.0,30.46,49.55,960.1,1.44,19.8,2.49,NASA POWER Daily API,30.92
20241125,Petrolina - PE,-9.3891,-40.503,transporte,garoa,22.4,4.34,20.74,17.34,2.6,1.35,0,4.0,1.0,29.65,54.59,962.2,4.05,11.47,5.42,NASA POWER Daily API,60.6
20241126,Petrolina - PE,-9.3891,-40.503,transporte,garoa,37.57,0.48,117.51,17.6,1.6,2.6,0,4.0,1.0,28.09,61.33,962.0,2.61,2.49,5.45,NASA POWER Daily API,45.68
20241127,Petrolina - PE,-9.3891,-40.503,proximidade_agua,garoa,32.23,2.58,177.33,11.0,1.6,0.2,0,4.0,2.0,29.56,50.98,960.4,2.06,9.16,4.86,NASA POWER Daily API,39.76
20241128,Petrolina - PE,-9.3891,-40.503,campo,sol,29.47,4.51,180.54,9.49,1.6,0.0,0,0.0,0.0,30.13,45.01,959.7,27.23,6.26,5.29,NASA POWER Daily API,28.9
20241129,Petrolina - PE,-9.3891,-40.503,transporte,sol,20.7,4.97,172.94,19.63,1.6,0.0,0,0.0,1.0,30.06,43.19,960.8,4.46,2.83,4.83,NASA POWER Daily API,39.41
20241130,Petrolina - PE,-9.3891,-40.503,transporte,sol,23.6,3.44,285.86,24.88,2.6,0.0,0,0.0,1.0,30.87,43.16,960.1,4.59,4.09,4.66,NASA POWER Daily API,47.38
20241201,Petrolina - PE,-9.3891,-40.503,campo,garoa,20.53,4.44,160.67,20.68,1.6,0.01,0,4.0,0.0,31.18,40.23,959.6,8.34,3.8,4.15,NASA POWER Daily API,40.15
20241202,Petrolina - PE,-9.3891,-40.503,transporte,sol,13.37,0.75,302.56,20.08,2.6,0.0,0,0.0,1.0,31.17,38.75,959.2,5.6,5.24,4.13,NASA POWER Daily API,35.54
20241203,Petrolina - PE,-9.3891,-40.503,campo,garoa,19.79,6.27,193.09,14.32,4.6,0.03,0,4.0,0.0,31.61,42.22,959.3,32.45,4.3,4.03,NASA POWER Daily API,40.39
20241204,Petrolina - PE,-9.3891,-40.503,transporte,garoa,13.04,2.06,340.65,20.82,1.6,0.38,0,4.0,1.0,31.35,40.77,959.2,15.97,2.87,4.09,NASA POWER Daily API,35.96
20241205,Petrolina - PE,-9.3891,-40.503,campo,garoa,23.09,0.51,100.26,7.08,1.6,0.4,0,4.0,0.0,30.45,45.77,959.8,5.18,5.61,5.18,NASA POWER Daily API,20.15
20241206,Petrolina - PE,-9.3891,-40.503,campo,sol,20.14,2.14,267.93,9.85,1.6,0.0,0,0.0,0.0,29.69,40.4,960.6,4.48,4.74,6.18,NASA POWER Daily API,24.04
20241207,Petrolina - PE,-9.3891,-40.503,campo,garoa,20.92,3.89,187.93,11.45,2.6,0.07,0,4.0,0.0,29.4,46.05,960.7,6.87,3.04,5.57,NASA POWER Daily API,30.33
20241208,Petrolina - PE,-9.3891,-40.503,campo,garoa,26.29,0.0,117.68,8.99,1.6,0.29,0,4.0,0.0,30.0,49.64,961.0,0.92,6.79,4.39,NASA POWER Daily API,34.84
20241209,Petrolina - PE,-9.3891,-40.503,transporte,sol,7.13,0.0,204.45,11.02,1.6,0.0,0,0.0,1.0,30.5,41.65,959.9,8.82,7.19,5.2,NASA POWER Daily API,19.36
20241210,Petrolina - PE,-9.3891,-40.503,campo,sol,21.74,0.89,213.64,13.59,2.6,0.0,0,0.0,0.0,29.47,42.66,959.8,8.43,3.84,4.67,NASA POWER Daily API,30.05
20241211,Petrolina - PE,-9.3891,-40.503,campo,sol,22.95,3.28,343.57,10.94,1.6,0.0,0,0.0,0.0,30.43,40.17,958.9,7.42,4.61,3.9,NASA POWER Daily API,27.52
20241212,Petrolina - PE,-9.3891,-40.503,proximidade_agua,garoa,11.55,0.0,239.41,13.36,2.6,0.31,0,4.0,2.0,32.38,37.66,958.8,24.21,5.01,4.34,NASA POWER Daily API,30.4
20241213,Petrolina - PE,-9.3891,-40.503,transporte,garoa,16.47,2.81,186.44,21.74,2.6,0.03,0,4.0,1.0,31.63,44.03,958.7,6.44,1.0,6.27,NASA POWER Daily API,40.78
20241214,Petrolina - PE,-9.3891,-40.503,campo,sol,16.66,8.68,355.48,16.2,1.6,0.0,0,0.0,0.0,31.05,40.7,958.6,2.81,2.71,5.73,NASA POWER Daily API,43.9
20241215,Petrolina - PE,-9.3891,-40.503,campo,garoa,15.29,1.77,153.52,6.29,1.6,0.44,0,4.0,0.0,31.1,45.6,960.0,8.55,1.46,5.02,NASA POWER Daily API,18.17
20241216,Petrolina - PE,-9.3891,-40.503,campo,garoa,18.76,2.77,195.92,14.71,1.6,0.12,0,4.0,0.0,32.19,42.47,960.3,4.2,6.59,4.76,NASA POWER Daily API,30.61
20241217,Petrolina - PE,-9.3891,-40.503,proximidade_agua,garoa,18.59,0.0,159.97,0.0,1.6,0.01,0,4.0,2.0,32.33,41.87,960.6,4.7,6.34,4.84,NASA POWER Daily API,13.26
20241218,Petrolina - PE,-9.3891,-40.503,campo,sol,23.65,1.74,49.79,13.55,1.6,0.0,0,0.0,0.0,31.89,42.96,960.7,8.33,1.41,5.28,NASA POWER Daily API,41.36
20241219,Petrolina - PE,-9.3891,-40.503,transporte,sol,21.52,4.86,208.69,18.77,1.6,0.0,0,0.0,1.0,31.9,44.5,960.3,5.57,6.99,5.9,NASA POWER Daily API,38.46
20241220,Petrolina - PE,-9.3891,-40.503,campo,garoa,14.75,0.0,284.97,10.56,2.6,0.03,0,4.0,0.0,31.37,43.36,960.6,6.71,3.2,5.83,NASA POWER Daily API,23.24
20241221,Petrolina - PE,-9.3891,-40.503,campo,sol,15.23,0.0,306.84,7.97,1.6,0.0,0,0.0,0.0,31.23,41.25,960.7,4.59,1.59,4.85,NASA POWER Daily API,17.97
20241222,Petrolina - PE,-9.3891,-40.503,manutencao,sol,15.91,3.64,257.83,1.63,1.6,0.0,0,0.0,3.0,31.59,41.83,960.8,44.9,2.03,4.84,NASA POWER Daily API,14.07
20241223,Petrolina - PE,-9.3891,-40.503,campo,garoa,19.16,3.39,185.59,22.14,1.6,0.01,0,4.0,0.0,31.71,43.25,959.9,3.73,6.96,4.7,NASA POWER Daily API,40.44
20241224,Petrolina - PE,-9.3891,-40.503,campo,sol,9.0,2.64,283.93,20.22,1.6,0.0,0,0.0,0.0,31.8,37.62,959.0,1.28,8.54,5.0,NASA POWER Daily API,46.26
20241225,Petrolina - PE,-9.3891,-40.503,campo,sol,12.45,1.11,174.27,6.95,4.6,0.0,0,0.0,0.0,30.33,41.92,959.5,2.81,9.5,5.51,NASA POWER Daily API,29.51
20241226,Petrolina - PE,-9.3891,-40.503,transporte,garoa,14.39,0.0,271.41,17.26,1.6,0.01,0,4.0,1.0,30.04,41.58,960.3,8.26,6.83,5.69,NASA POWER Daily API,29.34
20241227,Petrolina - PE,-9.3891,-40.503,campo,sol,14.91,4.61,306.54,18.73,1.6,0.0,0,0.0,0.0,29.54,39.66,960.7,20.26,2.01,4.78,NASA POWER Daily API,36.17
20241228,Petrolina - PE,-9.3891,-40.503,transporte,sol,14.18,5.53,352.62,19.81,1.6,0.0,0,0.0,1.0,30.13,41.57,960.1,6.73,3.82,4.36,NASA POWER Daily API,38.26
20241229,Petrolina - PE,-9.3891,-40.503,transporte,garoa,17.14,0.0,305.15,22.74,1.6,0.03,0,4.0,1.0,30.84,43.54,959.5,3.49,2.62,5.39,NASA POWER Daily API,37.07
20241230,Petrolina - PE,-9.3891,-40.503,transporte,garoa,15.98,0.0,266.08,19.32,2.6,0.05,0,4.0,1.0,31.6,38.48,958.9,3.72,1.95,4.71,NASA POWER Daily API,34.66
20241231,Petrolina - PE,-9.3891,-40.503,campo,sol,22.75,3.94,280.77,9.17,2.6,0.0,0,0.0,0.0,31.23,39.89,959.5,17.97,2.62,4.9,NASA POWER Daily API,28.05
20250101,Petrolina - PE,-9.3891,-40.503,campo,sol,28.44,3.43,239.11,3.59,1.6,0.0,0,0.0,0.0,30.88,42.24,959.5,17.15,4.44,4.97,NASA POWER Daily API,20.1
20250102,Petrolina - PE,-9.3891,-40.503,campo,sol,21.84,4.68,45.87,6.82,1.6,0.0,0,0.0,0.0,31.05,39.89,959.7,7.99,5.2,5.28,NASA POWER Daily API,36.69
20250103,Petrolina - PE,-9.3891,-40.503,manutencao,sol,11.26,6.82,357.37,11.59,1.6,0.0,0,0.0,3.0,31.16,36.44,959.4,13.4,4.76,4.72,NASA POWER Daily API,28.51
20250104,Petrolina - PE,-9.3891,-40.503,transporte,sol,8.22,7.21,227.2,21.15,2.6,0.0,0,0.0,1.0,31.69,39.6,959.0,10.25,7.27,4.37,NASA POWER Daily API,42.13
20250105,Petrolina - PE,-9.3891,-40.503,campo,garoa,21.69,0.64,250.35,6.64,2.6,0.28,0,4.0,0.0,32.47,40.71,958.5,7.56,7.42,4.08,NASA POWER Daily API,21.77
20250106,Petrolina - PE,-9.3891,-40.503,campo,garoa,26.83,5.55,210.58,11.58,1.6,0.3,0,4.0,0.0,32.27,42.31,958.9,14.43,2.51,4.13,NASA POWER Daily API,32.34
20250107,Petrolina - PE,-9.3891,-40.503,campo,garoa,11.6,4.73,323.51,13.33,1.6,0.18,0,4.0,0.0,31.99,42.81,958.9,1.36,6.75,3.28,NASA POWER Daily API,40.8
20250108,Petrolina - PE,-9.3891,-40.503,campo,garoa,21.84,6.15,326.49,10.89,2.6,0.19,0,4.0,0.0,31.67,44.18,959.1,1.82,7.46,3.16,NASA POWER Daily API,38.46
20250109,Petrolina - PE,-9.3891,-40.503,transporte,chuva,40.89,1.39,292.9,24.15,1.6,5.75,0,2.0,1.0,30.53,52.49,958.2,19.6,2.06,2.92,NASA POWER Daily API,57.44
20250110,Petrolina - PE,-9.3891,-40.503,campo,garoa,56.86,6.32,273.83,18.41,1.6,4.75,0,4.0,0.0,26.34,74.69,959.5,12.56,6.45,2.41,NASA POWER Daily API,54.69
20250111,Petrolina - PE,-9.3891,-40.503,transporte,chuva,78.77,0.16,358.23,21.53,1.6,9.47,1,2.0,1.0,27.33,70.56,959.6,3.12,5.52,1.83,NASA POWER Daily API,83.68
20250112,Petrolina - PE,-9.3891,-40.503,campo,chuva,80.82,0.99,281.79,9.4,1.6,6.43,1,2.0,0.0,27.02,73.91,959.5,37.51,3.17,2.19,NASA POWER Daily API,67.12
20250113,Petrolina - PE,-9.3891,-40.503,campo,chuva,100.0,3.88,115.04,14.32,2.6,13.09,1,2.0,0.0,26.21,75.38,959.3,2.87,7.67,2.98,NASA POWER Daily API,96.55
20250114,Petrolina - PE,-9.3891,-40.503,proximidade_agua,tempestade,100.0,2.31,189.1,6.85,3.6,25.08,1,3.0,2.0,26.01,77.05,959.6,4.31,3.98,2.68,NASA POWER Daily API,100.0
20250115,Petrolina - PE,-9.3891,-40.503,campo,tempestade,100.0,0.14,198.65,8.06,1.6,30.96,1,3.0,0.0,24.32,85.82,960.8,19.09,11.88,2.17,NASA POWER Daily API,97.25
20250116,Petrolina - PE,-9.3891,-40.503,proximidade_agua,garoa,100.0,7.06,289.22,11.15,2.6,2.92,0,4.0,2.0,25.4,80.1,961.4,5.85,6.74,0.92,NASA POWER Daily API,63.71
20250117,Petrolina - PE,-9.3891,-40.503,transporte,garoa,100.0,2.84,247.29,18.41,1.6,0.7,0,4.0,1.0,25.05,73.86,962.6,30.51,3.14,4.17,NASA POWER Daily API,60.1
20250118,Petrolina - PE,-9.3891,-40.503,campo,garoa,100.0,5.38,301.54,14.68,1.6,0.36,0,4.0,0.0,25.25,71.58,962.3,9.42,3.73,3.83,NASA POWER Daily API,57.78
20250119,Petrolina - PE,-9.3891,-40.503,proximidade_agua,garoa,100.0,2.27,297.01,9.0,1.6,0.54,0,4.0,2.0,25.26,71.02,961.8,2.71,20.46,2.68,NASA POWER Daily API,58.02
20250120,Petrolina - PE,-9.3891,-40.503,transporte,garoa,100.0,6.21,233.6,15.34,1.6,0.23,0,4.0,1.0,26.7,70.47,961.3,2.07,12.91,3.12,NASA POWER Daily API,65.35
20250121,Petrolina - PE,-9.3891,-40.503,campo,garoa,83.68,0.0,132.08,11.74,1.6,0.24,0,4.0,0.0,27.47,69.04,961.7,9.22,5.99,3.02,NASA POWER Daily API,43.45
20250122,Petrolina - PE,-9.3891,-40.503,campo,garoa,47.52,1.59,363.06,10.16,1.6,0.42,0,4.0,0.0,27.54,64.08,961.7,6.85,4.73,3.89,NASA POWER Daily API,32.46
20250123,Petrolina - PE,-9.3891,-40.503,campo,garoa,20.11,3.47,179.11,8.71,1.6,0.25,0,4.0,0.0,27.42,64.87,961.6,5.22,3.73,4.13,NASA POWER Daily API,24.24
20250124,Petrolina - PE,-9.3891,-40.503,campo,sol,20.87,3.31,162.71,4.64,1.6,0.0,0,0.0,0.0,26.92,61.68,961.2,3.54,5.07,4.93,NASA POWER Daily API,18.98
20250125,Petrolina - PE,-9.3891,-40.503,campo,sol,21.12,0.16,83.23,17.12,1.6,0.0,0,0.0,0.0,26.88,61.35,961.5,28.44,3.58,4.33,NASA POWER Daily API,33.38
20250126,Petrolina - PE,-9.3891,-40.503,proximidade_agua,sol,30.31,0.37,176.58,7.23,1.6,0.0,0,0.0,2.0,27.36,63.11,962.1,10.43,4.95,4.11,NASA POWER Daily API,25.96
20250127,Petrolina - PE,-9.3891,-40.503,campo,garoa,36.21,2.64,215.46,11.0,2.6,0.19,0,4.0,0.0,27.46,65.63,961.4,2.85,19.02,2.97,NASA POWER Daily API,39.48
20250128,Petrolina - PE,-9.3891,-40.503,campo,garoa,33.08,4.1,316.08,13.51,1.6,1.2,0,4.0,0.0,27.63,65.2,960.7,9.28,10.39,3.67,NASA POWER Daily API,35.7
20250129,Petrolina - PE,-9.3891,-40.503,transporte,chuva,74.06,3.08,263.82,15.67,2.6,13.89,0,2.0,1.0,27.43,69.25,960.8,1.03,4.58,3.32,NASA POWER Daily API,80.33
20250130,Petrolina - PE,-9.3891,-40.503,campo,chuva,66.38,0.0,328.23,17.13,2.6,7.58,0,2.0,0.0,26.26,72.6,960.9,6.86,9.46,4.35,NASA POWER Daily API,58.62
20250131,Petrolina - PE,-9.3891,-40.503,proximidade_agua,garoa,61.27,7.29,144.72,5.71,2.6,0.44,0,4.0,2.0,26.89,63.4,960.2,2.38,3.35,3.93,NASA POWER Daily API,49.18
20250201,Petrolina - PE,-9.3891,-40.503,proximidade_agua,sol,64.79,3.68,220.08,8.58,3.6,0.0,0,0.0,2.0,27.68,59.38,959.4,2.11,3.22,3.96,NASA POWER Daily API,51.81
20250202,Petrolina - PE,-9.3891,-40.503,campo,sol,60.42,8.89,150.79,6.91,2.6,0.0,0,0.0,0.0,27.48,61.84,959.3,15.62,4.44,3.93,NASA POWER Daily API,41.74
20250203,Petrolina - PE,-9.3891,-40.503,campo,sol,52.59,4.46,248.51,10.85,1.6,0.0,0,0.0,0.0,27.98,58.6,959.7,9.08,7.38,5.5,NASA POWER Daily API,37.48
20250204,Petrolina - PE,-9.3891,-40.503,campo,sol,64.03,1.36,297.48,19.7,2.6,0.0,0,0.0,0.0,27.55,57.6,960.3,5.86,4.88,6.28,NASA POWER Daily API,50.85
20250205,Petrolina - PE,-9.3891,-40.503,campo,sol,35.95,6.58,233.37,9.19,2.6,0.0,0,0.0,0.0,27.18,57.83,960.8,2.29,3.01,5.35,NASA POWER Daily API,40.77
20250206,Petrolina - PE,-9.3891,-40.503,proximidade_agua,garoa,23.88,0.44,254.76,5.96,1.6,0.45,0,4.0,2.0,27.07,64.89,961.0,16.77,2.12,5.07,NASA POWER Daily API,22.94
20250207,Petrolina - PE,-9.3891,-40.503,proximidade_agua,garoa,24.08,2.08,393.38,1.68,2.6,0.06,0,4.0,2.0,27.16,62.26,959.6,3.86,3.43,5.05,NASA POWER Daily API,21.18
20250208,Petrolina - PE,-9.3891,-40.503,transporte,sol,21.11,3.21,305.87,17.37,1.6,0.0,0,0.0,1.0,27.87,56.59,959.6,27.97,6.28,5.68,NASA POWER Daily API,34.88
20250209,Petrolina - PE,-9.3891,-40.503,proximidade_agua,garoa,20.74,0.0,279.78,11.58,2.6,0.01,0,4.0,2.0,28.27,54.5,960.1,4.39,6.59,5.2,NASA POWER Daily API,30.3
20250210,Petrolina - PE,-9.3891,-40.503,campo,garoa,29.33,7.3,344.68,6.5,3.6,0.04,0,4.0,0.0,28.18,59.76,960.1,5.63,13.0,5.54,NASA POWER Daily API,32.37
20250211,Petrolina - PE,-9.3891,-40.503,campo,sol,15.5,0.0,270.66,8.59,1.6,0.0,0,0.0,0.0,27.73,55.78,959.6,1.94,5.43,5.82,NASA POWER Daily API,24.86
20250212,Petrolina - PE,-9.3891,-40.503,proximidade_agua,sol,20.27,5.08,307.77,4.47,1.6,0.0,0,0.0,2.0,28.52,51.51,959.9,4.18,6.66,5.38,NASA POWER Daily API,24.45
20250213,Petrolina - PE,-9.3891,-40.503,campo,sol,15.66,3.17,324.38,14.3,2.6,0.0,0,0.0,0.0,28.77,51.32,960.6,7.69,3.57,4.82,NASA POWER Daily API,31.49
20250214,Petrolina - PE,-9.3891,-40.503,campo,sol,12.93,6.81,201.9,4.33,1.6,0.0,0,0.0,0.0,29.2,49.48,960.0,8.08,8.43,4.76,NASA POWER Daily API,19.88
20250215,Petrolina - PE,-9.3891,-40.503,proximidade_agua,sol,16.7,4.43,274.93,6.74,2.6,0.0,0,0.0,2.0,29.49,49.01,959.5,12.64,2.69,5.26,NASA POWER Daily API,27.71
20250216,Petrolina - PE,-9.3891,-40.503,proximidade_agua,sol,27.27,0.0,222.27,8.66,2.6,0.0,0,0.0,2.0,29.16,50.5,960.7,11.02,3.59,6.44,NASA POWER Daily API,28.6
20250217,Petrolina - PE,-9.3891,-40.503,campo,sol,24.57,2.42,159.75,11.59,3.6,0.0,0,0.0,0.0,29.2,51.56,960.7,1.39,3.09,5.73,NASA POWER Daily API,44.14
20250218,Petrolina - PE,-9.3891,-40.503,transporte,garoa,24.98,3.18,341.36,17.5,1.6,0.01,0,4.0,1.0,29.74,48.11,959.7,5.41,15.1,4.91,NASA POWER Daily API,36.19
20250219,Petrolina - PE,-9.3891,-40.503,manutencao,sol,17.53,0.0,278.73,2.87,2.6,0.0,0,0.0,3.0,30.03,47.8,960.5,10.93,6.39,4.76,NASA POWER Daily API,14.44
20250220,Petrolina - PE,-9.3891,-40.503,campo,sol,19.14,3.27,274.14,8.3,1.6,0.0,0,0.0,0.0,30.78,45.67,961.2,16.12,4.95,5.47,NASA POWER Daily API,22.99
20250221,Petrolina - PE,-9.3891,-40.503,transporte,garoa,19.28,7.9,216.37,16.59,2.6,0.2,0,4.0,1.0,30.15,50.64,961.5,2.45,6.27,5.63,NASA POWER Daily API,46.6
20250222,Petrolina - PE,-9.3891,-40.503,campo,garoa,18.54,0.56,359.75,8.82,1.6,0.03,0,4.0,0.0,29.99,47.52,961.2,5.87,4.68,5.62,NASA POWER Daily API,20.64
20250223,Petrolina - PE,-9.3891,-40.503,campo,sol,26.19,5.74,436.54,4.38,3.6,0.0,0,0.0,0.0,29.35,50.39,960.9,8.73,1.62,5.36,NASA POWER Daily API,27.1
20250224,Petrolina - PE,-9.3891,-40.503,campo,sol,21.9,5.42,168.5,13.48,1.6,0.0,0,0.0,0.0,29.66,48.09,960.9,3.9,5.98,5.6,NASA POWER Daily API,32.55
20250225,Petrolina - PE,-9.3891,-40.503,campo,sol,26.51,3.09,281.33,6.57,2.6,0.0,0,0.0,0.0,29.73,49.78,961.8,17.42,5.72,6.2,NASA POWER Daily API,25.0
20250226,Petrolina - PE,-9.3891,-40.503,campo,sol,24.53,0.0,181.25,15.36,1.6,0.0,0,0.0,0.0,29.67,48.5,961.8,7.22,1.3,5.48,NASA POWER Daily API,30.0
20250227,Petrolina - PE,-9.3891,-40.503,campo,garoa,20.71,6.55,234.11,6.25,1.6,0.07,0,4.0,0.0,30.01,48.77,960.8,12.68,3.37,5.67,NASA POWER Daily API,24.41
20250228,Petrolina - PE,-9.3891,-40.503,transporte,garoa,21.04,2.05,184.98,17.58,3.6,0.24,0,4.0,1.0,29.17,54.8,960.3,8.74,4.0,6.81,NASA POWER Daily API,38.41
20250301,Petrolina - PE,-9.3891,-40.503,proximidade_agua,garoa,15.87,0.0,155.13,0.0,1.6,0.04,0,4.0,2.0,28.73,47.22,960.9,1.58,9.71,6.9,NASA POWER Daily API,18.24
20250302,Petrolina - PE,-9.3891,-40.503,proximidade_agua,garoa,24.69,6.57,302.26,6.56,2.6,0.94,0,4.0,2.0,29.29,52.38,960.7,54.96,6.22,5.96,NASA POWER Daily API,32.99
20250303,Petrolina - PE,-9.3891,-40.503,transporte,garoa,35.71,3.89,327.57,21.15,2.6,0.02,0,4.0,1.0,29.52,53.16,960.6,2.53,3.74,7.19,NASA POWER Daily API,52.84
20250304,Petrolina - PE,-9.3891,-40.503,transporte,garoa,28.84,7.27,229.06,21.4,2.6,0.17,0,4.0,1.0,28.76,52.88,959.8,5.44,2.19,6.95,NASA POWER Daily API,48.8
20250305,Petrolina - PE,-9.3891,-40.503,campo,garoa,24.5,6.63,334.8,12.65,2.6,0.03,0,4.0,0.0,28.43,53.94,960.3,19.71,4.69,6.7,NASA POWER Daily API,35.74
20250306,Petrolina - PE,-9.3891,-40.503,campo,sol,21.72,7.72,207.54,9.9,1.6,0.0,0,0.0,0.0,29.26,51.47,961.2,5.1,9.55,7.0,NASA POWER Daily API,30.44
20250307,Petrolina - PE,-9.3891,-40.503,campo,sol,22.61,4.73,312.61,12.49,1.6,0.0,0,0.0,0.0,29.33,49.33,962.0,5.01,6.21,6.17,NASA POWER Daily API,30.8
20250308,Petrolina - PE,-9.3891,-40.503,campo,sol,13.21,1.6,167.35,15.97,1.6,0.0,0,0.0,0.0,29.46,48.51,961.2,4.77,3.77,6.21,NASA POWER Daily API,29.05
20250309,Petrolina - PE,-9.3891,-40.503,campo,sol,23.03,4.58,324.04,17.56,1.6,0.0,0,0.0,0.0,29.12,42.49,960.8,12.97,4.04,5.68,NASA POWER Daily API,37.11
20250310,Petrolina - PE,-9.3891,-40.503,campo,garoa,20.23,5.34,353.7,5.91,1.6,0.29,0,4.0,0.0,29.55,49.52,961.2,47.82,13.56,4.19,NASA POWER Daily API,22.78
20250311,Petrolina - PE,-9.3891,-40.503,campo,garoa,30.07,9.97,311.69,1.61,1.6,0.02,0,4.0,0.0,29.93,46.26,962.3,24.41,6.04,5.78,NASA POWER Daily API,24.96
20250312,Petrolina - PE,-9.3891,-40.503,campo,garoa,20.96,4.75,180.76,11.43,1.6,0.01,0,4.0,0.0,29.39,47.92,962.3,3.8,2.35,5.93,NASA POWER Daily API,29.01
20250313,Petrolina - PE,-9.3891,-40.503,transporte,sol,15.36,1.06,83.17,20.06,2.6,0.0,0,0.0,1.0,29.19,45.98,961.2,3.98,4.47,5.99,NASA POWER Daily API,38.44
20250314,Petrolina - PE,-9.3891,-40.503,proximidade_agua,sol,23.65,0.16,185.3,4.57,1.6,0.0,0,0.0,2.0,29.8,43.41,960.1,5.93,14.82,4.03,NASA POWER Daily API,20.42
20250315,Petrolina - PE,-9.3891,-40.503,campo,sol,24.45,1.96,149.88,11.85,2.6,0.0,0,0.0,0.0,30.95,45.17,959.9,19.35,5.04,3.88,NASA POWER Daily API,29.8
20250316,Petrolina - PE,-9.3891,-40.503,transporte,sol,18.94,3.15,349.83,20.95,1.6,0.0,0,0.0,1.0,31.18,41.83,961.3,14.28,4.86,4.78,NASA POWER Daily API,38.62
20250317,Petrolina - PE,-9.3891,-40.503,campo,garoa,24.41,0.0,156.62,10.11,1.6,0.03,0,4.0,0.0,30.52,44.29,961.9,22.17,2.27,4.79,NASA POWER Daily API,23.43
20250318,Petrolina - PE,-9.3891,-40.503,campo,garoa,15.48,8.44,305.13,13.07,1.6,0.01,0,4.0,0.0,30.47,44.15,961.1,2.11,15.11,4.22,NASA POWER Daily API,39.3
20250319,Petrolina - PE,-9.3891,-40.503,transporte,garoa,21.3,4.77,252.47,24.46,3.6,0.06,0,4.0,1.0,31.63,38.54,960.7,8.31,4.68,2.81,NASA POWER Daily API,49.77
20250320,Petrolina - PE,-9.3891,-40.503,campo,garoa,23.37,4.5,245.71,9.03,1.6,0.23,0,4.0,0.0,31.37,44.53,961.5,1.48,3.19,2.93,NASA POWER Daily API,38.68
20250321,Petrolina - PE,-9.3891,-40.503,campo,garoa,21.95,2.93,247.08,13.66,1.6,0.04,0,4.0,0.0,31.08,42.45,962.1,6.1,2.88,4.25,NASA POWER Daily API,30.21
20250322,Petrolina - PE,-9.3891,-40.503,campo,garoa,29.92,0.05,219.21,10.23,1.6,0.24,0,4.0,0.0,30.78,46.7,961.9,2.97,4.53,4.85,NASA POWER Daily API,31.48
20250323,Petrolina - PE,-9.3891,-40.503,campo,garoa,18.25,0.0,278.31,15.07,1.6,1.0,0,4.0,0.0,30.1,50.38,961.2,28.18,1.44,4.31,NASA POWER Daily API,28.7
20250324,Petrolina - PE,-9.3891,-40.503,manutencao,garoa,16.75,2.97,191.67,7.08,2.6,0.13,0,4.0,3.0,30.69,44.49,960.8,15.84,5.11,4.96,NASA POWER Daily API,22.71
20250325,Petrolina - PE,-9.3891,-40.503,campo,garoa,27.43,9.03,284.25,9.78,2.6,0.15,0,4.0,0.0,30.37,45.79,961.4,4.36,7.97,4.01,NASA POWER Daily API,35.67
20250326,Petrolina - PE,-9.3891,-40.503,transporte,garoa,24.21,0.0,81.97,17.23,1.6,0.01,0,4.0,1.0,30.93,39.0,960.6,1.34,3.54,4.07,NASA POWER Daily API,46.66
20250327,Petrolina - PE,-9.3891,-40.503,proximidade_agua,garoa,21.52,3.44,140.26,13.62,1.6,0.03,0,4.0,2.0,30.97,40.89,959.7,8.09,6.2,4.13,NASA POWER Daily API,34.58
20250328,Petrolina - PE,-9.3891,-40.503,campo,garoa,26.57,4.84,258.76,11.61,2.6,0.02,0,4.0,0.0,30.55,40.73,959.2,8.85,4.1,4.46,NASA POWER Daily API,33.23
20250329,Petrolina - PE,-9.3891,-40.503,campo,garoa,14.88,2.13,201.37,20.23,1.6,0.01,0,4.0,0.0,30.1,41.54,959.2,6.51,3.92,4.3,NASA POWER Daily API,35.49
20250330,Petrolina - PE,-9.3891,-40.503,proximidade_agua,garoa,28.47,5.55,83.8,11.88,1.6,0.03,0,4.0,2.0,30.44,44.09,959.5,59.7,4.32,4.91,NASA POWER Daily API,38.58
20250331,Petrolina - PE,-9.3891,-40.503,campo,garoa,21.37,0.56,157.36,13.8,1.6,0.01,0,4.0,0.0,30.52,45.58,960.6,2.11,7.76,5.85,NASA POWER Daily API,33.7
20250401,Petrolina - PE,-9.3891,-40.503,campo,garoa,25.66,4.48,230.89,17.8,2.6,0.03,0,4.0,0.0,30.41,46.46,960.8,6.95,6.35,7.11,NASA POWER Daily API,40.27
20250402,Petrolina - PE,-9.3891,-40.503,campo,sol,12.98,2.15,227.32,12.52,1.6,0.0,0,0.0,0.0,29.7,48.1,960.5,11.95,2.04,5.83,NASA POWER Daily API,25.24
20250403,Petrolina - PE,-9.3891,-40.503,proximidade_agua,sol,28.57,1.06,234.9,6.89,1.6,0.0,0,0.0,2.0,29.72,46.31,960.1,2.78,14.81,5.36,NASA POWER Daily API,31.74
20250404,Petrolina - PE,-9.3891,-40.503,campo,sol,15.52,0.49,235.23,2.25,2.6,0.0,0,0.0,0.0,30.06,44.77,961.1,10.69,6.29,5.02,NASA POWER Daily API,13.57
20250405,Petrolina - PE,-9.3891,-40.503,manutencao,sol,20.59,5.38,316.62,6.51,2.6,0.0,0,0.0,3.0,30.99,44.9,961.9,7.2,3.12,5.23,NASA POWER Daily API,25.55
20250406,Petrolina - PE,-9.3891,-40.503,transporte,sol,19.96,3.3,385.33,17.25,2.6,0.0,0,0.0,1.0,30.16,42.92,961.6,58.79,2.57,6.44,NASA POWER Daily API,36.61
20250407,Petrolina - PE,-9.3891,-40.503,transporte,sol,17.99,0.0,344.92,19.37,1.6,0.0,0,0.0,1.0,29.43,44.34,960.3,13.59,7.14,5.92,NASA POWER Daily API,33.05
20250408,Petrolina - PE,-9.3891,-40.503,transporte,sol,25.23,3.81,285.23,16.65,3.6,0.0,0,0.0,1.0,30.04,46.65,961.4,6.07,4.26,5.73,NASA POWER Daily API,40.12
20250409,Petrolina - PE,-9.3891,-40.503,campo,sol,11.22,6.5,177.05,0.91,2.6,0.0,0,0.0,0.0,30.72,45.48,961.6,11.27,4.6,4.77,NASA POWER Daily API,16.92
20250410,Petrolina - PE,-9.3891,-40.503,manutencao,garoa,14.78,0.0,251.99,7.59,1.6,0.01,0,4.0,3.0,30.94,46.3,960.4,1.37,3.69,2.97,NASA POWER Daily API,29.37
20250411,Petrolina - PE,-9.3891,-40.503,campo,garoa,25.45,2.05,146.07,16.82,2.6,1.37,0,4.0,0.0,31.15,47.09,959.2,2.71,5.77,2.5,NASA POWER Daily API,43.76
20250412,Petrolina - PE,-9.3891,-40.503,transporte,chuva,62.9,8.9,147.42,17.85,1.6,11.06,0,2.0,1.0,27.34,73.09,960.3,14.51,3.47,2.7,NASA POWER Daily API,68.97
20250413,Petrolina - PE,-9.3891,-40.503,campo,garoa,44.85,8.45,146.83,10.53,1.6,0.06,0,4.0,0.0,28.03,65.99,961.4,2.63,5.71,3.76,NASA POWER Daily API,44.99
20250414,Petrolina - PE,-9.3891,-40.503,proximidade_agua,sol,44.8,3.17,243.91,4.09,2.6,0.0,0,0.0,2.0,28.32,58.25,961.5,3.83,10.12,4.15,NASA POWER Daily API,31.47
20250415,Petrolina - PE,-9.3891,-40.503,campo,sol,35.7,0.34,177.61,12.81,1.6,0.0,0,0.0,0.0,28.8,56.12,961.1,6.27,23.33,3.84,NASA POWER Daily API,31.19
20250416,Petrolina - PE,-9.3891,-40.503,transporte,garoa,49.38,2.53,44.83,19.83,3.6,0.22,0,4.0,1.0,29.05,53.58,960.9,7.56,3.77,4.6,NASA POWER Daily API,63.76
20250417,Petrolina - PE,-9.3891,-40.503,transporte,garoa,39.54,0.95,264.9,17.64,1.6,0.07,0,4.0,1.0,28.76,51.99,961.6,11.52,3.23,4.66,NASA POWER Daily API,38.42
20250418,Petrolina - PE,-9.3891,-40.503,manutencao,sol,36.4,10.48,209.81,11.41,2.6,0.0,0,0.0,3.0,28.93,51.39,961.2,6.18,12.62,4.59,NASA POWER Daily API,41.78
20250419,Petrolina - PE,-9.3891,-40.503,transporte,sol,18.42,5.89,365.37,20.97,1.6,0.0,0,0.0,1.0,28.82,50.06,960.7,3.15,2.39,4.36,NASA POWER Daily API,41.36
20250420,Petrolina - PE,-9.3891,-40.503,campo,sol,15.15,3.72,126.33,13.13,2.6,0.0,0,0.0,0.0,28.92,45.41,959.0,17.13,2.92,3.32,NASA POWER Daily API,30.52
20250421,Petrolina - PE,-9.3891,-40.503,manutencao,garoa,23.47,0.0,332.19,3.01,2.6,0.01,0,4.0,3.0,29.7,44.86,957.8,1.65,2.43,3.92,NASA POWER Daily API,22.56
20250422,Petrolina - PE,-9.3891,-40.503,campo,garoa,27.41,2.45,213.37,12.08,1.6,0.84,0,4.0,0.0,29.45,48.83,959.1,16.17,10.35,5.32,NASA POWER Daily API,30.2
20250423,Petrolina - PE,-9.3891,-40.503,campo,garoa,20.47,0.17,138.04,6.89,2.6,0.05,0,4.0,0.0,29.27,50.09,960.2,17.45,7.9,5.27,NASA POWER Daily API,20.57
20250424,Petrolina - PE,-9.3891,-40.503,campo,garoa,16.06,4.66,137.99,14.71,3.6,0.01,0,4.0,0.0,28.55,45.95,960.2,27.91,1.3,4.9,NASA POWER Daily API,35.85
20250425,Petrolina - PE,-9.3891,-40.503,campo,garoa,18.01,2.61,265.13,13.47,2.6,0.04,0,4.0,0.0,28.95,48.89,959.4,51.17,7.41,4.1,NASA POWER Daily API,30.65
20250426,Petrolina - PE,-9.3891,-40.503,campo,sol,17.46,1.15,339.93,19.9,2.6,0.0,0,0.0,0.0,30.36,45.38,958.8,0.87,4.93,4.09,NASA POWER Daily API,48.99
20250427,Petrolina - PE,-9.3891,-40.503,proximidade_agua,garoa,18.99,7.01,332.16,8.79,1.6,0.01,0,4.0,2.0,30.64,42.7,959.2,2.3,5.14,4.03,NASA POWER Daily API,37.55
20250428,Petrolina - PE,-9.3891,-40.503,transporte,sol,13.63,5.11,81.05,7.02,1.6,0.0,0,0.0,1.0,30.26,43.97,959.5,27.23,11.44,3.83,NASA POWER Daily API,24.39
20250429,Petrolina - PE,-9.3891,-40.503,manutencao,garoa,11.3,5.43,192.54,14.1,1.6,0.41,0,4.0,3.0,30.25,42.63,958.9,17.65,3.15,2.6,NASA POWER Daily API,30.62
20250430,Petrolina - PE,-9.3891,-40.503,proximidade_agua,garoa,38.58,3.46,226.17,5.67,3.6,3.11,0,4.0,2.0,30.24,48.09,959.0,1.55,2.12,4.03,NASA POWER Daily API,43.06
20250501,Petrolina - PE,-9.3891,-40.503,campo,garoa,24.32,5.16,203.1,10.49,1.6,0.88,0,4.0,0.0,29.2,48.8,960.5,36.76,17.29,5.18,NASA POWER Daily API,30.29
20250502,Petrolina - PE,-9.3891,-40.503,campo,garoa,31.01,1.68,280.25,11.28,1.6,0.11,0,4.0,0.0,28.05,60.26,961.6,6.81,2.95,6.3,NASA POWER Daily API,28.71
20250503,Petrolina - PE,-9.3891,-40.503,transporte,garoa,29.79,7.66,349.89,23.22,1.6,0.06,0,4.0,1.0,27.9,61.85,962.2,3.49,12.1,7.02,NASA POWER Daily API,49.5
20250504,Petrolina - PE,-9.3891,-40.503,campo,garoa,34.19,8.41,240.54,10.66,1.6,0.14,0,4.0,0.0,26.86,63.23,962.5,7.91,5.52,6.03,NASA POWER Daily API,35.99
20250505,Petrolina - PE,-9.3891,-40.503,transporte,garoa,20.15,4.15,164.86,18.06,2.6,0.04,0,4.0,1.0,27.78,60.66,962.2,9.18,6.12,6.06,NASA POWER Daily API,38.61
20250506,Petrolina - PE,-9.3891,-40.503,transporte,garoa,34.18,2.62,221.68,19.33,2.6,0.23,0,4.0,1.0,27.7,62.68,962.2,6.78,3.97,6.0,NASA POWER Daily API,42.98
20250507,Petrolina - PE,-9.3891,-40.503,campo,garoa,27.74,6.98,306.05,12.38,2.6,0.31,0,4.0,0.0,27.82,60.19,962.1,2.47,8.08,5.95,NASA POWER Daily API,43.01
20250508,Petrolina - PE,-9.3891,-40.503,campo,garoa,8.93,5.23,267.7,13.69,1.6,0.08,0,4.0,0.0,28.08,59.38,962.0,7.22,4.02,5.83,NASA POWER Daily API,28.8
20250509,Petrolina - PE,-9.3891,-40.503,campo,garoa,21.0,2.24,251.47,13.5,1.6,0.01,0,4.0,0.0,27.82,55.26,962.5,4.64,2.68,6.15,NASA POWER Daily API,28.98
20250510,Petrolina - PE,-9.3891,-40.503,transporte,sol,34.51,2.15,246.09,12.29,1.6,0.0,0,0.0,1.0,27.83,57.53,963.7,3.26,2.6,6.07,NASA POWER Daily API,31.41
20250511,Petrolina - PE,-9.3891,-40.503,campo,garoa,21.88,4.17,101.51,17.11,2.6,0.06,0,4.0,0.0,27.46,59.9,964.3,1.53,3.17,5.78,NASA POWER Daily API,43.98
20250512,Petrolina - PE,-9.3891,-40.503,campo,garoa,22.95,0.0,319.19,12.67,1.6,0.23,0,4.0,0.0,26.56,65.14,963.8,12.2,4.53,7.11,NASA POWER Daily API,26.38
20250513,Petrolina - PE,-9.3891,-40.503,transporte,garoa,30.25,4.46,298.76,21.23,1.6,0.12,0,4.0,1.0,26.08,66.93,962.9,7.56,2.36,7.3,NASA POWER Daily API,43.85
20250514,Petrolina - PE,-9.3891,-40.503,manutencao,garoa,25.88,0.54,290.55,9.66,1.6,0.03,0,4.0,3.0,25.96,62.52,962.8,13.97,13.89,6.92,NASA POWER Daily API,23.87
20250515,Petrolina - PE,-9.3891,-40.503,transporte,garoa,24.88,0.0,404.35,16.67,3.6,0.01,0,4.0,1.0,26.23,60.56,962.8,23.91,3.42,6.55,NASA POWER Daily API,36.05
20250516,Petrolina - PE,-9.3891,-40.503,campo,garoa,27.27,6.12,280.39,13.21,1.6,0.04,0,4.0,0.0,26.13,63.02,962.8,2.03,6.24,6.96,NASA POWER Daily API,40.6
20250517,Petrolina - PE,-9.3891,-40.503,transporte,garoa,30.48,2.2,241.4,16.39,1.6,0.37,0,4.0,1.0,26.05,69.15,963.1,26.87,9.03,7.42,NASA POWER Daily API,35.73
20250518,Petrolina - PE,-9.3891,-40.503,proximidade_agua,garoa,23.27,2.32,239.7,1.46,1.6,0.16,0,4.0,2.0,26.05,62.9,963.5,20.66,1.45,7.81,NASA POWER Daily API,18.83
20250519,Petrolina - PE,-9.3891,-40.503,campo,garoa,33.46,4.2,156.36,15.28,1.6,0.21,0,4.0,0.0,25.82,61.11,963.5,5.9,2.65,7.45,NASA POWER Daily API,37.19
20250520,Petrolina - PE,-9.3891,-40.503,proximidade_agua,garoa,33.05,1.47,284.86,7.75,1.6,0.23,0,4.0,2.0,25.76,62.18,963.3,4.76,11.65,6.29,NASA POWER Daily API,28.8
20250521,Petrolina - PE,-9.3891,-40.503,proximidade_agua,garoa,31.28,3.9,190.48,5.59,2.6,0.22,0,4.0,2.0,25.65,66.49,963.9,4.17,2.96,6.48,NASA POWER Daily API,30.27
20250522,Petrolina - PE,-9.3891,-40.503,campo,garoa,31.05,7.06,201.55,8.36,1.6,0.03,0,4.0,0.0,26.8,62.22,964.0,9.56,10.68,5.83,NASA POWER Daily API,30.65
20250523,Petrolina - PE,-9.3891,-40.503,campo,sol,25.28,2.98,251.59,16.49,2.6,0.0,0,0.0,0.0,27.13,55.36,964.3,12.63,4.34,5.4,NASA POWER Daily API,36.92
20250524,Petrolina - PE,-9.3891,-40.503,transporte,garoa,27.45,1.83,240.84,21.8,2.6,0.09,0,4.0,1.0,27.17,63.12,964.4,8.33,2.92,5.85,NASA POWER Daily API,43.08
20250525,Petrolina - PE,-9.3891,-40.503,campo,garoa,25.81,0.0,269.25,14.3,1.6,0.05,0,4.0,0.0,26.4,63.19,964.8,13.36,7.02,6.97,NASA POWER Daily API,29.11
20250526,Petrolina - PE,-9.3891,-40.503,transporte,garoa,24.55,2.83,178.42,21.22,2.6,0.04,0,4.0,1.0,26.03,58.73,964.9,4.89,6.42,6.42,NASA POWER Daily API,42.49
20250527,Petrolina - PE,-9.3891,-40.503,campo,sol,17.2,5.01,81.42,11.28,1.6,0.0,0,0.0,0.0,25.35,61.29,965.5,7.33,5.08,6.33,NASA POWER Daily API,30.53
20250528,Petrolina - PE,-9.3891,-40.503,proximidade_agua,garoa,26.67,2.65,452.33,6.46,2.6,0.02,0,4.0,2.0,25.52,58.29,965.9,13.81,2.06,5.23,NASA POWER Daily API,28.47
20250529,Petrolina - PE,-9.3891,-40.503,campo,sol,18.18,4.46,343.11,7.75,1.6,0.0,0,0.0,0.0,26.77,58.66,965.2,0.6,3.29,4.26,NASA POWER Daily API,35.26
20250530,Petrolina - PE,-9.3891,-40.503,proximidade_agua,garoa,23.18,6.18,40.18,4.69,2.6,0.01,0,4.0,2.0,27.83,58.12,964.0,12.07,5.55,4.33,NASA POWER Daily API,43.85
20250531,Petrolina - PE,-9.3891,-40.503,transporte,garoa,20.0,10.41,122.95,12.63,2.6,0.01,0,4.0,1.0,27.18,56.39,964.8,40.55,22.29,5.96,NASA POWER Daily API,38.9
20250601,Petrolina - PE,-9.3891,-40.503,campo,garoa,26.62,0.0,317.69,1.92,1.6,0.04,0,4.0,0.0,26.21,59.16,965.3,8.27,6.69,5.42,NASA POWER Daily API,13.86
20250602,Petrolina - PE,-9.3891,-40.503,campo,garoa,31.6,0.0,203.05,8.09,2.6,2.52,0,4.0,0.0,26.56,66.4,965.8,9.66,6.74,6.4,NASA POWER Daily API,27.58
20250603,Petrolina - PE,-9.3891,-40.503,campo,garoa,35.92,2.89,188.23,14.47,1.6,0.79,0,4.0,0.0,25.6,62.68,965.7,5.4,8.91,6.64,NASA POWER Daily API,36.09
20250604,Petrolina - PE,-9.3891,-40.503,proximidade_agua,garoa,32.33,5.79,121.36,6.65,1.6,0.33,0,4.0,2.0,25.37,66.12,964.5,7.38,7.42,5.87,NASA POWER Daily API,31.84
20250605,Petrolina - PE,-9.3891,-40.503,transporte,garoa,33.14,3.44,216.45,24.4,1.6,0.02,0,4.0,1.0,25.99,60.13,964.3,16.3,2.12,5.67,NASA POWER Daily API,47.51
20250606,Petrolina - PE,-9.3891,-40.503,transporte,garoa,33.05,7.89,200.6,17.82,1.6,0.07,0,4.0,1.0,26.1,59.69,964.2,4.42,7.31,5.54,NASA POWER Daily API,43.98
20250607,Petrolina - PE,-9.3891,-40.503,campo,garoa,29.86,0.44,235.93,4.72,2.6,0.13,0,4.0,0.0,26.15,59.89,963.8,9.96,5.84,5.57,NASA POWER Daily API,21.03
20250608,Petrolina - PE,-9.3891,-40.503,campo,sol,31.7,3.01,266.43,15.76,1.6,0.0,0,0.0,0.0,26.3,58.2,963.5,2.59,1.8,5.44,NASA POWER Daily API,41.81
20250609,Petrolina - PE,-9.3891,-40.503,transporte,garoa,18.89,0.0,117.24,17.04,4.6,0.68,0,4.0,1.0,26.26,57.58,963.6,49.91,6.87,3.73,NASA POWER Daily API,37.5
20250610,Petrolina - PE,-9.3891,-40.503,proximidade_agua,tempestade,100.0,2.07,400.27,2.15,4.6,61.35,1,3.0,2.0,24.16,69.25,963.6,11.73,3.23,3.86,NASA POWER Daily API,100.0
20250611,Petrolina - PE,-9.3891,-40.503,transporte,sol,100.0,0.0,132.99,18.22,1.6,0.0,0,0.0,1.0,25.13,72.55,962.9,6.15,3.13,4.14,NASA POWER Daily API,56.21
20250612,Petrolina - PE,-9.3891,-40.503,campo,sol,100.0,0.0,237.06,20.15,1.6,0.0,0,0.0,0.0,25.18,68.64,962.8,1.84,11.11,5.19,NASA POWER Daily API,64.63
20250613,Petrolina - PE,-9.3891,-40.503,transporte,garoa,100.0,2.86,163.4,14.98,5.6,0.03,0,4.0,1.0,24.32,72.15,964.8,3.13,3.36,7.85,NASA POWER Daily API,63.8
20250614,Petrolina - PE,-9.3891,-40.503,campo,sol,100.0,0.5,241.57,11.43,1.6,0.0,0,0.0,0.0,23.72,69.06,966.7,12.4,3.86,8.68,NASA POWER Daily API,48.25
20250615,Petrolina - PE,-9.3891,-40.503,campo,garoa,100.0,3.65,233.93,14.9,1.6,0.04,0,4.0,0.0,23.27,69.26,967.2,2.43,0.98,6.77,NASA POWER Daily API,61.94
20250616,Petrolina - PE,-9.3891,-40.503,proximidade_agua,garoa,100.0,2.35,286.15,3.47,1.6,0.16,0,4.0,2.0,24.17,72.25,966.2,3.08,7.27,6.59,NASA POWER Daily API,44.4
20250617,Petrolina - PE,-9.3891,-40.503,transporte,garoa,43.33,1.39,297.85,16.76,2.6,0.32,0,4.0,1.0,24.08,75.89,966.0,5.43,5.76,6.31,NASA POWER Daily API,41.3
20250618,Petrolina - PE,-9.3891,-40.503,campo,garoa,34.65,0.05,235.96,8.49,1.6,1.22,0,4.0,0.0,23.31,69.59,966.8,3.5,6.08,6.98,NASA POWER Daily API,25.66
20250619,Petrolina - PE,-9.3891,-40.503,transporte,garoa,28.67,0.46,216.38,12.09,1.6,0.88,0,4.0,1.0,23.14,69.84,966.5,15.47,8.11,6.29,NASA POWER Daily API,28.47
20250620,Petrolina - PE,-9.3891,-40.503,campo,garoa,31.27,7.08,262.81,13.83,1.6,0.03,0,4.0,0.0,24.24,71.58,965.6,2.97,5.57,5.91,NASA POWER Daily API,43.57
20250621,Petrolina - PE,-9.3891,-40.503,transporte,garoa,32.74,1.74,225.91,13.87,2.6,0.01,0,4.0,1.0,24.38,66.84,964.4,3.4,7.21,5.0,NASA POWER Daily API,34.59
20250622,Petrolina - PE,-9.3891,-40.503,campo,garoa,28.34,0.0,226.08,9.16,1.6,0.01,0,4.0,0.0,24.18,63.5,963.5,4.52,1.89,5.0,NASA POWER Daily API,23.4
20250623,Petrolina - PE,-9.3891,-40.503,transporte,garoa,26.58,3.35,131.07,15.59,1.6,0.01,0,4.0,1.0,23.67,59.2,963.3,21.2,5.77,4.85,NASA POWER Daily API,34.43
20250624,Petrolina - PE,-9.3891,-40.503,proximidade_agua,sol,28.33,4.73,203.11,12.14,1.6,0.0,0,0.0,2.0,25.37,66.89,963.9,10.91,3.77,3.83,NASA POWER Daily API,36.08
20250625,Petrolina - PE,-9.3891,-40.503,proximidade_agua,garoa,22.78,2.83,222.89,1.77,1.6,0.29,0,4.0,2.0,25.96,68.62,963.7,12.53,3.12,5.04,NASA POWER Daily API,19.73
20250626,Petrolina - PE,-9.3891,-40.503,transporte,garoa,28.36,5.66,237.45,16.87,3.6,0.42,0,4.0,1.0,25.24,69.64,964.4,16.99,4.63,6.99,NASA POWER Daily API,43.68
20250627,Petrolina - PE,-9.3891,-40.503,transporte,garoa,31.13,0.0,275.78,15.78,2.6,0.09,0,4.0,1.0,24.29,67.24,965.5,19.48,1.87,5.71,NASA POWER Daily API,34.74
20250628,Petrolina - PE,-9.3891,-40.503,campo,garoa,32.21,2.77,191.92,14.17,2.6,0.15,0,4.0,0.0,24.54,68.69,965.5,7.85,12.75,6.66,NASA POWER Daily API,36.02
20250629,Petrolina - PE,-9.3891,-40.503,campo,garoa,29.35,2.54,211.25,5.13,2.6,0.01,0,4.0,0.0,23.82,60.32,965.5,2.21,8.66,5.81,NASA POWER Daily API,29.48
20250630,Petrolina - PE,-9.3891,-40.503,manutencao,garoa,35.31,1.16,176.96,3.8,1.6,0.74,0,4.0,3.0,23.52,69.56,966.0,14.58,4.16,5.38,NASA POWER Daily API,20.7
20250701,Petrolina - PE,-9.3891,-40.503,campo,garoa,30.72,0.0,262.18,10.63,2.6,0.15,0,4.0,0.0,24.68,65.82,966.5,1.48,2.52,5.28,NASA POWER Daily API,40.24
20250702,Petrolina - PE,-9.3891,-40.503,campo,garoa,29.68,0.33,274.82,11.47,1.6,0.14,0,4.0,0.0,24.15,64.96,967.2,7.7,9.61,6.59,NASA POWER Daily API,27.16
20250703,Petrolina - PE,-9.3891,-40.503,campo,garoa,35.68,1.03,163.79,10.18,2.6,0.05,0,4.0,0.0,23.66,64.47,967.0,16.52,5.41,6.26,NASA POWER Daily API,30.15
20250704,Petrolina - PE,-9.3891,-40.503,campo,garoa,33.32,4.69,103.81,12.81,1.6,0.05,0,4.0,0.0,23.48,66.44,966.5,1.61,5.79,5.79,NASA POWER Daily API,40.42
20250705,Petrolina - PE,-9.3891,-40.503,campo,sol,30.9,0.01,318.59,10.9,3.6,0.0,0,0.0,0.0,24.26,62.91,966.4,3.72,8.88,5.61,NASA POWER Daily API,30.65
20250706,Petrolina - PE,-9.3891,-40.503,transporte,garoa,22.36,3.08,233.98,12.62,2.6,0.02,0,4.0,1.0,24.25,65.45,966.0,21.58,8.99,5.95,NASA POWER Daily API,31.33
20250707,Petrolina - PE,-9.3891,-40.503,transporte,garoa,28.06,4.77,178.47,27.47,2.6,0.07,0,4.0,1.0,24.62,64.88,967.0,37.54,3.22,6.58,NASA POWER Daily API,53.42
20250708,Petrolina - PE,-9.3891,-40.503,campo,garoa,29.71,1.68,218.46,13.19,3.6,0.04,0,4.0,0.0,23.96,63.85,967.4,3.56,7.46,6.2,NASA POWER Daily API,34.94
20250709,Petrolina - PE,-9.3891,-40.503,manutencao,sol,23.77,2.07,285.96,15.97,1.6,0.0,0,0.0,3.0,24.05,60.35,967.4,5.24,3.37,5.3,NASA POWER Daily API,32.71
20250710,Petrolina - PE,-9.3891,-40.503,campo,sol,24.57,1.39,310.86,17.26,2.6,0.0,0,0.0,0.0,23.43,60.16,967.7,6.73,2.65,6.38,NASA POWER Daily API,36.0
20250711,Petrolina - PE,-9.3891,-40.503,transporte,garoa,21.99,6.35,285.28,30.05,2.6,0.05,0,4.0,1.0,23.66,63.96,967.2,11.81,3.65,6.9,NASA POWER Daily API,56.46
20250712,Petrolina - PE,-9.3891,-40.503,campo,garoa,23.89,3.83,313.87,10.33,1.6,0.07,0,4.0,0.0,22.96,62.47,967.2,24.72,11.26,7.08,NASA POWER Daily API,27.61
20250713,Petrolina - PE,-9.3891,-40.503,manutencao,sol,26.24,5.27,137.63,2.11,1.6,0.0,0,0.0,3.0,22.81,62.21,967.5,4.99,4.51,6.08,NASA POWER Daily API,19.48
20250714,Petrolina - PE,-9.3891,-40.503,campo,garoa,36.8,1.52,279.78,14.33,2.6,0.03,0,4.0,0.0,23.74,61.13,967.8,13.39,5.4,5.9,NASA POWER Daily API,36.17
20250715,Petrolina - PE,-9.3891,-40.503,campo,sol,25.33,5.82,70.52,15.68,1.6,0.0,0,0.0,0.0,24.15,60.32,966.6,8.93,3.12,6.15,NASA POWER Daily API,42.59
20250716,Petrolina - PE,-9.3891,-40.503,campo,sol,23.62,0.0,260.46,19.08,1.6,0.0,0,0.0,0.0,23.87,58.64,965.5,11.77,3.93,6.34,NASA POWER Daily API,34.38
20250717,Petrolina - PE,-9.3891,-40.503,campo,sol,16.86,3.24,237.64,12.83,2.6,0.0,0,0.0,0.0,23.66,59.28,965.8,7.98,6.87,5.58,NASA POWER Daily API,30.09
20250718,Petrolina - PE,-9.3891,-40.503,transporte,sol,14.48,5.02,216.04,23.58,2.6,0.0,0,0.0,1.0,24.8,56.97,965.7,2.71,6.18,5.0,NASA POWER Daily API,50.68
20250719,Petrolina - PE,-9.3891,-40.503,campo,sol,24.57,0.0,198.66,16.15,1.6,0.0,0,0.0,0.0,25.13,60.24,965.6,47.3,6.62,5.92,NASA POWER Daily API,31.0
20250720,Petrolina - PE,-9.3891,-40.503,transporte,sol,25.85,9.17,274.25,19.39,1.6,0.0,0,0.0,1.0,25.12,56.1,965.1,6.35,6.13,5.55,NASA POWER Daily API,45.06
20250721,Petrolina - PE,-9.3891,-40.503,manutencao,sol,20.31,2.8,191.59,10.68,1.6,0.0,0,0.0,3.0,24.86,55.82,964.9,9.48,6.48,5.46,NASA POWER Daily API,25.82
20250722,Petrolina - PE,-9.3891,-40.503,proximidade_agua,sol,5.0,0.2,290.12,4.23,1.6,0.0,0,0.0,2.0,24.98,55.92,965.2,17.57,4.28,5.63,NASA POWER Daily API,14.44
20250723,Petrolina - PE,-9.3891,-40.503,transporte,sol,24.34,2.86,283.3,8.47,1.6,0.0,0,0.0,1.0,25.6,57.85,966.0,2.82,1.24,5.33,NASA POWER Daily API,30.33
20250724,Petrolina - PE,-9.3891,-40.503,campo,sol,17.84,1.76,188.52,14.04,2.6,0.0,0,0.0,0.0,26.02,60.32,965.3,10.27,18.75,6.08,NASA POWER Daily API,30.64
20250725,Petrolina - PE,-9.3891,-40.503,transporte,garoa,26.81,2.37,188.27,16.48,3.6,0.01,0,4.0,1.0,24.99,55.69,965.1,3.93,1.93,6.6,NASA POWER Daily API,38.88
20250726,Petrolina - PE,-9.3891,-40.503,transporte,garoa,29.99,3.44,5.0,15.97,1.6,0.02,0,4.0,1.0,24.16,56.35,965.2,5.57,6.61,6.37,NASA POWER Daily API,61.53
20250727,Petrolina - PE,-9.3891,-40.503,transporte,sol,22.81,3.11,175.1,21.57,1.6,0.0,0,0.0,1.0,23.64,52.01,965.5,10.65,5.24,6.28,NASA POWER Daily API,40.51
20250728,Petrolina - PE,-9.3891,-40.503,transporte,sol,28.0,1.36,277.66,22.43,1.6,0.0,0,0.0,1.0,24.43,55.39,965.5,19.22,8.44,5.36,NASA POWER Daily API,41.31
20250729,Petrolina - PE,-9.3891,-40.503,transporte,sol,16.77,0.0,107.62,25.86,1.6,0.0,0,0.0,1.0,25.76,50.04,964.6,2.53,4.8,3.97,NASA POWER Daily API,46.8
20250730,Petrolina - PE,-9.3891,-40.503,campo,sol,30.68,2.13,267.84,8.49,2.6,0.0,0,0.0,0.0,26.63,46.0,964.6,3.74,3.32,4.86,NASA POWER Daily API,27.64
20250731,Petrolina - PE,-9.3891,-40.503,campo,sol,24.23,1.92,98.94,12.48,1.6,0.0,0,0.0,0.0,25.07,55.95,967.2,23.05,1.31,7.06,NASA POWER Daily API,28.33
20250801,Petrolina - PE,-9.3891,-40.503,transporte,garoa,21.74,0.91,348.03,15.71,2.6,0.15,0,4.0,1.0,23.96,67.11,968.5,34.63,1.4,7.6,NASA POWER Daily API,32.85
20250802,Petrolina - PE,-9.3891,-40.503,transporte,garoa,22.82,0.0,323.69,10.88,1.6,0.07,0,4.0,1.0,23.8,63.66,967.7,6.86,3.28,7.98,NASA POWER Daily API,23.95
20250803,Petrolina - PE,-9.3891,-40.503,proximidade_agua,sol,24.38,0.56,298.74,10.32,1.6,0.0,0,0.0,2.0,23.95,59.24,966.8,8.2,6.85,7.21,NASA POWER Daily API,28.24
20250804,Petrolina - PE,-9.3891,-40.503,campo,garoa,34.9,3.03,221.28,14.43,1.6,0.02,0,4.0,0.0,24.29,61.78,966.9,4.6,6.67,6.79,NASA POWER Daily API,35.15
20250805,Petrolina - PE,-9.3891,-40.503,transporte,garoa,27.85,2.74,252.99,23.32,1.6,0.01,0,4.0,1.0,24.78,58.25,966.8,7.4,1.0,6.29,NASA POWER Daily API,43.83
20250806,Petrolina - PE,-9.3891,-40.503,campo,sol,20.98,0.58,219.64,14.79,1.6,0.0,0,0.0,0.0,25.53,58.35,965.1,1.69,3.1,6.14,NASA POWER Daily API,34.83
20250807,Petrolina - PE,-9.3891,-40.503,campo,sol,33.68,0.67,301.05,11.24,2.6,0.0,0,0.0,0.0,25.57,54.82,964.6,12.4,2.93,6.43,NASA POWER Daily API,30.45
20250808,Petrolina - PE,-9.3891,-40.503,manutencao,sol,13.28,0.74,109.27,11.6,1.6,0.0,0,0.0,3.0,25.5,51.49,964.0,2.32,8.57,5.37,NASA POWER Daily API,28.7
20250809,Petrolina - PE,-9.3891,-40.503,campo,sol,22.39,4.99,209.19,16.09,1.6,0.0,0,0.0,0.0,26.28,48.58,963.1,10.19,4.26,3.06,NASA POWER Daily API,35.51
20250810,Petrolina - PE,-9.3891,-40.503,manutencao,garoa,19.08,0.2,348.34,1.86,1.6,0.01,0,4.0,3.0,27.97,46.74,962.5,6.23,6.19,3.29,NASA POWER Daily API,11.71
20250811,Petrolina - PE,-9.3891,-40.503,campo,garoa,18.32,0.87,408.78,8.9,1.6,0.01,0,4.0,0.0,28.37,47.17,962.0,22.4,9.27,4.46,NASA POWER Daily API,20.98
20250812,Petrolina - PE,-9.3891,-40.503,transporte,sol,31.13,9.44,261.2,16.91,2.6,0.0,0,0.0,1.0,27.32,52.57,962.3,7.86,5.48,5.45,NASA POWER Daily API,45.98
20250813,Petrolina - PE,-9.3891,-40.503,transporte,garoa,23.07,6.66,299.29,17.14,1.6,0.01,0,4.0,1.0,26.68,54.4,964.0,1.83,3.44,6.66,NASA POWER Daily API,44.79
20250814,Petrolina - PE,-9.3891,-40.503,campo,garoa,24.54,0.74,141.94,15.41,2.6,0.01,0,4.0,0.0,26.39,50.72,965.1,15.99,6.37,6.4,NASA POWER Daily API,33.0
20250815,Petrolina - PE,-9.3891,-40.503,campo,garoa,20.61,4.21,275.8,12.94,1.6,0.01,0,4.0,0.0,25.76,53.04,965.7,4.15,3.67,6.74,NASA POWER Daily API,30.23
20250816,Petrolina - PE,-9.3891,-40.503,transporte,garoa,18.54,0.0,222.37,23.45,2.6,0.01,0,4.0,1.0,25.76,55.35,965.5,9.57,8.93,7.12,NASA POWER Daily API,40.47
20250817,Petrolina - PE,-9.3891,-40.503,manutencao,garoa,21.82,9.31,268.72,11.66,2.6,0.06,0,4.0,3.0,25.25,54.48,965.1,17.38,3.39,6.97,NASA POWER Daily API,36.54
20250818,Petrolina - PE,-9.3891,-40.503,transporte,garoa,26.76,2.31,344.26,16.55,1.6,0.21,0,4.0,1.0,24.86,60.31,965.7,2.43,3.5,6.87,NASA POWER Daily API,40.78
20250819,Petrolina - PE,-9.3891,-40.503,campo,sol,16.07,0.0,225.38,20.89,1.6,0.0,0,0.0,0.0,24.12,56.01,966.3,32.29,4.01,8.07,NASA POWER Daily API,34.37
20250820,Petrolina - PE,-9.3891,-40.503,transporte,sol,19.12,2.6,230.93,18.04,4.6,0.0,0,0.0,1.0,23.56,49.76,966.6,3.06,2.55,6.49,NASA POWER Daily API,40.91
20250821,Petrolina - PE,-9.3891,-40.503,transporte,garoa,23.93,6.49,361.49,13.57,2.6,0.01,0,4.0,1.0,24.64,54.58,965.5,1.72,3.7,6.36,NASA POWER Daily API,42.56
20250822,Petrolina - PE,-9.3891,-40.503,proximidade_agua,garoa,20.85,0.44,225.58,12.1,1.6,0.01,0,4.0,2.0,25.78,56.04,964.2,8.34,1.41,7.19,NASA POWER Daily API,29.29
20250823,Petrolina - PE,-9.3891,-40.503,transporte,sol,23.87,5.83,71.25,17.64,1.6,0.0,0,0.0,1.0,24.93,53.13,964.9,4.35,5.09,7.41,NASA POWER Daily API,44.4
20250824,Petrolina - PE,-9.3891,-40.503,campo,garoa,20.96,6.73,109.01,11.76,1.6,0.08,0,4.0,0.0,25.77,53.17,965.2,18.01,4.63,5.9,NASA POWER Daily API,31.57
20250825,Petrolina - PE,-9.3891,-40.503,campo,garoa,22.76,3.38,236.91,14.95,1.6,0.02,0,4.0,0.0,26.25,54.35,965.7,2.57,5.58,7.06,NASA POWER Daily API,38.52
20250826,Petrolina - PE,-9.3891,-40.503,transporte,garoa,30.26,0.0,275.77,17.43,1.6,0.01,0,4.0,1.0,25.49,54.15,966.6,2.66,4.92,7.1,NASA POWER Daily API,40.32
20250827,Petrolina - PE,-9.3891,-40.503,transporte,garoa,18.96,7.64,98.74,21.41,2.6,0.05,0,4.0,1.0,25.43,55.92,966.6,11.65,7.33,6.43,NASA POWER Daily API,46.11
20250828,Petrolina - PE,-9.3891,-40.503,campo,garoa,20.5,4.82,310.81,18.21,1.6,0.01,0,4.0,0.0,25.69,51.0,966.2,6.11,1.48,6.85,NASA POWER Daily API,37.42
20250829,Petrolina - PE,-9.3891,-40.503,manutencao,garoa,19.64,5.77,189.12,6.69,1.6,0.09,0,4.0,3.0,25.42,53.99,964.4,3.91,1.65,6.58,NASA POWER Daily API,23.84
20250830,Petrolina - PE,-9.3891,-40.503,campo,garoa,20.89,4.5,212.46,14.02,1.6,0.08,0,4.0,0.0,25.73,49.74,964.5,21.42,5.45,6.64,NASA POWER Daily API,32.03
20250831,Petrolina - PE,-9.3891,-40.503,transporte,garoa,16.32,0.0,138.63,19.45,1.6,0.01,0,4.0,1.0,26.42,52.66,965.3,9.04,4.73,6.65,NASA POWER Daily API,32.66
20250901,Petrolina - PE,-9.3891,-40.503,campo,garoa,20.21,6.33,312.27,12.26,1.6,0.07,0,4.0,0.0,25.97,56.64,966.3,21.32,5.08,8.15,NASA POWER Daily API,31.54
20250902,Petrolina - PE,-9.3891,-40.503,proximidade_agua,garoa,22.9,2.58,221.35,6.54,2.6,0.15,0,4.0,2.0,25.29,57.63,966.2,4.31,2.06,9.01,NASA POWER Daily API,27.49
20250903,Petrolina - PE,-9.3891,-40.503,transporte,garoa,25.94,2.61,305.33,15.09,2.6,0.21,0,4.0,1.0,24.69,58.05,966.0,19.53,6.91,8.47,NASA POWER Daily API,35.17
20250904,Petrolina - PE,-9.3891,-40.503,campo,garoa,35.98,1.64,169.55,3.85,1.6,0.58,0,4.0,0.0,24.94,61.12,966.0,5.43,1.59,8.02,NASA POWER Daily API,21.32
20250905,Petrolina - PE,-9.3891,-40.503,campo,garoa,23.7,5.86,169.05,12.57,1.6,0.02,0,4.0,0.0,25.1,53.23,965.4,1.33,9.0,7.09,NASA POWER Daily API,44.43
20250906,Petrolina - PE,-9.3891,-40.503,campo,garoa,32.12,6.09,173.63,12.0,1.6,0.08,0,4.0,0.0,26.24,57.09,964.5,4.5,5.03,6.76,NASA POWER Daily API,34.55
20250907,Petrolina - PE,-9.3891,-40.503,proximidade_agua,garoa,28.62,8.07,192.98,13.15,1.6,0.03,0,4.0,2.0,26.1,54.47,965.6,2.13,4.56,7.25,NASA POWER Daily API,46.97
20250908,Petrolina - PE,-9.3891,-40.503,campo,garoa,20.62,0.0,138.7,9.55,1.6,0.03,0,4.0,0.0,25.3,54.94,965.9,23.78,1.29,7.43,NASA POWER Daily API,21.59
20250909,Petrolina - PE,-9.3891,-40.503,transporte,garoa,25.81,0.0,210.29,17.45,3.6,0.08,0,4.0,1.0,25.49,51.19,965.8,4.18,2.17,6.12,NASA POWER Daily API,37.37
20250910,Petrolina - PE,-9.3891,-40.503,transporte,garoa,18.67,1.31,248.99,17.03,1.6,0.1,0,4.0,1.0,27.49,48.65,964.2,80.0,7.22,5.36,NASA POWER Daily API,31.8
20250911,Petrolina - PE,-9.3891,-40.503,transporte,garoa,23.83,3.25,274.72,21.15,1.6,0.01,0,4.0,1.0,27.36,49.33,964.3,7.82,2.41,6.57,NASA POWER Daily API,40.45
20250912,Petrolina - PE,-9.3891,-40.503,campo,garoa,23.88,0.0,288.35,17.98,1.6,0.33,0,4.0,0.0,26.72,48.18,963.7,23.35,5.71,6.33,NASA POWER Daily API,33.39
20250913,Petrolina - PE,-9.3891,-40.503,campo,garoa,23.05,0.34,148.52,4.58,1.6,0.18,0,4.0,0.0,26.41,50.81,963.8,56.4,2.18,5.98,NASA POWER Daily API,16.61
20250914,Petrolina - PE,-9.3891,-40.503,manutencao,garoa,16.95,0.57,252.89,5.24,1.6,0.02,0,4.0,3.0,26.4,47.13,964.1,3.3,3.81,6.9,NASA POWER Daily API,15.69
20250915,Petrolina - PE,-9.3891,-40.503,campo,garoa,23.4,9.34,227.6,11.05,1.6,0.02,0,4.0,0.0,26.69,54.53,963.5,9.28,1.67,7.6,NASA POWER Daily API,34.1
20250916,Petrolina - PE,-9.3891,-40.503,proximidade_agua,garoa,24.25,5.55,176.07,8.11,1.6,0.06,0,4.0,2.0,26.74,53.26,963.1,3.06,6.93,7.19,NASA POWER Daily API,30.74
20250917,Petrolina - PE,-9.3891,-40.503,proximidade_agua,sol,21.0,8.05,273.82,0.47,3.6,0.0,0,0.0,2.0,27.18,49.31,962.5,9.78,1.16,6.34,NASA POWER Daily API,27.08
20250918,Petrolina - PE,-9.3891,-40.503,campo,sol,19.87,1.53,194.11,15.55,1.6,0.0,0,0.0,0.0,27.39,47.69,962.4,21.28,2.15,6.2,NASA POWER Daily API,30.45
20250919,Petrolina - PE,-9.3891,-40.503,campo,garoa,25.25,5.39,245.65,11.07,2.6,0.01,0,4.0,0.0,27.21,49.82,964.0,3.85,2.92,7.6,NASA POWER Daily API,32.67
20250920,Petrolina - PE,-9.3891,-40.503,campo,garoa,29.14,0.0,325.67,6.43,1.6,0.01,0,4.0,0.0,27.05,47.45,963.7,2.76,2.69,6.26,NASA POWER Daily API,26.23
20250921,Petrolina - PE,-9.3891,-40.503,proximidade_agua,garoa,23.55,2.26,460.13,7.92,2.6,0.04,0,4.0,2.0,27.95,48.47,962.2,3.44,3.69,5.5,NASA POWER Daily API,28.97
20250922,Petrolina - PE,-9.3891,-40.503,campo,garoa,23.55,7.13,169.05,14.65,1.6,0.03,0,4.0,0.0,28.39,48.64,962.3,11.16,3.08,5.17,NASA POWER Daily API,36.33
20250923,Petrolina - PE,-9.3891,-40.503,transporte,garoa,22.53,5.79,177.44,21.74,1.6,0.02,0,4.0,1.0,28.88,46.78,963.4,5.24,2.24,6.24,NASA POWER Daily API,43.47
20250924,Petrolina - PE,-9.3891,-40.503,transporte,sol,17.8,1.57,226.93,18.93,3.6,0.0,0,0.0,1.0,28.04,50.03,965.4,24.57,8.31,8.33,NASA POWER Daily API,38.39
20250925,Petrolina - PE,-9.3891,-40.503,transporte,sol,18.12,2.63,291.44,18.1,1.6,0.0,0,0.0,1.0,27.36,50.6,964.7,20.13,3.3,8.38,NASA POWER Daily API,34.26
20250926,Petrolina - PE,-9.3891,-40.503,transporte,sol,16.19,12.19,64.05,14.59,2.6,0.0,0,0.0,1.0,26.9,52.0,964.6,5.29,6.16,7.97,NASA POWER Daily API,49.27
20250927,Petrolina - PE,-9.3891,-40.503,campo,garoa,22.66,5.95,85.72,9.27,1.6,0.03,0,4.0,0.0,26.1,56.7,965.1,48.16,2.91,9.03,NASA POWER Daily API,29.39
20250928,Petrolina - PE,-9.3891,-40.503,transporte,garoa,25.48,3.17,168.93,13.52,1.6,0.01,0,4.0,1.0,26.02,56.24,965.6,12.12,4.12,8.42,NASA POWER Daily API,31.32
20250929,Petrolina - PE,-9.3891,-40.503,campo,sol,21.61,4.92,253.67,10.18,1.6,0.0,0,0.0,0.0,26.48,52.86,965.4,2.32,3.65,7.16,NASA POWER Daily API,33.81
20250930,Petrolina - PE,-9.3891,-40.503,transporte,garoa,22.76,5.02,160.71,14.7,2.6,0.01,0,4.0,1.0,26.74,49.44,964.7,19.25,4.38,7.15,NASA POWER Daily API,36.07
20251001,Petrolina - PE,-9.3891,-40.503,campo,sol,15.48,4.0,254.32,8.54,1.6,0.0,0,0.0,0.0,26.56,50.83,965.5,2.53,4.3,7.15,NASA POWER Daily API,28.96
20251002,Petrolina - PE,-9.3891,-40.503,transporte,sol,32.36,2.32,266.71,20.77,3.6,0.0,0,0.0,1.0,26.89,51.49,964.7,11.32,14.44,7.33,NASA POWER Daily API,45.85
20251003,Petrolina - PE,-9.3891,-40.503,transporte,sol,21.46,2.69,200.05,23.77,2.6,0.0,0,0.0,1.0,25.97,50.37,964.3,2.59,6.89,8.38,NASA POWER Daily API,50.56
20251004,Petrolina - PE,-9.3891,-40.503,transporte,sol,24.91,6.2,91.04,17.67,1.6,0.0,0,0.0,1.0,26.37,54.51,964.4,4.47,2.68,7.95,NASA POWER Daily API,39.51
20251005,Petrolina - PE,-9.3891,-40.503,campo,garoa,17.48,5.64,262.08,13.38,1.6,0.05,0,4.0,0.0,27.01,54.37,963.5,47.06,3.96,7.59,NASA POWER Daily API,31.38
20251006,Petrolina - PE,-9.3891,-40.503,proximidade_agua,garoa,25.76,2.26,403.67,10.55,2.6,0.01,0,4.0,2.0,27.45,52.13,961.9,19.69,3.69,7.06,NASA POWER Daily API,32.89
20251007,Petrolina - PE,-9.3891,-40.503,campo,sol,17.86,0.58,170.97,19.98,1.6,0.0,0,0.0,0.0,27.65,49.42,961.3,9.24,3.67,5.85,NASA POWER Daily API,34.38
20251008,Petrolina - PE,-9.3891,-40.503,campo,sol,17.8,8.72,254.73,15.36,1.6,0.0,0,0.0,0.0,28.07,46.52,961.5,3.19,5.24,6.21,NASA POWER Daily API,37.14
20251009,Petrolina - PE,-9.3891,-40.503,campo,garoa,27.83,0.6,181.39,15.66,1.6,0.02,0,4.0,0.0,28.08,51.68,962.6,6.0,1.16,7.3,NASA POWER Daily API,32.01
20251010,Petrolina - PE,-9.3891,-40.503,campo,sol,22.49,1.0,277.54,11.93,1.6,0.0,0,0.0,0.0,27.56,46.18,962.9,3.68,4.34,7.0,NASA POWER Daily API,26.15
20251011,Petrolina - PE,-9.3891,-40.503,transporte,sol,19.98,1.65,311.61,16.19,2.6,0.0,0,0.0,1.0,28.33,48.37,961.9,7.58,14.79,6.76,NASA POWER Daily API,33.55
20251012,Petrolina - PE,-9.3891,-40.503,transporte,sol,21.29,2.85,329.82,16.68,1.6,0.0,0,0.0,1.0,28.99,48.34,960.8,22.61,4.26,6.97,NASA POWER Daily API,33.67
20251013,Petrolina - PE,-9.3891,-40.503,transporte,garoa,24.21,4.59,224.7,21.75,2.6,0.01,0,4.0,1.0,28.77,46.37,960.7,9.88,6.6,6.42,NASA POWER Daily API,44.87
20251014,Petrolina - PE,-9.3891,-40.503,campo,sol,24.98,0.0,218.84,15.45,2.6,0.0,0,0.0,0.0,28.39,45.23,961.5,8.85,10.27,6.54,NASA POWER Daily API,32.4
20251015,Petrolina - PE,-9.3891,-40.503,campo,sol,22.81,4.96,216.16,13.04,1.6,0.0,0,0.0,0.0,28.07,46.73,961.9,50.51,5.19,7.4,NASA POWER Daily API,31.79
20251016,Petrolina - PE,-9.3891,-40.503,campo,sol,19.0,3.6,133.58,10.28,1.6,0.0,0,0.0,0.0,27.41,47.52,961.8,3.2,7.71,7.21,NASA POWER Daily API,25.77
20251017,Petrolina - PE,-9.3891,-40.503,campo,sol,15.53,2.52,209.09,12.24,3.6,0.0,0,0.0,0.0,28.05,45.77,961.6,3.14,3.33,5.72,NASA POWER Daily API,30.34
20251018,Petrolina - PE,-9.3891,-40.503,campo,sol,22.52,8.89,300.17,9.46,1.6,0.0,0,0.0,0.0,29.05,44.48,961.0,6.94,3.54,4.24,NASA POWER Daily API,31.36
20251019,Petrolina - PE,-9.3891,-40.503,transporte,sol,24.96,0.0,352.42,16.34,2.6,0.0,0,0.0,1.0,31.03,37.59,959.7,32.15,5.78,3.1,NASA POWER Daily API,33.52
20251020,Petrolina - PE,-9.3891,-40.503,transporte,garoa,20.53,6.24,273.45,23.51,1.6,0.54,0,4.0,1.0,31.65,38.85,960.2,1.42,13.51,4.4,NASA POWER Daily API,58.05
20251021,Petrolina - PE,-9.3891,-40.503,transporte,garoa,27.11,1.94,187.17,15.51,1.6,1.88,0,4.0,1.0,27.34,57.73,963.4,11.59,6.97,9.24,NASA POWER Daily API,34.78
20251022,Petrolina - PE,-9.3891,-40.503,transporte,garoa,27.5,1.66,325.13,16.63,1.6,0.21,0,4.0,1.0,25.77,60.25,964.3,17.87,4.9,9.16,NASA POWER Daily API,34.42
20251023,Petrolina - PE,-9.3891,-40.503,campo,garoa,22.6,6.6,279.81,13.06,1.6,0.01,0,4.0,0.0,27.02,49.94,964.2,9.29,4.41,7.99,NASA POWER Daily API,33.48
20251024,Petrolina - PE,-9.3891,-40.503,campo,garoa,24.95,5.23,335.61,7.22,1.6,0.2,0,4.0,0.0,26.76,55.63,964.0,14.29,3.95,8.24,NASA POWER Daily API,25.63
20251025,Petrolina - PE,-9.3891,-40.503,manutencao,garoa,24.37,4.85,113.23,10.46,1.6,0.08,0,4.0,3.0,27.58,52.1,963.3,17.8,4.86,8.05,NASA POWER Daily API,28.99
20251026,Petrolina - PE,-9.3891,-40.503,transporte,garoa,28.94,0.0,346.18,20.49,1.6,0.14,0,4.0,1.0,26.74,54.47,962.9,3.46,5.65,8.38,NASA POWER Daily API,37.87
20251027,Petrolina - PE,-9.3891,-40.503,campo,garoa,26.74,0.0,650.0,14.71,3.6,0.14,0,4.0,0.0,26.91,51.76,963.2,17.46,2.75,7.19,NASA POWER Daily API,34.28
20251028,Petrolina - PE,-9.3891,-40.503,campo,garoa,27.39,2.3,166.45,9.16,1.6,0.03,0,4.0,0.0,27.88,50.57,963.4,1.15,1.95,7.41,NASA POWER Daily API,37.55
20251029,Petrolina - PE,-9.3891,-40.503,transporte,garoa,24.2,11.06,226.48,13.24,1.6,0.04,0,4.0,1.0,27.68,47.18,963.5,14.41,8.73,6.7,NASA POWER Daily API,38.9
20251030,Petrolina - PE,-9.3891,-40.503,campo,garoa,22.76,3.3,292.63,6.66,1.6,0.06,0,4.0,0.0,28.61,44.69,962.0,53.98,4.83,4.9,NASA POWER Daily API,22.11
20251031,Petrolina - PE,-9.3891,-40.503,campo,garoa,7.45,7.94,328.25,4.95,1.6,0.06,0,4.0,0.0,29.12,48.92,961.2,4.37,5.73,5.5,NASA POWER Daily API,20.26
20251101,Petrolina - PE,-9.3891,-40.503,proximidade_agua,garoa,24.25,6.35,257.56,0.93,1.6,0.19,0,4.0,2.0,28.86,49.06,961.8,6.57,4.32,6.29,NASA POWER Daily API,22.73
20251102,Petrolina - PE,-9.3891,-40.503,campo,garoa,19.6,0.0,298.48,14.82,1.6,0.02,0,4.0,0.0,28.99,47.79,961.3,11.11,4.24,5.76,NASA POWER Daily API,27.86
20251103,Petrolina - PE,-9.3891,-40.503,transporte,garoa,15.41,7.94,228.26,11.52,1.6,0.05,0,4.0,1.0,29.4,47.04,961.4,1.02,5.68,4.17,NASA POWER Daily API,42.85
20251104,Petrolina - PE,-9.3891,-40.503,campo,garoa,14.34,0.0,277.81,11.62,1.6,0.05,0,4.0,0.0,31.43,41.65,960.7,23.19,2.95,4.28,NASA POWER Daily API,22.31
20251105,Petrolina - PE,-9.3891,-40.503,campo,garoa,24.26,6.39,194.26,6.36,1.6,0.05,0,4.0,0.0,31.79,43.32,960.6,4.88,9.67,4.67,NASA POWER Daily API,25.43
20251106,Petrolina - PE,-9.3891,-40.503,manutencao,garoa,21.22,5.08,212.2,3.91,1.6,1.38,0,4.0,3.0,31.48,41.78,959.9,10.04,8.13,3.08,NASA POWER Daily API,21.35
20251107,Petrolina - PE,-9.3891,-40.503,transporte,garoa,23.62,1.77,237.12,17.98,2.6,0.21,0,4.0,1.0,32.26,39.01,958.7,6.99,5.17,1.89,NASA POWER Daily API,37.48
20251108,Petrolina - PE,-9.3891,-40.503,campo,garoa,8.54,1.3,213.51,14.35,1.6,0.31,0,4.0,0.0,31.77,42.16,959.4,4.73,0.98,4.11,NASA POWER Daily API,25.64
20251109,Petrolina - PE,-9.3891,-40.503,transporte,garoa,21.59,5.6,232.32,24.11,1.6,0.41,0,4.0,1.0,30.95,40.82,960.1,7.11,5.65,3.67,NASA POWER Daily API,46.32
20251110,Petrolina - PE,-9.3891,-40.503,campo,garoa,22.12,4.53,252.85,11.13,1.6,0.03,0,4.0,0.0,30.67,39.99,960.9,1.51,3.5,6.67,NASA POWER Daily API,34.77
20251111,Petrolina - PE,-9.3891,-40.503,manutencao,garoa,19.71,2.75,347.96,7.43,1.6,0.04,0,4.0,3.0,28.92,45.87,961.8,23.07,4.22,7.34,NASA POWER Daily API,21.57
20251112,Petrolina - PE,-9.3891,-40.503,campo,garoa,12.85,2.59,288.05,10.06,1.6,0.03,0,4.0,0.0,28.63,45.2,962.0,4.68,3.53,7.61,NASA POWER Daily API,22.62
20251113,Petrolina - PE,-9.3891,-40.503,campo,garoa,16.63,8.33,255.7,4.16,1.6,0.06,0,4.0,0.0,27.53,41.59,962.6,7.11,9.55,6.98,NASA POWER Daily API,22.43
20251114,Petrolina - PE,-9.3891,-40.503,campo,garoa,19.6,8.96,139.15,15.59,1.6,0.03,0,4.0,0.0,27.96,45.43,962.6,4.59,3.47,6.82,NASA POWER Daily API,38.24
20251115,Petrolina - PE,-9.3891,-40.503,manutencao,garoa,21.84,4.92,305.63,9.54,4.6,0.02,0,4.0,3.0,28.21,44.12,961.6,7.97,13.36,6.71,NASA POWER Daily API,33.55
20251116,Petrolina - PE,-9.3891,-40.503,campo,garoa,6.29,0.0,184.87,12.52,1.6,0.07,0,4.0,0.0,28.79,43.82,960.5,16.46,1.21,5.8,NASA POWER Daily API,21.04
20251117,Petrolina - PE,-9.3891,-40.503,transporte,garoa,16.82,6.93,276.41,19.02,1.6,0.03,0,4.0,1.0,29.32,43.83,960.3,2.57,2.44,4.78,NASA POWER Daily API,45.57
20251118,Petrolina - PE,-9.3891,-40.503,campo,garoa,9.83,8.27,238.24,21.41,1.6,0.02,0,4.0,0.0,31.04,41.02,959.5,4.22,6.85,3.4,NASA POWER Daily API,41.89
20251119,Petrolina - PE,-9.3891,-40.503,campo,garoa,25.93,7.6,323.43,18.01,1.6,1.08,0,4.0,0.0,31.36,45.62,958.4,4.39,9.27,3.32,NASA POWER Daily API,42.85
20251120,Petrolina - PE,-9.3891,-40.503,campo,chuva,62.12,5.23,177.49,8.67,1.6,9.34,0,2.0,0.0,27.71,66.18,959.0,21.24,5.28,3.39,NASA POWER Daily API,51.85
20251121,Petrolina - PE,-9.3891,-40.503,campo,garoa,51.68,1.87,131.07,15.28,1.6,2.5,0,4.0,0.0,26.1,71.09,961.1,7.88,3.96,3.02,NASA POWER Daily API,42.38
20251122,Petrolina - PE,-9.3891,-40.503,campo,garoa,45.25,0.0,314.09,8.27,1.6,0.1,0,4.0,0.0,27.93,63.08,960.5,6.75,9.98,4.36,NASA POWER Daily API,27.45
20251123,Petrolina - PE,-9.3891,-40.503,manutencao,garoa,43.79,1.62,241.17,7.69,1.6,0.01,0,4.0,3.0,28.22,57.2,959.9,4.1,9.98,4.84,NASA POWER Daily API,27.91
20251124,Petrolina - PE,-9.3891,-40.503,transporte,sol,43.38,0.47,226.51,18.44,2.6,0.0,0,0.0,1.0,29.08,52.06,959.5,27.49,5.27,5.01,NASA POWER Daily API,42.18
20251125,Petrolina - PE,-9.3891,-40.503,campo,garoa,38.12,2.16,305.63,8.69,2.6,0.15,0,4.0,0.0,29.87,46.01,959.4,4.21,9.63,4.23,NASA POWER Daily API,30.34
20251126,Petrolina - PE,-9.3891,-40.503,campo,garoa,43.21,0.96,219.85,11.43,1.6,0.19,0,4.0,0.0,30.3,47.36,959.2,7.32,4.48,4.45,NASA POWER Daily API,31.93
20251127,Petrolina - PE,-9.3891,-40.503,proximidade_agua,garoa,20.06,0.81,260.71,1.59,2.6,0.04,0,4.0,2.0,30.17,48.54,959.6,27.99,5.25,5.23,NASA POWER Daily API,18.51
20251128,Petrolina - PE,-9.3891,-40.503,campo,sol,15.52,6.72,357.76,12.3,1.6,0.0,0,0.0,0.0,29.38,48.13,959.8,12.49,7.42,6.21,NASA POWER Daily API,30.54
20251129,Petrolina - PE,-9.3891,-40.503,campo,sol,25.36,6.08,171.13,16.1,1.6,0.0,0,0.0,0.0,29.01,51.05,958.9,0.68,3.84,5.13,NASA POWER Daily API,49.63
20251130,Petrolina - PE,-9.3891,-40.503,campo,garoa,21.88,5.68,246.39,21.04,1.6,0.02,0,4.0,0.0,30.27,48.26,957.8,1.12,5.77,3.92,NASA POWER Daily API,54.44
20251201,Petrolina - PE,-9.3891,-40.503,campo,garoa,16.82,2.05,163.41,8.73,1.6,1.6,0,4.0,0.0,31.21,44.43,957.8,8.32,4.28,4.12,NASA POWER Daily API,23.23
20251202,Petrolina - PE,-9.3891,-40.503,campo,garoa,18.92,2.05,125.44,5.99,1.6,0.35,0,4.0,0.0,30.24,46.41,958.4,1.55,2.6,4.25,NASA POWER Daily API,25.2
20251203,Petrolina - PE,-9.3891,-40.503,campo,garoa,29.1,7.13,286.07,11.98,2.6,0.01,0,4.0,0.0,30.15,48.64,959.0,40.16,5.35,3.99,NASA POWER Daily API,36.86
20251204,Petrolina - PE,-9.3891,-40.503,transporte,garoa,25.63,2.15,276.64,15.31,1.6,2.11,0,4.0,1.0,31.3,45.67,958.4,12.68,5.98,3.72,NASA POWER Daily API,34.64
20251205,Petrolina - PE,-9.3891,-40.503,campo,chuva,47.41,1.31,223.72,8.17,2.6,6.96,0,2.0,0.0,28.7,58.14,959.8,1.59,2.38,3.18,NASA POWER Daily API,48.53
20251206,Petrolina - PE,-9.3891,-40.503,transporte,tempestade,100.0,1.75,325.93,13.32,2.6,58.05,1,3.0,1.0,24.59,82.32,961.5,13.41,15.12,3.09,NASA POWER Daily API,100.0
20251207,Petrolina - PE,-9.3891,-40.503,transporte,sol,100.0,2.27,234.12,9.91,1.6,0.0,0,0.0,1.0,26.3,69.55,962.0,12.87,13.13,3.84,NASA POWER Daily API,48.21
20251208,Petrolina - PE,-9.3891,-40.503,transporte,sol,100.0,8.38,348.55,19.12,1.6,0.0,0,0.0,1.0,25.65,65.24,961.5,1.51,5.32,4.52,NASA POWER Daily API,72.14
20251209,Petrolina - PE,-9.3891,-40.503,proximidade_agua,garoa,100.0,0.0,364.54,9.82,4.6,0.03,0,4.0,2.0,26.26,62.46,961.3,3.88,3.74,4.04,NASA POWER Daily API,56.19
20251210,Petrolina - PE,-9.3891,-40.503,transporte,sol,100.0,8.65,233.59,21.07,2.6,0.0,0,0.0,1.0,27.32,60.46,961.0,5.01,9.91,3.48,NASA POWER Daily API,71.01
20251211,Petrolina - PE,-9.3891,-40.503,transporte,garoa,100.0,6.01,190.42,25.38,2.6,0.04,0,4.0,1.0,28.52,57.88,959.7,2.88,7.69,3.04,NASA POWER Daily API,79.68
20251212,Petrolina - PE,-9.3891,-40.503,campo,garoa,100.0,3.24,227.44,8.1,2.6,0.08,0,4.0,0.0,29.16,58.41,958.7,9.82,1.31,3.68,NASA POWER Daily API,49.28
20251213,Petrolina - PE,-9.3891,-40.503,transporte,garoa,27.62,2.03,317.25,17.81,2.6,0.13,0,4.0,1.0,28.87,58.41,959.0,0.88,4.35,3.55,NASA POWER Daily API,50.46
20251214,Petrolina - PE,-9.3891,-40.503,transporte,garoa,29.35,2.43,250.96,22.54,2.6,0.01,0,4.0,1.0,28.52,57.47,959.4,2.53,1.99,3.92,NASA POWER Daily API,51.17
20251215,Petrolina - PE,-9.3891,-40.503,campo,garoa,28.65,0.72,285.32,7.37,1.6,0.08,0,4.0,0.0,28.84,57.45,959.4,9.3,3.43,4.08,NASA POWER Daily API,22.12
20251216,Petrolina - PE,-9.3891,-40.503,campo,garoa,11.77,5.69,219.92,7.73,2.6,0.12,0,4.0,0.0,28.02,57.1,959.2,4.53,2.92,4.67,NASA POWER Daily API,24.93
20251217,Petrolina - PE,-9.3891,-40.503,campo,garoa,32.7,7.27,342.57,9.29,1.6,0.17,0,4.0,0.0,28.25,58.09,958.3,6.14,2.12,3.8,NASA POWER Daily API,32.78
20251218,Petrolina - PE,-9.3891,-40.503,campo,garoa,23.89,0.94,242.49,14.41,1.6,0.05,0,4.0,0.0,28.45,50.52,958.6,13.77,4.49,4.56,NASA POWER Daily API,29.75
20251219,Petrolina - PE,-9.3891,-40.503,campo,garoa,16.07,2.72,184.34,11.46,2.6,0.07,0,4.0,0.0,27.99,53.28,959.6,11.99,2.01,4.83,NASA POWER Daily API,27.69
20251220,Petrolina - PE,-9.3891,-40.503,campo,garoa,18.59,0.14,237.25,12.13,1.6,0.01,0,4.0,0.0,28.15,52.24,959.7,2.59,3.05,5.25,NASA POWER Daily API,30.36
20251221,Petrolina - PE,-9.3891,-40.503,proximidade_agua,garoa,19.88,4.17,187.74,10.05,1.6,0.02,0,4.0,2.0,28.38,48.05,959.6,22.06,3.86,5.02,NASA POWER Daily API,30.39
20251222,Petrolina - PE,-9.3891,-40.503,transporte,garoa,16.13,2.16,220.62,19.62,2.6,0.13,0,4.0,1.0,27.32,48.66,960.6,4.49,3.61,5.37,NASA POWER Daily API,37.35
20251223,Petrolina - PE,-9.3891,-40.503,campo,garoa,27.4,2.89,183.9,10.52,2.6,0.22,0,4.0,0.0,27.06,54.37,961.0,10.46,5.37,4.75,NASA POWER Daily API,30.2
20251224,Petrolina - PE,-9.3891,-40.503,transporte,garoa,27.7,3.58,212.82,20.45,2.6,1.3,0,4.0,1.0,28.22,50.86,959.3,2.21,3.34,6.16,NASA POWER Daily API,50.51
20251225,Petrolina - PE,-9.3891,-40.503,proximidade_agua,garoa,21.4,1.91,305.59,13.73,1.6,0.6,0,4.0,2.0,27.71,49.69,960.3,8.14,4.39,4.51,NASA POWER Daily API,33.6
20251226,Petrolina - PE,-9.3891,-40.503,proximidade_agua,sol,21.06,0.0,198.79,7.85,2.6,0.0,0,0.0,2.0,28.05,51.89,961.2,9.28,7.68,4.22,NASA POWER Daily API,25.72
20251227,Petrolina - PE,-9.3891,-40.503,campo,sol,20.52,0.71,212.77,11.85,1.6,0.0,0,0.0,0.0,29.75,48.4,960.6,8.12,3.29,3.24,NASA POWER Daily API,25.15
20251228,Petrolina - PE,-9.3891,-40.503,campo,garoa,20.18,0.1,69.76,12.39,1.6,0.18,0,4.0,0.0,31.06,43.98,959.0,2.5,6.98,3.47,NASA POWER Daily API,37.4
20251229,Petrolina - PE,-9.3891,-40.503,transporte,garoa,14.93,5.0,207.47,13.85,4.6,0.67,0,4.0,1.0,31.5,47.22,959.2,8.96,4.77,3.47,NASA POWER Daily API,37.62
20251230,Petrolina - PE,-9.3891,-40.503,campo,garoa,19.21,6.0,264.78,3.32,1.6,0.02,0,4.0,0.0,32.68,42.66,959.5,1.27,2.35,3.82,NASA POWER Daily API,32.18
20251231,Petrolina - PE,-9.3891,-40.503,transporte,garoa,18.22,2.79,227.12,18.76,2.6,0.17,0,4.0,1.0,31.57,45.52,961.3,10.15,5.94,3.71,NASA POWER Daily API,37.6
